 ,,,,,,,,,,,,,,,,,,,,,,,,,,,P,,,,,,T,T, ,,,,,,C,,PERS,,,,C,,PERS,,,,,,,,CLOSE,,,,,,,,,CLOSE,,,,,,,,,,,,,,,,,,,,,,,,,,,,,,,,,,,, ,,R,R,R,,,,,,,R,R,R,S,S,C,C,S,S,C,C,,A,A,A,A,A,A,A,A,A,A,A,A,A,A,A,A,A,A,A,A,A,A,A,A,A,A,A,A,A,A,A,A,A,A,A,A,A,A,A,A,A,A,A,A,A,A,A,A,A,A,A,A,A,A,A,A,A,A,A,A,A,A,A,A,A,A,A,A,A,A,A,A,A,A,A,A,A,A,A,A
I,,,,,,,,,1ST,1ST,,,,,2ND,2ND,,,,,3D,3D,,,,,O,P,P,,  ,,E,E, ,,,,,TOTAL,O,INIT,REINF,,FINAL,TOTAL,O,INIT,REINF,,FINAL,,,,MAIN,NO.,AIR,,,,,,,MAIN,NO.,AIR,,,,C,L,T,M,L,M,I,T,I,,KM,,,,Q,R,M,A,F,W,T,L,P,S,M,L,F,,P,P,P,S,S,S,E,E,E,P,P,P,S,S,S,E,E,E,T,T,A,A,T,T,A,A,,T,T,T,T,T,T,T,T,T,T,T,T,T,T,T,T,T,T,T,T,T,T,T,T,T,T,T,T,T,T,T,T,T,T,T,T,T,T,T,T,T,T,T,T,T,T,T,T,T,T,T,T,T,T,T,T,T,T,T,T,T,T,T,T,T,T,T,T,T,T,T,T,T,T,T,T,T,T,T,T
S,,,,,,,,,WIDTH,WIDTH,,,,,WIDTH,WIDTH,,,,,WIDTH,WIDTH,,,,,S,O,O,F,D,,R,R,,,,S,A,PERS,D,PERS,&,PERS,PERS,PERS,D,PERS,&,PERS,PERS,HORSE,TOT,LITE,BTTL,ARTY,SPT,ARMR,ARTY,ACFT,HORSE,TOT,LITE,BTTL,ARTY,SPT,ARMR,ARTY,ACFT,E,E,R,O,O,O,N,E,N,W,DIST,A,A,C,U,E,O,I,P,X,E,E,L,U,A,O,O,D,R,R,R,E,E,E,S,S,S,R,R,R,E,E,E,S,S,S,R,R,S,S,R,R,S,S,N,P,P,P,P,P,P,P,P,P,P,P,P,P,P,P,P,P,P,P,P,P,P,P,P,P,P,P,P,P,P,P,P,P,P,P,P,P,P,P,P,P,P,P,P,P,P,P,P,P,P,P,P,P,P,P,P,P,P,P,P,P,P,P,P,P,P,P,P,P,P,P,P,P,P,P,P,P,P,P,P
E,,,,,,,,,FRONT,FRONT,1ST,1ST,1ST,1ST,FRONT,FRONT,2ND,2ND,2ND,2ND,FRONT,FRONT,3D,3D,3D,3D,T,S,S,R,E,T,R,R,     WEATHER,,,U,E,STR,E,STR,REPL,CAS,STR,STR,E,STR,REPL,CAS,STR,CAV,TANK,TANK,TANK,TUBE,SORTS,LOSS,LOSS,LOSS,CAV,TANK,TANK,TANK,TUBE,SORTS,LOSS,LOSS,LOSS,A,A,N,R,G,M,T,C,I,I,ADV'D,C,C,R,A,S,B,R,R,A,R,A,A,R,N,G,R,E,I,I,I,C,C,C,O,O,O,I,I,I,C,C,C,O,O,O,A,A,A,A,D,D,D,D,O,B,B,B,B,E,E,E,E,B,B,B,B,E,E,E,E,B,B,B,B,E,E,E,E,B,B,B,B,E,E,E,E,B,B,B,B,E,E,E,E,B,B,B,B,E,E,E,E,B,B,B,B,E,E,E,E,B,B,B,B,E,E,E,E,B,B,B,B,E,E,E,E,B,B,B,B,E,E,E,E
Q,,,,,DESIGNATION OR NAME,,DESIGNATION OR NAME,,ATK,DEF,YEAR,MO,DA,HOUR,ATK,DEF,YEAR,MO,DA,HOUR,ATK,DEF,YEAR,MO,DA,HOUR,Y,T,T,O,P,I,A,A,-,-,-----,R,R,ATK, ,ATK,ATK,ATK,ATK,DEF, ,DEF,DEF,DEF,DEF,ATK,ATK,ATK,ATK,ATK,ATK,ATK,ATK,ATK,DEF,DEF,DEF,DEF,DEF,DEF,DEF,DEF,DEF,,D,G,A,S,N,E,H,T,N,ATK,H,H,I,L,A,I,A,E,,R,D,N,P,A,S,T,E,A,A,A,A,A,A,A,A,A,D,D,D,D,D,D,D,D,D, , , , , , , , ,A,Y,M,D,H,Y,M,D,H,Y,M,D,H,Y,M,D,H,Y,M,D,H,Y,M,D,H,Y,M,D,H,Y,M,D,H,Y,M,D,H,Y,M,D,H,Y,M,D,H,Y,M,D,H,Y,M,D,H,Y,M,D,H,Y,M,D,H,Y,M,D,H,Y,M,D,H,Y,M,D,H,Y,M,D,H,Y,M,D,H
N,WAR NAME,ENGAGEMENT NAME,LOCATION,CAMPAIGN,OF THE ATTACKING FORCE,ATTACKING FORCE COMMANDER,OF THE DEFENDING FORCE,DEFENDING FORCE COMMANDER, , ,,,,, , ,,,,, , ,,,,,P, , ,N,T,M, , , ,,,P,O,,A,,,,,,D,,,,,,,,,,,,,,,,,,,,,,,,A,A,L,A,T,L,A,A,A,  ,A,D,T,A,,L,,P,,A,A,A,A,,A,S,P, , , ,,,,,,,,,,,,,,,,P,M,P,M,P,M,P,M,T,R,N,A,R,R,N,A,R,R,N,A,R,R,N,A,R,R,N,A,R,R,N,A,R,R,N,A,R,R,N,A,R,R,N,A,R,R,N,A,R,R,N,A,R,R,N,A,R,R,N,A,R,R,N,A,R,R,N,A,R,R,N,A,R,R,N,A,R,R,N,A,R,R,N,A,R,R,N,A,R
O,WAR,NAME,LOCN,CAMPGN,NAMA,COA,NAMD,COD,WOFA1,WOFD1,YR1,MO1,DA1,HR1,WOFA2,WOFD2,YR2,MO2,DA2,HR2,WOFA3,WOFD3,YR3,MO3,DA3,HR3,E,1,2,T,H,E,1,2,WX1,WX2,WX3,A,A,STRA,,INTSTA,RERPA,CASA,FINSTA,STRD,,INTSTD,RERPD,CASD,FINSTD,CAVA,TANKA,LTA,MBTA,ARTYA,FLYA,CTANKA,CARTYA,CFLYA,CAVD,TANKD,LTD,MBTD,ARTYD,FLYD,CTANKD,CARTYD,CFLYD,,,,A,,A,A,,,,KMDA,,,,,,A,,A,,,A,,A,,A,A,A,1,2,3,1,2,3,1,2,3,1,2,3,1,2,3,1,2,3,L,I,L,I,L,I,L,I,P,1,1,1,1,1,1,1,1,2,2,2,2,2,2,2,2,3,3,3,3,3,3,3,3,4,4,4,4,4,4,4,4,5,5,5,5,5,5,5,5,6,6,6,6,6,6,6,6,7,7,7,7,7,7,7,7,8,8,8,8,8,8,8,8,9,9,9,9,9,9,9,9,10,10,10,10,10,10,10,10
---,---------------------------------------,------------------------------------------,--------------------,---------------------------------------,---------------------------------------,-----------------------------,---------------------------------------,----------------------------------------,----,----,----,--,--,----,----,----,----,--,--,----,----,----,----,--,--,----,-,--,--,-,-,-,---,---,-----,-----,-----,--,--,-------,-,-------,------,------,-------,-------,-,-------,------,------,-------,-----,----,----,----,-----,-----,-----,-----,----,-----,----,----,----,-----,-----,-----,-----,----,--,--,--,--,--,--,--,--,--,--,-----,-,-,-,--,--,--,--,--,--,--,--,--,--,--,--,--,--,--,--,--,--,--,--,--,--,--,--,--,--,--,--,--,--,--,--,---,---,---,---,---,---,---,---,--,----,--,--,----,----,--,--,----,----,--,--,----,----,--,--,----,----,--,--,----,----,--,--,----,----,--,--,----,----,--,--,----,----,--,--,----,----,--,--,----,----,--,--,----,----,--,--,----,----,--,--,----,----,--,--,----,----,--,--,----,----,--,--,----,----,--,--,----,----,--,--,----,----,--,--,----,----,--,--,----
525,"WORLD WAR II, OKINAWA",KOCHI RIDGE-ONAGA I,OKINAWA,OKINAWA (US 7TH INF DIV SECTOR),US 7TH INF DIV(+),MG ARNOLD,JAP 22ND INF RGT,LCOL YOSHIDA,3,3,9999,99,99,9999,-1,-1,9999,99,99,9999,-1,-1,9999,99,99,9999,0,FD,OO,0,0,0,GM0,RM0,WLT$T,00000,00000,0,1,14594,1,14594,-1,269,-1,5000,1,5000,-1,1324,-1,0,126,56,70,203,125,3,-1,-1,0,0,0,0,40,0,0,-1,0,0,0,0,0,0,0,-1,0,0,-1,0.0,3,7,1,0,0,0,1,0,-1,-1,0,0,0,0,0,-1,-1,DE,00,00,00,00,00,RR,SS,00,DD,00,00,00,00,00,00,00,00,0,-5,5,-5,20,-20,20,-20,1,1945,04,25,9999,1945,04,27,9999,,,,,,,,,,,,,,,,,,,,,,,,,,,,,,,,,,,,,,,,,,,,,,,,,,,,,,,,,,,,,,,,,,,,,,,,
526,"WORLD WAR II, OKINAWA",KOCHI RIDGE-ONAGA II,OKINAWA,OKINAWA (US 7TH INF DIV SECTOR),US 7TH INF DIV(+),MG ARNOLD,JAP 22ND INF RGT,LCOL YOSHIDA,3,3,9999,99,99,9999,-1,-1,9999,99,99,9999,-1,-1,9999,99,99,9999,0,FD,OO,0,0,0,GM0,RM0,DST$T,00000,00000,0,1,15986,1,15986,-1,182,-1,4500,1,4500,-1,814,-1,0,123,56,67,226,129,11,-1,-1,0,0,0,0,40,0,0,-1,0,0,0,0,0,0,0,0,0,0,-1,0.0,4,8,1,0,0,0,1,0,0,-1,0,0,0,0,0,-1,-1,EE,LF,00,EE,RF,00,RR,SS,00,DD,00,00,00,00,00,00,00,00,0,-5,5,-5,20,-20,20,-20,1,1945,04,28,9999,1945,04,29,9999,,,,,,,,,,,,,,,,,,,,,,,,,,,,,,,,,,,,,,,,,,,,,,,,,,,,,,,,,,,,,,,,,,,,,,,,
527,"WORLD WAR II, OKINAWA",KOCHI RIDGE-ONAGA III,OKINAWA,OKINAWA (US 7TH INF DIV SECTOR),US 7TH INF DIV(+),MG ARNOLD,JAP 22ND INF RGT(+),LCOL YOSHIDA,3,3,9999,99,99,9999,-1,-1,9999,99,99,9999,-1,-1,9999,99,99,9999,0,FD,OO,0,0,0,GM0,RM0,DST$T,WHT$T,00000,0,1,15764,1,15764,-1,398,-1,4050,1,4050,-1,2276,-1,0,126,70,56,329,269,4,-1,-1,0,0,0,0,40,0,0,-1,0,0,0,0,0,0,-1,0,0,0,-1,0.4,3,7,1,0,0,0,1,0,-1,-1,0,0,0,0,0,-1,-1,DE,00,00,00,00,00,RR,SS,00,DO,00,00,00,00,00,00,00,00,0,-5,5,-5,20,-20,20,-20,1,1945,04,30,9999,1945,05,03,9999,,,,,,,,,,,,,,,,,,,,,,,,,,,,,,,,,,,,,,,,,,,,,,,,,,,,,,,,,,,,,,,,,,,,,,,,
528,"WORLD WAR II, OKINAWA",JAPANESE COUNTERATTACK,OKINAWA,OKINAWA (US 7TH INF DIV SECTOR),JAP 24TH DIV(-),LG AMAMIYA,US 7TH INF DIV(+),MG ARNOLD,1.8,1.8,9999,99,99,9999,-1,-1,9999,99,99,9999,-1,-1,9999,99,99,9999,0,HD,OO,0,0,0,GM0,RM0,DST$T,00000,00000,0,-1,6850,1,6850,-1,3704,-1,15350,1,15350,-1,339,-1,0,0,0,0,60,-1,0,25,-1,0,140,73,67,198,175,0,-1,-1,0,0,0,0,0,0,0,-1,1,-1,0.0,3,8,1,-1,0,-1,-1,-1,0,0,0,0,0,0,0,0,0,FF,EE,LF,00,00,00,RR,00,00,DD,00,00,00,00,00,00,00,00,20,-20,20,-20,0,-5,5,-5,1,1945,05,04,9999,1945,05,05,9999,,,,,,,,,,,,,,,,,,,,,,,,,,,,,,,,,,,,,,,,,,,,,,,,,,,,,,,,,,,,,,,,,,,,,,,,
529,"WORLD WAR II, OKINAWA",KOCHI RIDGE IV,OKINAWA,OKINAWA (US 7TH INF DIV SECTOR),US 7TH INF DIV(+),MG ARNOLD,JAP 24TH DIV(-),LG AMAMIYA,2.2,2.2,9999,99,99,9999,-1,-1,9999,99,99,9999,-1,-1,9999,99,99,9999,0,FD,OO,0,0,0,GM0,RM0,DST$T,WLT$T,00000,0,1,15109,1,15109,-1,114,-1,5140,1,5140,-1,1464,-1,0,140,73,67,209,173,0,-1,-1,0,0,0,0,30,0,0,-1,0,0,0,0,0,0,0,0,0,0,1,1.4,8,5,1,1,0,1,1,0,0,-1,0,0,0,0,0,-1,-1,FF,00,00,00,00,00,PP,00,00,DD,00,00,00,00,00,WL,00,00,0,-5,5,-5,20,-20,20,-20,1,1945,05,06,9999,1945,05,07,9999,,,,,,,,,,,,,,,,,,,,,,,,,,,,,,,,,,,,,,,,,,,,,,,,,,,,,,,,,,,,,,,,,,,,,,,,
530,"WORLD WAR II, OKINAWA",SHURI ENVELOPMENT (PHASE I),OKINAWA,OKINAWA (US 7TH INF DIV SECTOR),US 7TH INF DIV(+),MG ARNOLD,JAP 3RD SPEC ESTAB RGT(+),LG USHIJIMA,3.6,3.6,9999,99,99,9999,-1,-1,9999,99,99,9999,-1,-1,9999,99,99,9999,0,PD,OO,0,0,0,GM0,RM0,WHT$T,00000,00000,3,1,16043,1,16043,-1,170,-1,3338,1,3338,-1,478,-1,0,0,0,0,50,21,0,-1,-1,0,0,0,0,2,0,0,-1,0,0,0,0,1,0,0,0,0,0,1,1.0,7,4,1,0,0,0,1,1,-1,-1,0,0,1,0,0,-1,-1,EE,RF,00,00,00,00,PP,00,00,DD,00,00,00,00,00,WD,00,00,0,-5,5,-5,20,-20,20,-20,1,1945,05,22,9999,1945,05,23,9999,,,,,,,,,,,,,,,,,,,,,,,,,,,,,,,,,,,,,,,,,,,,,,,,,,,,,,,,,,,,,,,,,,,,,,,,
531,"WORLD WAR II, OKINAWA",JAPANESE COUNTERATTACKS,OKINAWA,OKINAWA (US 7TH INF DIV SECTOR),JAP 24TH DIV(-),LG AMAMIYA,US 7TH INF DIV(+),MG ARNOLD,3.6,3.6,9999,99,99,9999,-1,-1,9999,99,99,9999,-1,-1,9999,99,99,9999,0,HD,OO,0,0,0,RM0,000,WLT$T,WHT$T,00000,2,-1,4000,1,4000,0,1269,2731,15777,1,15777,0,241,15536,0,0,0,0,8,0,0,-1,0,0,0,0,0,157,43,0,-1,-1,0,0,0,0,0,0,0,-1,0,-1,0.0,6,7,2,0,0,0,-1,-1,0,0,0,0,0,0,0,0,0,FF,EE,RF,FF,00,00,RR,00,00,DD,00,00,00,00,00,00,00,00,20,-20,20,-20,0,-5,5,-5,1,1945,05,24,9999,1945,05,25,9999,,,,,,,,,,,,,,,,,,,,,,,,,,,,,,,,,,,,,,,,,,,,,,,,,,,,,,,,,,,,,,,,,,,,,,,,
532,"WORLD WAR II, OKINAWA",SHURI ENVELOPMENT (PHASE II),OKINAWA,OKINAWA (US 7TH INF DIV SECTOR),US 7TH INF DIV(+),MG ARNOLD,JAP 24TH DIV(-)(+),LG AMAMIYA,4,4,9999,99,99,9999,-1,-1,9999,99,99,9999,-1,-1,9999,99,99,9999,1,FD,DL,1,0,0,GM0,000,WHT$T,00000,00000,0,1,15840,1,15840,-1,124,-1,3000,1,3000,-1,434,-1,0,0,0,0,171,0,0,-1,0,0,0,0,0,24,0,0,-1,0,0,0,0,1,0,0,0,0,0,-1,1.0,6,7,2,0,0,0,1,1,-1,-1,0,0,0,0,0,-1,-1,FF,00,00,FF,00,00,RR,WD,00,DD,00,00,00,00,00,00,00,00,0,-5,5,-5,20,-20,20,-20,1,1945,05,26,9999,1945,05,27,9999,,,,,,,,,,,,,,,,,,,,,,,,,,,,,,,,,,,,,,,,,,,,,,,,,,,,,,,,,,,,,,,,,,,,,,,,
533,"WORLD WAR II, OKINAWA",SHURI ENVELOPMENT (PHASE III),OKINAWA,OKINAWA (US 7TH INF DIV SECTOR),US 7TH INF DIV(+),MG ARNOLD,JAP 24TH DIV(-)(+),LG AMAMIYA,4,4,9999,99,99,9999,-1,-1,9999,99,99,9999,-1,-1,9999,99,99,9999,1,FD,DL,1,0,0,GM0,RM0,WHT$T,00000,00000,0,1,15205,1,15205,-1,182,-1,2600,1,2600,-1,2564,-1,0,79,17,62,150,47,0,-1,-1,0,0,0,0,3,0,0,-1,0,1,0,0,1,0,0,0,0,0,1,0.9,6,5,2,1,0,1,1,1,-1,-1,0,0,0,0,0,-1,-1,FF,00,00,FF,00,00,PP,SS,00,DD,00,00,00,00,00,00,00,00,0,-5,5,-5,20,-20,20,-20,1,1945,05,29,9999,1945,05,31,9999,,,,,,,,,,,,,,,,,,,,,,,,,,,,,,,,,,,,,,,,,,,,,,,,,,,,,,,,,,,,,,,,,,,,,,,,
534,"WORLD WAR II, OKINAWA",HILL 95-I,OKINAWA,OKINAWA (US 7TH INF DIV SECTOR),US 7TH INF DIV(+),MG ARNOLD,JAP 44TH IND MIXED BDE(-),LG USHIJIMA,2.5,2.5,9999,99,99,9999,-1,-1,9999,99,99,9999,-1,-1,9999,99,99,9999,0,FD,OO,0,0,0,GM0,000,DSTST,00000,00000,0,1,16091,1,16091,-1,193,-1,3500,1,3500,-1,1222,-1,0,122,44,78,129,98,0,-1,-1,0,0,0,0,12,0,0,-1,0,1,0,0,1,0,0,0,0,0,0,1.5,7,7,2,1,0,0,1,1,0,-1,0,0,0,0,0,-1,-1,FF,00,00,00,00,00,PP,SS,00,DD,00,00,00,00,00,00,00,00,0,-5,5,-5,20,-20,20,-20,1,1945,06,06,9999,1945,06,08,9999,,,,,,,,,,,,,,,,,,,,,,,,,,,,,,,,,,,,,,,,,,,,,,,,,,,,,,,,,,,,,,,,,,,,,,,,
535,"WORLD WAR II, OKINAWA",HILL 95-II,OKINAWA,OKINAWA (US 7TH INF DIV SECTOR),US 7TH INF DIV(+),MG ARNOLD,JAP 44TH IND MIXED BDE,LG USHIJIMA,2,2,9999,99,99,9999,-1,-1,9999,99,99,9999,-1,-1,9999,99,99,9999,0,FD,OO,0,0,0,GM0,000,DSTST,00000,00000,0,1,16002,1,16002,-1,248,-1,2500,1,2500,-1,1470,-1,0,122,44,78,180,53,0,-1,-1,0,0,0,0,12,0,0,-1,0,1,0,0,1,0,0,0,0,1,1,0.9,8,5,1,1,0,1,1,1,0,-1,0,0,0,0,0,-1,-1,FF,00,00,00,00,00,PP,SS,00,DD,00,00,00,00,00,00,00,00,0,-5,5,-5,20,-20,20,-20,1,1945,06,09,9999,1945,06,11,9999,,,,,,,,,,,,,,,,,,,,,,,,,,,,,,,,,,,,,,,,,,,,,,,,,,,,,,,,,,,,,,,,,,,,,,,,
536,"WORLD WAR II, OKINAWA",YAEJU-DAKE,OKINAWA,OKINAWA (US 7TH INF DIV SECTOR),US 7TH INF DIV(+),MG ARNOLD,JAP 44TH IND MIXED BDE(-),LG USHIJIMA,1.5,1.5,9999,99,99,9999,-1,-1,9999,99,99,9999,-1,-1,9999,99,99,9999,0,FD,OO,0,0,0,GM0,000,DSTST,00000,00000,0,1,5237,1,5237,-1,48,-1,2500,1,2500,-1,2401,-1,0,40,14,26,53,0,0,-1,-1,0,0,0,0,6,0,0,-1,0,1,0,0,1,0,0,0,0,1,1,0.3,8,5,1,1,0,1,1,0,0,-1,0,0,0,0,0,-1,-1,FF,00,00,00,00,00,PP,SS,00,DD,00,00,00,00,00,00,00,00,0,-5,5,-5,20,-20,20,-20,1,1945,06,12,9999,1945,06,12,9999,,,,,,,,,,,,,,,,,,,,,,,,,,,,,,,,,,,,,,,,,,,,,,,,,,,,,,,,,,,,,,,,,,,,,,,,
537,"WORLD WAR II, OKINAWA",HILLS 153 AND 115,OKINAWA,OKINAWA (US 7TH INF DIV SECTOR),US 7TH INF DIV(+),MG ARNOLD,JAP 44TH IND MIXED BDE(-),LG USHIJIMA,3,3,9999,99,99,9999,-1,-1,9999,99,99,9999,-1,-1,9999,99,99,9999,0,FD,OO,0,0,0,GM0,000,DSTST,00000,00000,0,1,15808,1,15808,-1,317,-1,2000,1,2000,-1,1971,-1,0,109,39,70,141,27,0,-1,-1,0,0,0,0,6,0,0,-1,0,1,0,0,1,0,0,0,0,1,1,0.9,8,5,1,1,1,1,1,1,0,-1,0,0,0,0,0,-1,0,FF,00,00,00,00,00,PP,00,00,DD,00,00,00,00,00,AA,00,00,0,-5,5,-5,20,-20,20,-20,1,1945,06,15,9999,1945,06,17,9999,,,,,,,,,,,,,,,,,,,,,,,,,,,,,,,,,,,,,,,,,,,,,,,,,,,,,,,,,,,,,,,,,,,,,,,,
538,"WORLD WAR II, OKINAWA",ADVANCE FROM THE BEACH,OKINAWA,OKINAWA (US 96TH INF DIV SECTOR),US 96TH DIV(+),MG BRADLEY,JAP 1ST SPEC EST RGT(-),LCOL AOYANAGI,5,5,1945, 4, 2,9999,6,6,1945, 4, 3,9999,-1,-1,9999,99,99,9999,0,DL,OO,0,0,0,RM0,GM0,DST$T,00000,00000,0,1,19082,1,19082,-1,282,-1,2000,1,2000,-1,1588,-1,0,138,77,61,95,395,5,-1,-1,0,0,0,0,0,0,0,0,0,1,0,1,0,0,0,0,0,1,1,6.6,6,4,1,1,0,1,1,1,0,-1,0,1,0,0,0,0,0,FF,00,00,00,00,00,PP,00,00,DD,00,00,00,00,00,WL,00,00,0,-5,5,-5,20,-20,20,-20,1,1945,04,02,9999,1945,04,04,9999,,,,,,,,,,,,,,,,,,,,,,,,,,,,,,,,,,,,,,,,,,,,,,,,,,,,,,,,,,,,,,,,,,,,,,,,
539,"WORLD WAR II, OKINAWA",ADVANCE TO SHURI LINE OUTPOSTS,OKINAWA,OKINAWA (US 96TH INF DIV SECTOR),US 96TH DIV(+),MG BRADLEY,JAP 12TH IND INF BN(-)(+),LG FUJIOKA,4,4,9999,99,99,9999,-1,-1,9999,99,99,9999,-1,-1,9999,99,99,9999,0,FD,OO,0,0,0,RM0,GM0,DOT$T,00000,00000,0,1,18388,1,18388,-1,555,-1,2900,1,2900,-1,2470,-1,0,74,18,56,174,315,9,-1,-1,0,0,0,0,32,0,0,-1,0,0,0,0,0,0,0,0,0,0,1,1.6,6,5,2,1,0,1,1,1,0,-1,0,0,0,0,0,-1,-1,FF,00,00,00,00,00,00,00,00,DD,00,00,00,00,00,00,00,00,0,-5,5,-5,20,-20,20,-20,1,1945,04,05,9999,1945,04,08,9999,,,,,,,,,,,,,,,,,,,,,,,,,,,,,,,,,,,,,,,,,,,,,,,,,,,,,,,,,,,,,,,,,,,,,,,,
540,"WORLD WAR II, OKINAWA",KAKAZU AND TOMBSTONE RIDGES,OKINAWA,OKINAWA (US 96TH INF DIV SECTOR),US 96TH DIV(+),MG BRADLEY,JAP 12TH IND INF BN(+),LG FUJIOKA,3.8,3.8,9999,99,99,9999,-1,-1,9999,99,99,9999,-1,-1,9999,99,99,9999,0,FD,OO,0,0,0,RM0,GM0,WHT$T,00000,00000,0,1,21247,1,21247,-1,1079,-1,3000,1,3000,-1,2468,-1,0,0,0,0,246,166,0,-1,-1,0,0,0,0,32,0,0,-1,0,0,0,0,0,0,0,0,0,0,-1,0.4,4,7,1,0,0,0,0,1,-1,-1,0,0,0,0,0,-1,-1,FF,DE,00,FF,00,00,RR,00,00,DO,FF,00,00,00,00,PP,00,00,0,-5,5,-5,20,-20,20,-20,1,1945,04,09,9999,1945,04,12,9999,,,,,,,,,,,,,,,,,,,,,,,,,,,,,,,,,,,,,,,,,,,,,,,,,,,,,,,,,,,,,,,,,,,,,,,,
541,"WORLD WAR II, OKINAWA",NISHIBARU RIDGE-TANABARU ESCARPMENT,OKINAWA,OKINAWA (US 96TH INF DIV SECTOR),US 96TH DIV(+),MG BRADLEY,JAP 12TH IND INF BN(+),LG FUJIOKA,2.3,2.3,1945, 4,19,9999,1.8,1.8,1945, 4,23,9999,-1,-1,9999,99,99,9999,0,FD,OO,0,0,0,RM0,GM0,DST$T,DOT$T,00000,0,1,17163,1,17163,-1,879,-1,3000,1,3000,-1,2860,-1,0,100,26,74,228,637,11,-1,-1,0,0,0,0,34,0,0,-1,0,0,0,0,0,0,1,0,1,1,1,1.5,6,4,1,1,0,1,1,1,0,-1,0,0,0,0,0,-1,-1,FF,DE,00,00,00,00,PP,00,00,DD,00,00,00,00,00,WL,00,00,0,-5,5,-5,20,-20,20,-20,1,1945,04,19,9999,1945,04,23,9999,,,,,,,,,,,,,,,,,,,,,,,,,,,,,,,,,,,,,,,,,,,,,,,,,,,,,,,,,,,,,,,,,,,,,,,,
542,"WORLD WAR II, OKINAWA",MAEDA ESCARPMENT,OKINAWA,OKINAWA (US 96TH INF DIV SECTOR),US 96TH DIV(+),MG BRADLEY,JAP 62ND DIV(-)(+),LG FUJIOKA,2.1,2.1,9999,99,99,9999,-1,-1,9999,99,99,9999,-1,-1,9999,99,99,9999,0,FD,OO,0,0,0,RM0,GM0,WHT$T,DST$T,00000,0,1,18095,1,18095,-1,479,-1,3900,1,3900,-1,3810,-1,0,97,31,66,200,225,10,-1,-1,0,0,0,0,36,0,0,-1,0,0,0,0,0,-1,0,0,1,1,1,1.6,5,4,2,1,-1,1,1,1,-1,-1,0,0,0,0,-1,-1,-1,FF,00,00,FF,00,00,PP,SS,00,DO,FF,00,00,00,00,RR,WL,SS,0,-5,5,-5,20,-20,20,-20,1,1945,04,26,9999,1945,04,29,9999,,,,,,,,,,,,,,,,,,,,,,,,,,,,,,,,,,,,,,,,,,,,,,,,,,,,,,,,,,,,,,,,,,,,,,,,
543,"WORLD WAR II, OKINAWA",ATTACK ON SHURI LINE'S EASTERN FLANK I,OKINAWA,OKINAWA (US 96TH INF DIV SECTOR),US 96TH DIV(+),MG BRADLEY,JAP 24TH INF DIV(-)(+),LG AMAMIYA,2.3,2.3,9999,99,99,9999,-1,-1,9999,99,99,9999,-1,-1,9999,99,99,9999,0,FD,OO,0,0,0,RM0,GM0,DST$T,00000,00000,0,1,19714,1,19714,-1,502,-1,5284,1,5284,-1,4038,-1,0,121,45,76,157,162,6,-1,-1,0,0,0,0,34,0,0,-1,0,0,0,0,0,0,0,0,1,1,0,0.9,5,5,2,0,0,1,1,1,0,-1,0,0,0,0,0,-1,-1,FF,00,00,FF,00,00,RR,PP,SS,DO,FF,00,00,00,00,RR,SS,00,0,-5,5,-5,20,-20,20,-20,1,1945,05,11,9999,1945,05,13,9999,,,,,,,,,,,,,,,,,,,,,,,,,,,,,,,,,,,,,,,,,,,,,,,,,,,,,,,,,,,,,,,,,,,,,,,,
544,"WORLD WAR II, OKINAWA",ATTACK ON SHURI LINE'S EASTERN FLANK II,OKINAWA,OKINAWA (US 96TH INF DIV SECTOR),US 96TH DIV(+),MG BRADLEY,JAP 24TH INF DIV(-)(+),LG AMAMIYA,2.5,2.5,9999,99,99,9999,-1,-1,9999,99,99,9999,-1,-1,9999,99,99,9999,0,FD,OO,0,0,0,RM0,GM0,DST$T,00000,00000,0,1,20973,1,20973,-1,590,-1,4757,1,4757,-1,4328,-1,0,129,59,70,210,240,4,-1,-1,0,0,0,0,34,0,0,-1,0,0,0,0,0,0,0,0,1,1,0,0.5,5,5,2,0,0,1,1,1,0,-1,0,0,0,0,0,-1,-1,FF,00,00,FF,00,00,PP,SS,00,DD,00,00,00,00,00,00,00,00,0,-5,5,-5,20,-20,20,-20,1,1945,05,14,9999,1945,05,18,9999,,,,,,,,,,,,,,,,,,,,,,,,,,,,,,,,,,,,,,,,,,,,,,,,,,,,,,,,,,,,,,,,,,,,,,,,
545,"WORLD WAR II, OKINAWA",ATTACK ON SHURI LINE'S EASTERN FLANK III,OKINAWA,OKINAWA (US 96TH INF DIV SECTOR),US 96TH DIV(+),MG BRADLEY,JAP 24TH INF DIV(+),LG AMAMIYA,2.9,2.9,9999,99,99,9999,-1,-1,9999,99,99,9999,-1,-1,9999,99,99,9999,0,FD,OO,0,0,0,RM0,GM0,WLT$T,00000,00000,0,1,19658,1,19658,-1,313,-1,4227,1,4227,-1,3022,-1,0,140,73,67,183,45,3,-1,-1,0,0,0,0,34,0,0,-1,0,0,0,0,1,0,0,0,1,1,1,1.0,7,5,1,1,0,1,1,1,0,-1,0,0,0,0,0,-1,0,EE,RF,00,FF,00,00,PP,SS,00,DD,00,00,00,00,00,00,00,00,0,-5,5,-5,20,-20,20,-20,1,1945,05,20,9999,1945,05,21,9999,,,,,,,,,,,,,,,,,,,,,,,,,,,,,,,,,,,,,,,,,,,,,,,,,,,,,,,,,,,,,,,,,,,,,,,,
546,"WORLD WAR II, OKINAWA",ADVANCE TO YUZA-DAKE/YAEJU-DAKE ESCARPMENT,OKINAWA,OKINAWA (US 96TH INF DIV SECTOR),US 96TH DIV(+),MG BRADLEY,JAP 24TH INF DIV(-),LG AMAMIYA,3,3,9999,99,99,9999,-1,-1,9999,99,99,9999,-1,-1,9999,99,99,9999,2,PD,FD,0,0,0,RM0,GM0,DSTST,00000,00000,0,1,18777,1,18777,-1,112,-1,4000,1,4000,-1,798,-1,0,113,46,67,177,151,0,-1,-1,0,0,0,0,21,0,0,-1,0,1,0,1,1,-1,0,0,1,1,1,2.0,5,3,1,1,0,1,1,1,0,-1,0,0,0,0,-1,1,0,FF,00,00,00,00,00,RR,PP,SS,DD,00,00,00,00,00,00,00,00,0,-5,5,-5,20,-20,20,-20,1,1945,06,06,9999,1945,06,09,9999,,,,,,,,,,,,,,,,,,,,,,,,,,,,,,,,,,,,,,,,,,,,,,,,,,,,,,,,,,,,,,,,,,,,,,,,
547,"WORLD WAR II, OKINAWA",ATTACK ON YUZA-DAKE/YAEJU-DAKE ESCARPMENT,OKINAWA,OKINAWA (US 96TH INF DIV SECTOR),US 96TH DIV(+),MG BRADLEY,JAP 24TH INF DIV(-),LG AMAMIYA,3,3,9999,99,99,9999,-1,-1,9999,99,99,9999,-1,-1,9999,99,99,9999,2,PD,FD,0,0,0,RM0,GM0,DOTST,00000,00000,0,1,18660,1,18660,-1,88,-1,4250,1,4250,-1,1006,-1,0,117,50,67,172,0,2,-1,0,0,0,0,0,11,0,0,-1,0,1,0,1,1,0,1,0,1,1,0,0.6,5,5,2,1,0,1,1,1,0,-1,0,0,0,0,0,-1,0,FF,00,00,00,00,00,RR,PP,SS,DD,00,00,00,00,00,00,00,00,0,-5,5,-5,20,-20,20,-20,1,1945,06,10,9999,1945,06,11,9999,,,,,,,,,,,,,,,,,,,,,,,,,,,,,,,,,,,,,,,,,,,,,,,,,,,,,,,,,,,,,,,,,,,,,,,,
548,"WORLD WAR II, OKINAWA",CAPTURE OF YUZA-DAKE/YAEJU-DAKE ESCARPMENT,OKINAWA,OKINAWA (US 96TH INF DIV SECTOR),US 96TH DIV(+),MG BRADLEY,JAP 44TH IND MIXED BDE(-)(+),LG USHIJIMA,3,3,1945, 6,12,9999,2.3,2.3,1945, 6,17,9999,-1,-1,9999,99,99,9999,2,PD,FD,0,0,0,GM0,000,DSTST,00000,00000,0,1,19047,1,19047,-1,576,-1,3250,1,3250,-1,3200,-1,0,115,50,65,206,76,4,-1,-1,0,0,0,0,5,0,0,-1,0,1,0,1,1,1,1,0,1,1,1,1.8,7,2,1,1,1,1,1,1,1,-1,0,0,0,0,0,-1,0,FF,00,00,00,00,00,PP,00,00,DD,00,00,00,00,00,AA,00,00,0,-5,5,-5,20,-20,20,-20,1,1945,06,12,9999,1945,06,17,9999,,,,,,,,,,,,,,,,,,,,,,,,,,,,,,,,,,,,,,,,,,,,,,,,,,,,,,,,,,,,,,,,,,,,,,,,
549,"ARAB-ISRAELI WAR, 1967 (SIX-DAY WAR)",JENIN,JORDAN,WEST BANK,IS PELED ARMD DIV(-),BG PELED,JOR 25TH INF BDE,LCOL EL KHALIDI,2,2,9999,99,99,9999,-1,-1,9999,99,99,9999,-1,-1,9999,99,99,9999,0,PD,OO,0,0,0,GM0,000,DSHST,00000,00000,2,1,10900,1,10900,0,225,10675,6160,1,6160,0,200,5960,0,100,0,100,36,12,18,-1,-1,0,40,0,40,20,0,15,-1,0,1,1,1,0,0,0,0,0,0,1,5.0,7,4,1,1,0,1,1,0,0,0,1,1,1,1,0,-1,0,FF,DE,00,00,00,00,PP,00,00,DO,DE,00,00,00,00,RR,WD,00,15,-15,15,-15,15,-15,15,-15,2,1967,06,05,1500,1967,06,05,2400,1967,06,06,0300,1967,06,06,0600,,,,,,,,,,,,,,,,,,,,,,,,,,,,,,,,,,,,,,,,,,,,,,,,,,,,,,,,,,,,,,,,
550,"ARAB-ISRAELI WAR, 1967 (SIX-DAY WAR)",JERUSALEM,JORDAN,WEST BANK,IS GUR PARA BDE(+),BG NARKISS,JOR 27TH INF BDE (JERUSALEM BDE)(+),BG ATA AL,11,11,9999,99,99,9999,-1,-1,9999,99,99,9999,-1,-1,9999,99,99,9999,0,FD,OO,0,0,0,GM0,000,DSHST,00000,00000,2,1,27682,3,-1,-1,1750,25932,13600,1,13600,0,1500,12100,0,91,18,73,72,11,40,-1,-1,0,40,0,40,36,4,35,-1,-1,1,1,1,0,0,0,0,0,1,1,21.0,8,3,1,1,0,1,2,0,0,0,1,1,1,1,0,-1,0,DE,00,00,00,00,00,BB,00,00,DO,FF,00,00,00,00,RR,WL,00,15,-15,15,-15,15,-15,15,-15,4,1967,06,05,1600,1967,06,05,2300,1967,06,06,0220,1967,06,06,1400,1967,06,06,1800,1967,06,06,2400,1967,06,07,0700,1967,06,07,1015,,,,,,,,,,,,,,,,,,,,,,,,,,,,,,,,,,,,,,,,,,,,,,,,
551,"ARAB-ISRAELI WAR, 1967 (SIX-DAY WAR)",KABATIYA,JORDAN,WEST BANK,IS BAR KOCHVA'S ARMD BDE(+),BG PELED,JOR 40TH ARMD BDE(-)(+),LCOL EL KHALIDI,1,4.5,9999,99,99,9999,-1,-1,9999,99,99,9999,-1,-1,9999,99,99,9999,0,HD,OO,0,0,0,GM0,000,DSHST,00000,00000,1,1,12800,3,-1,-1,375,12425,9900,3,-1,-1,350,9550,0,140,0,140,48,21,18,-1,-1,0,120,0,120,24,0,-1,-1,0,1,1,1,0,0,0,0,0,0,1,16.0,6,4,1,1,0,0,2,0,0,0,1,0,1,1,0,0,0,FF,00,00,EE,RR,00,BB,WD,00,DD,00,00,00,00,00,WD,00,00,15,-15,15,-15,15,-15,15,-15,2,1967,06,06,0600,1967,06,06,2000,1967,06,07,0500,1967,06,07,0700,,,,,,,,,,,,,,,,,,,,,,,,,,,,,,,,,,,,,,,,,,,,,,,,,,,,,,,,,,,,,,,,
552,"ARAB-ISRAELI WAR, 1967 (SIX-DAY WAR)",TILFIT-ZABABIDA,JORDAN,WEST BANK,IS RAM ARMD BDE,COL RAM,JOR 40TH ARMD BDE(-)(+),LCOL EL KHALIDI,1,4.5,9999,99,99,9999,-1,-1,9999,99,99,9999,-1,-1,9999,99,99,9999,2,HD,PD,0,0,0,GM0,000,DSHST,00000,00000,1,1,5350,1,5350,0,250,5100,5450,1,5450,0,250,5200,0,90,0,90,24,21,18,-1,-1,0,60,0,60,24,0,25,-1,0,1,1,1,0,0,0,0,0,1,1,8.0,6,4,1,1,0,1,1,0,0,0,1,0,1,1,0,0,0,FF,EE,RR,00,00,00,PP,00,00,DD,00,00,00,00,00,WD,00,00,15,-15,15,-15,15,-15,15,-15,2,1967,06,06,1015,1967,06,06,2000,1967,06,07,0100,1967,06,07,0300,,,,,,,,,,,,,,,,,,,,,,,,,,,,,,,,,,,,,,,,,,,,,,,,,,,,,,,,,,,,,,,,
553,"ARAB-ISRAELI WAR, 1967 (SIX-DAY WAR)",NABLUS,JORDAN,WEST BANK,IS PELED ARMD DIV,BG PELED,JOR 25TH INF BDE,LCOL EL KHALIDI,3,1,9999,99,99,9999,-1,-1,9999,99,99,9999,-1,-1,9999,99,99,9999,1,HD,PD,0,0,1,GM0,000,DSHST,00000,00000,1,1,10700,1,10700,0,375,10325,8640,3,-1,-1,350,8290,0,180,0,180,48,52,18,-1,-1,0,84,0,84,24,0,35,-1,0,1,0,1,1,0,1,0,0,1,1,10.0,7,4,1,1,0,1,1,0,0,0,1,0,1,1,0,0,0,FF,EE,RR,00,00,00,BB,PS,00,DD,00,00,00,00,00,WD,00,00,15,-15,15,-15,15,-15,15,-15,1,1967,06,07,1230,1967,06,07,1830,,,,,,,,,,,,,,,,,,,,,,,,,,,,,,,,,,,,,,,,,,,,,,,,,,,,,,,,,,,,,,,,,,,,,,,,
554,"ARAB-ISRAELI WAR, 1967 (SIX-DAY WAR)",RAFAH,EGYPT,SINAI,IS TAL DIV,BG TAL,EG 7TH INF DIV(+),MG SOLIMAN,24,24,9999,99,99,9999,-1,-1,9999,99,99,9999,-1,-1,9999,99,99,9999,2,PD,FD,0,0,0,FM0,FD0,DSHST,DSHSD,00000,2,1,19520,1,19520,0,700,18820,19500,1,19500,0,2700,16800,0,240,105,135,84,38,15,-1,-1,0,197,13,184,68,51,70,-1,-1,1,1,1,0,0,0,0,0,1,1,10.0,8,4,1,1,0,0,2,0,0,0,1,1,1,1,0,-1,-1,DE,00,00,FE,00,00,BB,PS,00,DO,EE,LR,00,00,00,WL,00,00,15,-15,15,-15,15,-15,15,-15,2,1967,06,05,0815,1967,06,05,1500,1967,06,05,2030,1967,06,05,2330,,,,,,,,,,,,,,,,,,,,,,,,,,,,,,,,,,,,,,,,,,,,,,,,,,,,,,,,,,,,,,,,
555,"ARAB-ISRAELI WAR, 1967 (SIX-DAY WAR)",BIR LAHFAN,EGYPT,SINAI,IS YOFFE DIV,BG YOFFE,EG 3RD INF DIV,MG NASSER,10,10,9999,99,99,9999,-1,-1,9999,99,99,9999,-1,-1,9999,99,99,9999,2,HD,PD,0,0,0,FD0,RD0,DSHST,DSHSD,00000,1,1,10450,3,-1,-1,90,10360,10050,1,10050,0,1350,8700,0,180,60,120,48,76,11,-1,-1,0,180,20,160,48,20,30,-1,-1,1,1,1,0,0,1,0,0,1,1,14.5,8,4,1,1,1,0,2,0,0,0,1,1,1,1,0,0,0,FF,EE,RR,00,00,00,BB,PS,00,DO,FF,00,00,00,00,WL,00,00,15,-15,15,-15,15,-15,15,-15,1,1967,06,05,2100,1967,06,06,1030,,,,,,,,,,,,,,,,,,,,,,,,,,,,,,,,,,,,,,,,,,,,,,,,,,,,,,,,,,,,,,,,,,,,,,,,
556,"ARAB-ISRAELI WAR, 1967 (SIX-DAY WAR)",ABU AGEILA-UM KATEF,EGYPT,SINAI,IS SHARON DIV,BG SHARON,EG 2ND INF DIV,MG NAGUIB,8,8,9999,99,99,9999,-1,-1,9999,99,99,9999,-1,-1,9999,99,99,9999,0,FD,OO,0,0,0,FD0,RD0,DSHST,DSHSD,00000,2,0,19280,1,19280,0,300,18980,18450,1,18450,0,900,17550,0,120,30,90,72,0,19,-1,0,0,114,10,104,126,0,40,-1,0,1,1,1,0,0,0,1,0,1,1,20.0,9,3,1,2,0,0,0,0,0,0,1,2,1,1,0,-1,-1,EE,LR,00,EE,RR,FE,BB,PS,00,DO,00,00,00,00,00,WL,00,00,15,-15,15,-15,15,-15,15,-15,1,1967,06,05,2000,1967,06,06,0500,,,,,,,,,,,,,,,,,,,,,,,,,,,,,,,,,,,,,,,,,,,,,,,,,,,,,,,,,,,,,,,,,,,,,,,,
557,"ARAB-ISRAELI WAR, 1967 (SIX-DAY WAR)",EL ARISH,EGYPT,SINAI,IS TAL DIV(-),BG TAL,EG 7TH INF DIV(-),MG SOLIMAN,7,7,9999,99,99,9999,-1,-1,9999,99,99,9999,-1,-1,9999,99,99,9999,2,PD,FD,0,0,0,FM0,FD0,DSHST,DSHSD,00000,0,1,6912,1,6912,0,135,6777,12750,1,12750,0,225,12525,0,90,0,90,48,38,13,-1,-1,0,78,5,73,36,0,40,36,-1,1,1,1,1,0,1,0,0,1,1,8.0,9,2,1,1,0,0,1,0,0,0,1,0,0,1,0,-1,0,FF,00,00,00,00,00,BB,PS,00,DD,00,00,00,00,00,WD,00,00,15,-15,15,-15,15,-15,15,-15,1,1967,06,05,2000,1967,06,06,0700,,,,,,,,,,,,,,,,,,,,,,,,,,,,,,,,,,,,,,,,,,,,,,,,,,,,,,,,,,,,,,,,,,,,,,,,
558,"ARAB-ISRAELI WAR, 1967 (SIX-DAY WAR)",JEBEL LIBNI,EGYPT,SINAI,IS YOFFE DIV(-)(+),BG YOFFE,EG 3RD INF DIV(-),MG NASSER,10,10,9999,99,99,9999,-1,-1,9999,99,99,9999,-1,-1,9999,99,99,9999,1,PD,DL,1,0,1,FD0,RD0,DSHST,DSHSD,00000,0,1,10800,1,10800,0,70,10730,3000,1,3000,0,450,2550,0,184,20,164,48,52,10,0,-1,0,60,0,60,48,0,32,-1,0,1,1,1,1,0,1,0,0,1,0,5.0,7,7,2,1,0,0,1,0,0,0,1,0,0,1,0,-1,0,FF,00,00,00,00,00,SS,00,00,DD,00,00,00,00,00,SS,WD,00,15,-15,15,-15,15,-15,15,-15,1,1967,06,06,1900,1967,06,06,2230,,,,,,,,,,,,,,,,,,,,,,,,,,,,,,,,,,,,,,,,,,,,,,,,,,,,,,,,,,,,,,,,,,,,,,,,
559,"ARAB-ISRAELI WAR, 1967 (SIX-DAY WAR)",GAZA STRIP,EGYPT,SINAI,IS RESHEF TASK FORCE,BG TAL,PALES 20TH PLA DIV(+),MG HASNI,9,9,9999,99,99,9999,-1,-1,9999,99,99,9999,-1,-1,9999,99,99,9999,1,PD,FD,1,1,0,FM0,FD0,DSHST,DSHSD,00000,1,1,12150,1,12150,0,55,12095,17450,1,17450,0,626,16824,0,100,10,90,72,38,8,-1,-1,0,134,10,124,114,10,90,114,-1,1,1,1,0,0,0,0,0,1,1,16.0,8,4,1,2,0,0,1,0,0,0,1,1,1,1,0,-1,0,FF,00,00,00,00,00,BB,00,00,DD,00,00,00,00,00,00,00,00,15,-15,15,-15,15,-15,15,-15,3,1967,06,05,0815,1967,06,05,2030,1967,06,06,0500,1967,06,06,2030,1967,06,07,0500,1967,06,07,0600,,,,,,,,,,,,,,,,,,,,,,,,,,,,,,,,,,,,,,,,,,,,,,,,,,,,,,,,
560,"ARAB-ISRAELI WAR, 1967 (SIX-DAY WAR)",BIR HASSNA-BIR THAMADA,EGYPT,SINAI,IS YOFFE DIV,BG YOFFE,EG 3RD INF DIV,MG GHOUL,7,7,9999,99,99,9999,-1,-1,9999,99,99,9999,-1,-1,9999,99,99,9999,1,PD,DL,1,0,1,FD0,RD0,DSHST,DSHSD,00000,0,1,8700,3,-1,-1,60,8640,3000,3,-1,-1,550,2450,0,146,0,146,48,40,10,-1,-1,0,40,10,30,24,0,30,-1,0,1,1,1,1,0,1,0,0,1,1,28.0,7,3,1,1,0,2,1,0,0,0,1,1,0,1,0,0,-1,FF,EE,LR,00,00,00,BB,00,00,DD,00,00,00,00,00,WL,00,00,15,-15,15,-15,15,-15,15,-15,2,1967,06,07,0515,1967,06,07,1100,1967,06,07,1700,1967,06,07,2000,,,,,,,,,,,,,,,,,,,,,,,,,,,,,,,,,,,,,,,,,,,,,,,,,,,,,,,,,,,,,,,,
561,"ARAB-ISRAELI WAR, 1967 (SIX-DAY WAR)",MITLA PASS,EGYPT,SINAI,EG 3RD INF DIV(+),?,IS YOFFE DIV(-),BG YOFFE,1,1,9999,99,99,9999,-1,-1,9999,99,99,9999,-1,-1,9999,99,99,9999,0,HD,OO,0,0,0,FD0,FM0,DSHST,DSHSD,00000,0,-1,22000,1,22000,0,550,21450,7250,3,-1,-1,90,7160,0,224,20,204,114,0,100,-1,0,0,90,0,90,48,20,16,-1,-1,-1,-1,-1,-1,0,0,0,0,-1,-1,0.0,3,8,1,-1,0,0,-2,0,0,0,-1,0,0,0,0,0,0,FF,00,00,00,00,00,RR,WL,00,DO,EE,RR,00,00,00,PS,00,00,15,-15,15,-15,15,-15,15,-15,1,1967,06,07,1800,1967,06,08,0430,,,,,,,,,,,,,,,,,,,,,,,,,,,,,,,,,,,,,,,,,,,,,,,,,,,,,,,,,,,,,,,,,,,,,,,,
562,"ARAB-ISRAELI WAR, 1967 (SIX-DAY WAR)",BIR HAMMA-BIR GIFGAFA,EGYPT,SINAI,IS TAL DIV,BG TAL,EG 3RD INF DIV & 4TH ARMD DIV(-),MG GHOUL,10,10,9999,99,99,9999,-1,-1,9999,99,99,9999,-1,-1,9999,99,99,9999,0,DL,OO,0,0,0,FD0,FM0,DSHST,DSHSD,00000,0,1,10200,3,-1,-1,75,10125,13500,3,-1,-1,550,12950,0,220,85,135,72,40,5,-1,-1,0,172,15,157,48,0,30,-1,0,1,1,1,1,0,1,0,0,1,1,25.0,7,4,1,1,0,0,1,0,0,0,1,0,0,1,0,0,0,EE,LR,00,00,00,00,PP,00,00,DD,00,00,00,00,00,WL,00,00,15,-15,15,-15,15,-15,15,-15,1,1967,06,07,1700,1967,06,07,2000,,,,,,,,,,,,,,,,,,,,,,,,,,,,,,,,,,,,,,,,,,,,,,,,,,,,,,,,,,,,,,,,,,,,,,,,
563,"ARAB-ISRAELI WAR, 1967 (SIX-DAY WAR)",NAKHL,EGYPT,SINAI,IS SHARON DIV,BG SHARON,EG 6TH MECH DIV,MG HASSAN,12,12,9999,99,99,9999,-1,-1,9999,99,99,9999,-1,-1,9999,99,99,9999,0,HD,OO,0,0,0,FD0,RD0,DSHST,DSHSD,00000,2,1,18780,1,18780,0,60,18720,18450,1,18450,0,625,17825,0,120,0,120,72,122,4,-1,-1,0,114,10,104,72,0,60,72,0,1,1,1,1,0,1,0,0,1,1,15.0,9,4,1,1,0,0,1,0,0,0,1,0,1,1,0,0,0,DE,00,00,00,00,00,BB,00,00,DD,00,00,00,00,00,WD,00,00,15,-15,15,-15,15,-15,15,-15,1,1967,06,08,1000,1967,06,08,1430,,,,,,,,,,,,,,,,,,,,,,,,,,,,,,,,,,,,,,,,,,,,,,,,,,,,,,,,,,,,,,,,,,,,,,,,
564,"ARAB-ISRAELI WAR, 1967 (SIX-DAY WAR)",BIR GIFGAFA,EGYPT,SINAI,EG ARMD BDE,?,IS TAL DIV,COL GONEN,5,5,9999,99,99,9999,-1,-1,9999,99,99,9999,-1,-1,9999,99,99,9999,0,HD,OO,0,0,0,FD0,FM0,DSHST,DSHSD,00000,0,0,3500,1,3500,0,450,3050,3600,3,-1,-1,60,3540,0,60,0,60,0,0,20,0,0,0,70,40,30,0,0,3,0,-1,-1,-1,-1,0,0,0,0,0,0,-1,0.0,3,8,1,-1,-2,0,0,0,0,0,-1,0,0,-1,0,0,0,FF,00,00,00,00,00,WL,00,00,DO,DE,00,00,00,00,PS,00,00,15,-15,15,-15,15,-15,15,-15,1,1967,06,08,0030,1967,06,08,0330,,,,,,,,,,,,,,,,,,,,,,,,,,,,,,,,,,,,,,,,,,,,,,,,,,,,,,,,,,,,,,,,,,,,,,,,
565,"ARAB-ISRAELI WAR, 1967 (SIX-DAY WAR)",TEL FAHAR-BANIAS,SYRIA,GOLAN,IS GOLANI BDE,COL EFRAT,SYR 11TH INF BDE(+),COL AMIR,6.5,6.5,9999,99,99,9999,-1,-1,9999,99,99,9999,-1,-1,9999,99,99,9999,0,FD,OO,0,0,0,GM0,000,DSHST,00000,00000,0,1,5375,1,5375,0,300,5075,8160,1,8160,0,850,7310,0,10,0,10,24,119,5,-1,-1,0,75,0,75,70,0,20,-1,0,1,1,1,1,0,0,0,0,1,1,5.0,8,2,1,1,0,0,1,0,0,-1,1,1,0,1,0,-1,-1,FF,00,00,00,00,00,PP,00,00,DD,00,00,00,00,00,WD,00,00,15,-15,15,-15,15,-15,15,-15,1,1967,06,09,1130,1967,06,09,2400,,,,,,,,,,,,,,,,,,,,,,,,,,,,,,,,,,,,,,,,,,,,,,,,,,,,,,,,,,,,,,,,,,,,,,,,
566,"ARAB-ISRAELI WAR, 1967 (SIX-DAY WAR)",RAWIYEH,SYRIA,GOLAN,IS RAM BDE,COL RAM,SYR 8TH INF BDE(+),BG TAYAN,5,5,9999,99,99,9999,-1,-1,9999,99,99,9999,-1,-1,9999,99,99,9999,0,FD,OO,0,0,0,GM0,000,DSHST,00000,00000,1,1,5350,1,5350,0,150,5200,4350,1,4350,0,300,4050,0,90,0,90,24,0,30,-1,0,0,50,0,50,76,0,20,-1,0,1,1,1,1,0,0,0,0,1,1,6.0,8,2,1,1,0,1,0,0,0,-1,1,1,1,1,0,-1,0,FF,00,00,00,00,00,PP,00,00,DD,00,00,00,00,00,WD,00,00,15,-15,15,-15,15,-15,15,-15,1,1967,06,09,2000,1967,06,09,2400,,,,,,,,,,,,,,,,,,,,,,,,,,,,,,,,,,,,,,,,,,,,,,,,,,,,,,,,,,,,,,,,,,,,,,,,
567,"ARAB-ISRAELI WAR, 1967 (SIX-DAY WAR)",ZAOURA-KALA,SYRIA,GOLAN,IS MENDLER'S BDE,COL MENDLER,SYR 11TH INF BDE(+),COL AMIR,1,1,9999,99,99,9999,-1,-1,9999,99,99,9999,-1,-1,9999,99,99,9999,0,FD,OO,0,0,0,GM0,000,DSHST,00000,00000,0,1,5850,1,5850,0,230,5620,8560,1,8560,0,500,8060,0,90,30,60,24,119,55,-1,-1,0,75,0,75,82,0,25,-1,0,1,1,1,1,0,0,0,0,1,1,7.5,7,2,1,1,0,0,1,0,0,-1,1,1,0,1,0,-1,-1,FF,EE,RF,00,00,00,PP,00,00,DD,00,00,00,00,00,WD,00,00,15,-15,15,-15,15,-15,15,-15,1,1967,06,09,1130,1967,06,09,2000,,,,,,,,,,,,,,,,,,,,,,,,,,,,,,,,,,,,,,,,,,,,,,,,,,,,,,,,,,,,,,,,,,,,,,,,
568,"ARAB-ISRAELI WAR, 1968",KERAMA,JORDAN,JORDAN VALLEY,IS GONEN TASK FORCE,BG GONEN,JOR 1ST INF DIV,MG HADITHA,5,5,9999,99,99,9999,-1,-1,9999,99,99,9999,-1,-1,9999,99,99,9999,0,PD,OO,0,0,0,FM0,000,DST$T,00000,00000,0,1,11940,1,11940,0,201,11739,16168,1,16168,0,497,15671,0,128,8,120,67,156,20,1,1,0,60,0,60,91,0,33,0,0,1,0,0,0,0,0,-1,0,1,0,0.0,6,6,2,1,-1,1,1,-1,0,-1,0,0,0,1,0,-1,0,FF,DE,00,FE,00,00,PP,SS,WD,DO,FF,00,00,00,00,SS,00,00,0,-50,0,-30,15,-15,15,-15,1,1968,03,21,0530,1968,03,21,2100,,,,,,,,,,,,,,,,,,,,,,,,,,,,,,,,,,,,,,,,,,,,,,,,,,,,,,,,,,,,,,,,,,,,,,,,
569,"ARAB-ISRAELI WAR, 1973 (OCTOBER WAR)","SUEZ CANAL ASSAULT, NORTH",EGYPT,SUEZ 1973,EG 2ND ARMY,MG MAMOUN,IS SINAI DEF FORCE,MG MENDLER,110,110,9999,99,99,9999,-1,-1,9999,99,99,9999,-1,-1,9999,99,99,9999,1,PD,FD,1,0,0,RD0,000,DSHFT,DSHFD,00000,3,0,29490,3,-1,-1,400,29090,4455,1,4455,0,275,4180,0,67,50,17,1223,104,2,-1,-1,0,67,6,61,40,70,44,-1,-1,-1,-1,0,0,0,0,1,0,0,1,5.0,8,4,1,-1,0,-1,0,2,0,-1,0,2,2,0,0,-1,0,RC,FF,00,00,00,00,PP,00,00,DO,FF,00,00,00,00,RR,WD,00,15,-15,15,-15,15,-15,15,-15,1,1973,10,06,1405,1973,10,07,0015,,,,,,,,,,,,,,,,,,,,,,,,,,,,,,,,,,,,,,,,,,,,,,,,,,,,,,,,,,,,,,,,,,,,,,,,
570,"ARAB-ISRAELI WAR, 1973 (OCTOBER WAR)","SUEZ CANAL ASSAULT, SOUTH",EGYPT,SUEZ 1973,EG 3RD ARMY,MG WASSEL,IS SINAI DEF FORCE,MG MENDLER,38,38,9999,99,99,9999,-1,-1,9999,99,99,9999,-1,-1,9999,99,99,9999,1,PD,FD,1,0,0,RD0,000,DSHFT,DSHFD,00000,3,0,22850,3,-1,-1,350,22500,3020,3,-1,-1,225,2795,0,71,60,11,971,104,20,-1,-1,0,52,4,48,28,70,42,-1,-1,-1,-1,0,0,0,0,1,0,0,1,5.0,8,4,1,-1,0,-1,0,2,0,-1,0,2,2,0,0,-1,0,RC,FF,00,EE,LR,00,PP,00,00,DO,FF,00,00,00,00,RR,WD,00,15,-15,15,-15,15,-15,15,-15,1,1973,10,06,1405,1973,10,07,0015,,,,,,,,,,,,,,,,,,,,,,,,,,,,,,,,,,,,,,,,,,,,,,,,,,,,,,,,,,,,,,,,,,,,,,,,
571,"ARAB-ISRAELI WAR, 1973 (OCTOBER WAR)",SECOND ARMY BUILDUP,EGYPT,SUEZ 1973,EG 2ND ARMY,MG MAMOUN,IS SINAI DEF FORCE,MG MENDLER,110,110,9999,99,99,9999,-1,-1,9999,99,99,9999,-1,-1,9999,99,99,9999,2,HD,PD,0,0,0,RD0,000,DSHFT,DSHFD,00000,1,0,63910,3,-1,-1,800,63110,14000,3,-1,-1,450,13550,0,464,27,437,639,100,9,-1,-1,0,192,0,192,40,67,57,-1,-1,-2,-2,0,2,0,1,0,0,0,1,3.0,8,6,1,-1,0,-1,0,2,0,0,0,1,1,0,0,-1,0,FF,00,00,EE,RR,00,PP,SS,00,DO,FF,00,00,00,00,SS,00,00,15,-15,15,-15,15,-15,15,-15,1,1973,10,07,0030,1973,10,07,2300,,,,,,,,,,,,,,,,,,,,,,,,,,,,,,,,,,,,,,,,,,,,,,,,,,,,,,,,,,,,,,,,,,,,,,,,
572,"ARAB-ISRAELI WAR, 1973 (OCTOBER WAR)",THIRD ARMY BUILDUP,EGYPT,SUEZ 1973,EG 3RD ARMY,MG WASSEL,IS SINAI DEF FORCE,MG MENDLER,54,38,9999,99,99,9999,-1,-1,9999,99,99,9999,-1,-1,9999,99,99,9999,2,HD,PD,0,0,0,RD0,000,DSHFT,DSHFD,00000,1,0,45160,3,-1,-1,750,44410,10980,3,-1,-1,400,10580,0,310,18,292,555,100,10,-1,-1,0,148,13,135,24,67,44,-1,-1,-2,-2,0,2,0,1,0,0,0,1,3.0,8,6,1,-1,0,-1,0,2,0,0,0,1,1,0,0,-1,0,FF,00,00,EE,LF,00,PP,SS,00,DO,FF,00,00,00,00,SS,00,00,15,-15,15,-15,15,-15,15,-15,1,1973,10,07,0030,1973,10,07,2300,,,,,,,,,,,,,,,,,,,,,,,,,,,,,,,,,,,,,,,,,,,,,,,,,,,,,,,,,,,,,,,,,,,,,,,,
573,"ARAB-ISRAELI WAR, 1973 (OCTOBER WAR)",KANTARA-FIRDAN,EGYPT,SUEZ 1973,IS ADAN DIV,MG ADAN,EG 2ND ARMY,MG MAMOUN,27,27,9999,99,99,9999,-1,-1,9999,99,99,9999,-1,-1,9999,99,99,9999,0,HD,OO,0,0,0,RD0,000,DSHFT,DSHFD,00000,0,0,25850,1,25850,0,700,25150,67440,1,67440,0,700,66740,0,530,50,480,44,66,78,-1,-1,0,516,30,486,639,100,27,-1,-1,2,2,0,-2,0,-1,0,0,0,-1,0.0,4,7,1,1,0,1,0,-1,0,0,-1,-1,0,-1,0,0,0,FF,00,00,EE,RF,00,RR,SS,00,DO,EE,LF,00,00,00,SS,00,00,15,-15,15,-15,15,-15,15,-15,1,1973,10,08,0800,1973,10,08,1900,,,,,,,,,,,,,,,,,,,,,,,,,,,,,,,,,,,,,,,,,,,,,,,,,,,,,,,,,,,,,,,,,,,,,,,,
574,"ARAB-ISRAELI WAR, 1973 (OCTOBER WAR)","EGYPTIAN OFFENSIVE, NORTH",EGYPT,SUEZ 1973,EG 2ND ARMY,MG MAMOUN,IS SASSON FORCE & SHARON DIV,MG GONEN,50,50,9999,99,99,9999,-1,-1,9999,99,99,9999,-1,-1,9999,99,99,9999,2,HD,PD,0,0,0,RD0,000,DSHFT,DSHFD,00000,0,-1,81160,1,81160,0,1700,79460,43400,1,43400,0,380,43020,0,1002,70,932,585,44,120,-1,-1,0,714,70,644,144,72,31,-1,-1,-1,-1,-1,0,0,0,0,0,0,-1,0.0,3,8,1,-2,0,0,-1,0,0,0,-1,-2,0,-1,0,0,0,FF,00,00,00,00,00,RR,WL,00,DO,00,00,00,00,00,00,00,00,15,-15,15,-15,15,-15,15,-15,1,1973,10,14,0630,1973,10,14,1500,,,,,,,,,,,,,,,,,,,,,,,,,,,,,,,,,,,,,,,,,,,,,,,,,,,,,,,,,,,,,,,,,,,,,,,,
575,"ARAB-ISRAELI WAR, 1973 (OCTOBER WAR)","EGYPTIAN OFFENSIVE, SOUTH",EGYPT,SUEZ 1973,EG 3RD ARMY,MG WASSEL,IS MAGEN DIV(-)(+),BG MAGEN,50,50,9999,99,99,9999,-1,-1,9999,99,99,9999,-1,-1,9999,99,99,9999,2,HD,PD,0,0,0,RD0,000,DSHFT,DSHFD,00000,0,-1,57960,1,57960,0,1350,56610,28600,1,28600,0,260,28340,0,709,50,659,447,44,140,-1,-1,0,348,40,308,96,72,17,-1,-1,-1,-1,-1,0,0,0,0,0,0,-1,0.0,5,8,1,-2,0,0,-1,0,0,0,-1,-2,0,-1,0,0,0,FF,00,00,00,00,00,RR,WL,00,DD,00,00,00,00,00,00,00,00,15,-15,15,-15,15,-15,15,-15,1,1973,10,14,0630,1973,10,14,1500,,,,,,,,,,,,,,,,,,,,,,,,,,,,,,,,,,,,,,,,,,,,,,,,,,,,,,,,,,,,,,,,,,,,,,,,
576,"ARAB-ISRAELI WAR, 1973 (OCTOBER WAR)",DEVERSOIR (CHINESE FARM I),EGYPT,SUEZ 1973,IS SHARON DIV,MG SHARON,EG 16TH DIV(1/2) & 21ST DIV(1/2),BG HAFIZ & BG OWBY,14,14,9999,99,99,9999,-1,-1,9999,99,99,9999,-1,-1,9999,99,99,9999,2,HD,PD,0,0,0,RD0,000,DSHFT,DSHFD,00000,2,0,22790,3,-1,-1,100,22690,30970,3,-1,-1,500,30470,0,344,30,314,96,0,56,-1,0,0,389,30,359,322,0,62,-1,0,1,1,1,0,0,0,0,0,1,1,7.0,7,4,1,1,0,1,0,0,0,0,1,1,1,1,0,-1,0,EE,RR,00,FF,00,00,PP,SS,00,DO,FF,00,00,00,00,RR,SS,00,15,-15,15,-15,15,-15,15,-15,1,1973,10,15,1700,1973,10,16,1200,,,,,,,,,,,,,,,,,,,,,,,,,,,,,,,,,,,,,,,,,,,,,,,,,,,,,,,,,,,,,,,,,,,,,,,,
577,"ARAB-ISRAELI WAR, 1973 (OCTOBER WAR)",DEVERSOIR (CHINESE FARM II),EGYPT,SUEZ 1973,IS ADAN DIV(+),MG ADAN,EG 16TH DIV(-)(+),BG HAFIZ,11,11,9999,99,99,9999,-1,-1,9999,99,99,9999,-1,-1,9999,99,99,9999,2,HD,PD,0,0,0,RD0,000,DSHFT,DSHFD,00000,0,0,28900,1,28900,0,950,27950,36840,3,-1,-1,2400,34440,0,444,40,404,72,267,40,-1,-1,0,419,0,419,347,164,222,-1,-1,1,1,1,0,0,0,0,0,0,1,10.0,7,3,1,1,0,1,0,0,0,0,2,0,0,1,0,-1,0,FF,DE,00,00,00,00,PP,00,00,DO,EE,LF,00,00,00,WL,00,00,15,-15,15,-15,15,-15,15,-15,3,1973,10,16,1200,1973,10,16,1330,1973,10,16,1400,1973,10,16,1600,1973,10,17,0230,1973,10,17,1700,,,,,,,,,,,,,,,,,,,,,,,,,,,,,,,,,,,,,,,,,,,,,,,,,,,,,,,,
578,"ARAB-ISRAELI WAR, 1973 (OCTOBER WAR)",DEVERSOIR WEST,EGYPT,SUEZ 1973,IS ADAN DIV(+),MG ADAN,EG 2ND ARMY(-),MG KALIL,11,11,9999,99,99,9999,-1,-1,9999,99,99,9999,-1,-1,9999,99,99,9999,2,HD,PD,0,0,0,RD0,000,DSHFT,DSHFD,00000,0,1,19600,1,19600,0,300,19300,18180,1,18180,0,800,17380,0,232,20,212,72,153,15,-1,-1,0,293,23,270,119,80,64,-1,-1,1,1,1,0,0,1,0,0,1,1,5.0,8,5,1,1,0,0,1,0,0,0,1,1,0,1,1,0,0,FF,00,00,EE,LR,00,PP,00,00,DO,FF,00,00,00,00,RR,WD,00,15,-15,15,-15,15,-15,15,-15,1,1973,10,18,0545,1973,10,18,1900,,,,,,,,,,,,,,,,,,,,,,,,,,,,,,,,,,,,,,,,,,,,,,,,,,,,,,,,,,,,,,,,,,,,,,,,
579,"ARAB-ISRAELI WAR, 1973 (OCTOBER WAR)",ISMAILIA,EGYPT,SUEZ 1973,IS SHARON DIV,MG SHARON,EG 2ND ARMY(-),MG KALIL,20,20,9999,99,99,9999,-1,-1,9999,99,99,9999,-1,-1,9999,99,99,9999,2,HD,PD,0,0,0,RD0,000,DSHFT,DSHFD,00000,0,1,17000,3,-1,-1,600,16400,23860,3,-1,-1,1800,22060,0,232,20,212,72,120,40,-1,-1,0,246,17,229,137,72,92,-1,-1,1,0,1,0,0,0,0,0,0,-1,17.2,4,8,1,0,-2,0,1,0,0,0,0,0,0,0,0,-1,-1,FF,DE,00,00,00,00,PP,RR,SS,DO,FF,00,00,00,00,PP,SS,00,15,-15,15,-15,15,-15,15,-15,4,1973,10,19,0600,1973,10,19,1830,1973,10,20,0600,1973,10,20,1830,1973,10,21,0600,1973,10,21,1830,1973,10,22,0600,1973,10,22,1830,,,,,,,,,,,,,,,,,,,,,,,,,,,,,,,,,,,,,,,,,,,,,,,,
580,"ARAB-ISRAELI WAR, 1973 (OCTOBER WAR)",JEBEL GENEIFA,EGYPT,SUEZ 1973,IS ADAN DIV(+),MG ADAN,EG 3RD ARMY(-),MG WASSEL,18,18,9999,99,99,9999,-1,-1,9999,99,99,9999,-1,-1,9999,99,99,9999,2,HD,PD,0,0,0,RD0,000,DSHFT,DSHFD,00000,0,1,16200,3,-1,-1,300,15900,35633,3,-1,-1,1650,33983,0,318,30,288,48,240,30,-1,-1,0,454,60,394,213,150,114,-1,-1,1,1,1,0,0,1,0,0,1,1,120.0,7,4,1,2,0,2,1,0,0,0,1,0,0,1,0,0,0,FF,DE,00,00,00,00,BB,00,00,DO,FF,00,00,00,00,WD,00,00,15,-15,15,-15,15,-15,15,-15,3,1973,10,19,0630,1973,10,19,1830,1973,10,20,0730,1973,10,20,1830,1973,10,21,0600,1973,10,21,1700,,,,,,,,,,,,,,,,,,,,,,,,,,,,,,,,,,,,,,,,,,,,,,,,,,,,,,,,
581,"ARAB-ISRAELI WAR, 1973 (OCTOBER WAR)",SHALLUFA I,EGYPT,SUEZ 1973,IS ADAN DIV(+),MG ADAN,EG 3RD ARMY(-),MG WASSEL,32,32,9999,99,99,9999,-1,-1,9999,99,99,9999,-1,-1,9999,99,99,9999,0,HD,OO,0,0,0,RD0,000,DSHFT,DSHFD,00000,0,1,16200,1,16200,0,150,16050,25600,1,25600,0,1100,24500,0,318,30,288,72,82,15,-1,-1,0,445,35,410,160,40,35,-1,-1,1,1,1,0,0,1,0,0,1,1,10.0,6,4,1,1,0,1,1,0,0,0,1,0,0,1,0,0,0,FF,DE,00,00,00,00,PP,00,00,DD,00,00,00,00,00,WD,00,00,15,-15,15,-15,15,-15,15,-15,1,1973,10,22,0500,1973,10,22,1850,,,,,,,,,,,,,,,,,,,,,,,,,,,,,,,,,,,,,,,,,,,,,,,,,,,,,,,,,,,,,,,,,,,,,,,,
582,"ARAB-ISRAELI WAR, 1973 (OCTOBER WAR)",SHALLUFA II,EGYPT,SUEZ 1973,IS ADAN DIV(+),MG ADAN,EG 3RD ARMY(-),MG WASSEL,32,32,9999,99,99,9999,-1,-1,9999,99,99,9999,-1,-1,9999,99,99,9999,0,HD,OO,0,0,0,RD0,000,DSHFT,DSHFD,00000,0,1,11700,1,11700,0,150,11550,22570,1,22570,0,1100,21470,0,126,10,116,48,154,8,-1,-1,0,259,18,241,139,57,68,-1,-1,1,2,1,1,0,1,0,0,1,1,20.0,7,2,1,2,1,0,1,0,0,0,1,0,0,1,1,0,0,FF,00,00,00,00,00,PP,00,00,DD,00,00,00,00,00,WD,00,00,15,-15,15,-15,15,-15,15,-15,2,1973,10,23,0630,1973,10,23,1930,1973,10,24,0520,1973,10,24,1930,,,,,,,,,,,,,,,,,,,,,,,,,,,,,,,,,,,,,,,,,,,,,,,,,,,,,,,,,,,,,,,,
583,"ARAB-ISRAELI WAR, 1973 (OCTOBER WAR)",SUEZ,EGYPT,SUEZ 1973,IS ADAN DIV(+),MG ADAN,EG 3RD ARMY(-),MG WASSEL,6,6,9999,99,99,9999,-1,-1,9999,99,99,9999,-1,-1,9999,99,99,9999,2,HD,PD,0,0,0,RD0,00U,DSHFT,DSHFD,00000,0,1,14681,1,14681,0,340,14341,22570,1,22570,0,1100,21470,0,225,20,205,60,154,26,-1,-1,0,259,18,241,139,57,18,-1,-1,1,1,1,1,0,1,0,0,1,-1,44.0,3,6,1,1,0,0,1,0,0,-1,0,0,0,1,0,-1,0,FF,00,00,00,00,00,RR,WD,SS,DD,00,00,00,00,00,SS,00,00,15,-15,15,-15,15,-15,15,-15,2,1973,10,23,1500,1973,10,23,1930,1973,10,24,0520,1973,10,25,0230,,,,,,,,,,,,,,,,,,,,,,,,,,,,,,,,,,,,,,,,,,,,,,,,,,,,,,,,,,,,,,,,
584,"ARAB-ISRAELI WAR, 1973 (OCTOBER WAR)",ADABIYA,EGYPT,SUEZ 1973,IS MAGEN DIV,BG MAGEN,EG 3RD ARMY(-),MG WASSEL,13,13,9999,99,99,9999,-1,-1,9999,99,99,9999,-1,-1,9999,99,99,9999,0,WD,OO,0,0,0,RD0,000,DSHFT,DSHFD,00000,0,1,10900,1,10900,0,75,10825,14620,1,14620,0,400,14220,0,164,20,144,36,82,6,-1,-1,0,199,15,184,83,37,29,-1,-1,1,1,1,1,0,1,0,0,1,1,40.0,8,2,1,1,0,0,1,0,0,0,1,0,0,0,0,0,-1,EE,RR,00,00,00,00,BB,00,00,DD,00,00,00,00,00,WD,00,00,15,-15,15,-15,15,-15,15,-15,1,1973,10,23,9999,1973,10,24,9999,,,,,,,,,,,,,,,,,,,,,,,,,,,,,,,,,,,,,,,,,,,,,,,,,,,,,,,,,,,,,,,,,,,,,,,,
585,"ARAB-ISRAELI WAR, 1973 (OCTOBER WAR)",KUNEITRA,SYRIA,GOLAN,SYR 9TH INF DIV(+),COL TOURKMANI,IS 7TH ARMD BDE(-)(+),COL BEN GAL,15,15,9999,99,99,9999,-1,-1,9999,99,99,9999,-1,-1,9999,99,99,9999,0,PD,OO,0,0,0,GB0,RB0,DSHFT,00000,00000,2,0,17750,3,-1,-1,350,17400,3630,3,-1,-1,200,3430,0,75,2,73,115,49,40,-1,-1,0,50,4,46,12,107,14,-1,-1,-1,-1,-1,0,0,0,0,0,0,0,8.0,6,6,2,-1,0,0,0,0,0,-1,0,0,1,0,0,-1,0,FF,EE,LF,00,00,00,PP,SS,00,DD,00,00,00,00,00,SS,00,00,15,-15,15,-15,15,-15,15,-15,1,1973,10,06,9999,1973,10,07,9999,,,,,,,,,,,,,,,,,,,,,,,,,,,,,,,,,,,,,,,,,,,,,,,,,,,,,,,,,,,,,,,,,,,,,,,,
586,"ARAB-ISRAELI WAR, 1973 (OCTOBER WAR)",AHMADIYEH,SYRIA,GOLAN,SYR 7TH INF DIV(+),BG ABRASH,IS 7TH ARMD BDE(-)(+),COL BEN GAL,7.5,7.5,9999,99,99,9999,-1,-1,9999,99,99,9999,-1,-1,9999,99,99,9999,2,FD,PD,0,0,0,GB0,RB0,DSHFT,00000,00000,2,0,22750,3,-1,-1,700,22050,5745,3,-1,-1,250,5495,0,147,4,143,131,100,96,-1,-1,0,78,7,71,16,191,30,-1,-1,-1,-1,-1,0,0,0,0,0,0,-1,1.0,3,7,1,-1,0,0,0,0,0,-1,-1,0,1,0,0,-1,0,FF,00,00,00,00,00,RR,SS,00,DD,00,00,00,00,00,SS,00,00,15,-15,15,-15,15,-15,15,-15,3,1973,10,06,1405,1973,10,07,0500,1973,10,07,0800,1973,10,07,1300,1973,10,07,2200,1973,10,08,0100,,,,,,,,,,,,,,,,,,,,,,,,,,,,,,,,,,,,,,,,,,,,,,,,,,,,,,,,
587,"ARAB-ISRAELI WAR, 1973 (OCTOBER WAR)",RAFID,SYRIA,GOLAN,SYR 5TH INF DIV(+),BG ASLAN,IS 188TH ARMD BDE(-)(+),COL BEN SHOHAM,14,14,1973,10, 6,9999,27,27,1973,10, 7,9999,-1,-1,9999,99,99,9999,2,FD,PD,0,0,0,GB0,RB0,DSHFT,00000,00000,2,0,19525,1,19525,0,350,19175,4958,1,4958,0,250,4708,0,147,4,143,129,63,52,-1,-1,0,75,7,68,24,120,25,-1,-1,-1,-1,-1,0,0,0,0,0,0,1,10.0,6,5,1,-1,0,1,0,2,0,0,0,0,1,0,0,-1,0,FF,EE,RF,00,00,00,BB,00,00,DO,FF,00,00,00,00,RR,WD,00,15,-15,15,-15,15,-15,15,-15,1,1973,10,06,1405,1973,10,07,1400,,,,,,,,,,,,,,,,,,,,,,,,,,,,,,,,,,,,,,,,,,,,,,,,,,,,,,,,,,,,,,,,,,,,,,,,
588,"ARAB-ISRAELI WAR, 1973 (OCTOBER WAR)",YEHUDA-EL AL,SYRIA,GOLAN,SYR 5TH INF DIV(+),BG ASLAN,IS 240TH ARMD DIV,MG LANER,12.5,20,9999,99,99,9999,-1,-1,9999,99,99,9999,-1,-1,9999,99,99,9999,0,HD,OO,0,0,0,GB0,RB0,DSHFT,00000,00000,2,-1,21984,3,-1,-1,500,21484,6300,3,-1,-1,150,6150,0,189,7,182,129,70,46,-1,-1,0,106,10,96,36,132,10,-1,-1,-1,-1,-1,0,0,0,0,0,0,-1,0.0,3,7,1,-1,-2,0,-1,0,0,-1,-1,0,0,-1,0,0,-1,FF,00,00,00,00,00,RR,WD,00,DO,FF,00,00,00,00,PP,PS,00,15,-15,15,-15,15,-15,15,-15,1,1973,10,07,9999,1973,10,08,9999,,,,,,,,,,,,,,,,,,,,,,,,,,,,,,,,,,,,,,,,,,,,,,,,,,,,,,,,,,,,,,,,,,,,,,,,
589,"ARAB-ISRAELI WAR, 1973 (OCTOBER WAR)",NAFEKH,SYRIA,GOLAN,SYR 1ST ARMD DIV,COL JUHNI,IS 79TH ARMD BDE(+),COL OR,7,7,9999,99,99,9999,-1,-1,9999,99,99,9999,-1,-1,9999,99,99,9999,0,HD,OO,0,0,0,GB0,RB0,DSTFT,00000,00000,2,-1,12500,1,12500,0,500,12000,6946,3,-1,-1,250,6696,0,318,18,300,71,70,69,-1,-1,0,110,10,100,36,132,10,-1,-1,-1,-1,-1,0,0,1,0,0,1,-1,0.0,3,7,1,-1,-1,0,-1,0,0,0,-1,0,0,-1,0,0,-1,FF,00,00,00,00,00,PP,RR,WD,DO,FF,00,00,00,00,PP,PS,00,15,-15,15,-15,15,-15,15,-15,2,1973,10,07,1315,1973,10,07,1830,1973,10,08,0600,1973,10,08,1800,,,,,,,,,,,,,,,,,,,,,,,,,,,,,,,,,,,,,,,,,,,,,,,,,,,,,,,,,,,,,,,,
590,"ARAB-ISRAELI WAR, 1973 (OCTOBER WAR)",TEL FARRIS,SYRIA,GOLAN,IS 146TH ARMD DIV(+),MG PELED,SYR 5TH INF DIV(+),BG ASLAN,14,14,9999,99,99,9999,-1,-1,9999,99,99,9999,-1,-1,9999,99,99,9999,0,HD,OO,0,0,0,GB0,RB0,DSHFT,00000,00000,0,0,17833,3,-1,-1,450,17383,23750,3,-1,-1,1125,22625,0,249,30,219,60,250,30,-1,-1,0,253,11,242,151,111,117,-1,-1,1,1,1,0,0,1,0,0,1,1,12.0,7,3,1,1,0,0,0,0,0,0,1,0,0,1,0,1,0,FF,EE,LF,00,00,00,PP,PS,00,DO,FF,00,00,00,00,WL,00,00,15,-15,15,-15,15,-15,15,-15,1,1973,10,08,9999,1973,10,10,9999,,,,,,,,,,,,,,,,,,,,,,,,,,,,,,,,,,,,,,,,,,,,,,,,,,,,,,,,,,,,,,,,,,,,,,,,
591,"ARAB-ISRAELI WAR, 1973 (OCTOBER WAR)",HUSHNIYAH,SYRIA,GOLAN,IS 240TH ARMD DIV(-)(+),MG LANER,SYR 9TH INF DIV(-)(+),COL TOURKMANI,12,20,9999,99,99,9999,-1,-1,9999,99,99,9999,-1,-1,9999,99,99,9999,0,HD,OO,0,0,0,GB0,RB0,DSHFT,00000,00000,0,1,12733,3,-1,-1,450,12283,14683,3,-1,-1,1125,13558,0,219,20,199,60,249,24,-1,-1,0,170,8,162,94,111,99,-1,-1,1,1,1,0,0,1,0,0,1,1,5.1,7,3,1,1,0,0,0,0,0,0,1,0,0,1,0,1,0,FF,00,00,DE,00,00,PP,PS,00,DO,FF,00,00,00,00,WL,00,00,15,-15,15,-15,15,-15,15,-15,3,1973,10,08,0600,1973,10,08,1830,1973,10,09,0600,1973,10,09,1830,1973,10,10,0600,1973,10,10,1200,,,,,,,,,,,,,,,,,,,,,,,,,,,,,,,,,,,,,,,,,,,,,,,,,,,,,,,,
592,"ARAB-ISRAELI WAR, 1973 (OCTOBER WAR)",MOUNT HERMONIT,SYRIA,GOLAN,SYR 7TH INF DIV(+),BG ABRASH,IS 7TH ARMD BDE(+),COL BEN GAL,7.5,7.5,9999,99,99,9999,-1,-1,9999,99,99,9999,-1,-1,9999,99,99,9999,2,FD,PD,0,0,0,GB0,000,DSHFT,00000,00000,0,-1,31650,3,-1,-1,1200,30450,5395,3,-1,-1,400,4995,0,182,6,176,155,53,100,-1,-1,0,38,3,35,24,149,24,-1,-1,-1,-1,-1,0,0,0,0,0,1,-1,0.0,4,7,1,-1,-1,0,0,0,0,-1,-1,0,0,0,0,-1,0,FF,00,00,EE,LF,00,RR,WL,00,DD,00,00,00,00,00,00,00,00,15,-15,15,-15,15,-15,15,-15,1,1973,10,08,9999,1973,10,09,9999,,,,,,,,,,,,,,,,,,,,,,,,,,,,,,,,,,,,,,,,,,,,,,,,,,,,,,,,,,,,,,,,,,,,,,,,
593,"ARAB-ISRAELI WAR, 1973 (OCTOBER WAR)",MOUNT HERMON I,SYRIA,GOLAN,IS GOLANI BDE(-),COL DRORI,SYR PARA BDE(-),?,1,1,9999,99,99,9999,-1,-1,9999,99,99,9999,-1,-1,9999,99,99,9999,0,FD,OO,0,0,0,GM0,000,DSHFT,00000,00000,0,1,2692,1,2692,0,50,2642,1583,1,1583,0,100,1483,0,9,0,9,12,33,1,-1,-1,0,5,0,5,24,15,2,-1,-1,0,0,0,0,0,0,0,0,1,-1,0.0,3,8,1,0,0,0,0,0,0,-1,0,0,0,0,0,-1,0,FF,00,00,00,00,00,RR,WD,00,DD,00,00,00,00,00,00,00,00,15,-15,15,-15,15,-15,15,-15,1,1973,10,08,9999,1973,10,08,9999,,,,,,,,,,,,,,,,,,,,,,,,,,,,,,,,,,,,,,,,,,,,,,,,,,,,,,,,,,,,,,,,,,,,,,,,
594,"ARAB-ISRAELI WAR, 1973 (OCTOBER WAR)",TEL SHAMS,SYRIA,GOLAN,IS 36TH MECH DIV,BG EITAN,SYR 7TH INF DIV(-)(+),BG BERAKDAR,5,5,1973,10,11,9999,17,17,1973,10,13,9999,-1,-1,9999,99,99,9999,0,FD,OO,0,0,0,RM0,GB0,DSHFT,00000,00000,0,1,16100,3,-1,-1,525,15575,19400,3,-1,-1,1200,18200,0,270,30,240,60,330,30,-1,-1,0,329,18,311,110,120,126,-1,-1,1,1,1,0,0,0,0,0,1,1,6.0,7,5,1,1,0,0,0,0,0,0,1,0,0,1,0,-1,0,FF,00,00,00,00,00,PP,SS,00,DO,FF,00,00,00,00,WD,00,00,15,-15,15,-15,15,-15,15,-15,3,1973,10,11,1100,1973,10,11,1600,1973,10,12,1100,1973,10,12,1700,1973,10,13,1630,1973,10,13,2100,,,,,,,,,,,,,,,,,,,,,,,,,,,,,,,,,,,,,,,,,,,,,,,,,,,,,,,,
595,"ARAB-ISRAELI WAR, 1973 (OCTOBER WAR)",TEL SHAAR,SYRIA,GOLAN,IS 240TH ARMD DIV,MG LANER,SYR 1ST ARMD DIV(+),COL JUHNI,3,3,1973,10,11,9999,16,16,1973,10,12,9999,-1,-1,9999,99,99,9999,0,PD,OO,0,0,0,GB0,RB0,DSHFT,00000,00000,0,1,14700,3,-1,-1,280,14420,21500,3,-1,-1,900,20600,0,318,30,288,60,220,20,-1,-1,0,387,20,367,130,80,88,-1,-1,1,1,1,0,0,0,0,0,1,1,4.0,7,3,1,1,0,0,0,0,0,0,1,0,0,1,0,-1,0,FF,00,00,EE,LR,00,PP,00,00,DD,00,00,00,00,00,WD,00,00,15,-15,15,-15,15,-15,15,-15,1,1973,10,11,9999,1973,10,12,9999,,,,,,,,,,,,,,,,,,,,,,,,,,,,,,,,,,,,,,,,,,,,,,,,,,,,,,,,,,,,,,,,,,,,,,,,
596,"ARAB-ISRAELI WAR, 1973 (OCTOBER WAR)",TEL EL HARA,SYRIA,GOLAN,IR 3RD ARMD DIV,BG LAFTA,IS 240TH ARMD DIV,MG LANER,12,20,9999,99,99,9999,-1,-1,9999,99,99,9999,-1,-1,9999,99,99,9999,0,HD,OO,0,0,0,GB0,RB0,DSHFT,00000,00000,-2,-1,12500,1,12500,0,450,12050,14300,1,14300,0,50,14250,0,318,18,300,71,40,103,-1,-1,0,318,30,288,60,28,4,-1,-1,-2,-2,-2,0,0,0,-1,0,-1,-1,-2.0,1,9,1,-2,0,0,0,0,0,0,-1,0,-2,-1,0,0,0,FF,00,00,00,00,00,RR,WD,00,DD,00,00,00,00,00,00,00,00,15,-15,15,-15,15,-15,15,-15,1,1973,10,13,0300,1973,10,13,0330,,,,,,,,,,,,,,,,,,,,,,,,,,,,,,,,,,,,,,,,,,,,,,,,,,,,,,,,,,,,,,,,,,,,,,,,
597,"ARAB-ISRAELI WAR, 1973 (OCTOBER WAR)",KFAR SHAMS-TEL ANTAR,SYRIA,GOLAN,IS 240TH ARMD DIV(-),MG LANER,IS 3RD ARMD DIV,BG LAFTA,20,20,9999,99,99,9999,-1,-1,9999,99,99,9999,-1,-1,9999,99,99,9999,0,HD,OO,0,0,0,GB0,RB0,DSHFT,00000,00000,2,1,11000,1,11000,0,100,10900,12000,1,12000,0,200,11800,0,212,20,192,40,30,6,-1,-1,0,269,15,254,70,20,34,-1,-1,2,2,2,0,0,0,1,0,1,1,5.0,8,2,1,2,0,0,0,0,0,0,1,0,1,1,0,0,0,EE,RF,00,00,00,00,PP,SS,00,DD,00,00,00,00,00,SS,00,00,15,-15,15,-15,15,-15,15,-15,1,1973,10,15,1600,1973,10,15,1900,,,,,,,,,,,,,,,,,,,,,,,,,,,,,,,,,,,,,,,,,,,,,,,,,,,,,,,,,,,,,,,,,,,,,,,,
598,"ARAB-ISRAELI WAR, 1973 (OCTOBER WAR)",NABA,SYRIA,GOLAN,JOR 40TH ARMD BDE(+),BG EL MAJALI,IS 240TH ARMD DIV,MG LANER,9,9,9999,99,99,9999,-1,-1,9999,99,99,9999,-1,-1,9999,99,99,9999,0,PD,OO,0,0,0,GB0,RB0,DSHFT,00000,00000,0,-1,11500,1,11500,0,450,11050,11000,1,11000,0,100,10900,0,269,9,260,48,50,57,-1,-1,0,212,20,192,48,50,8,-1,-1,-1,-1,-1,0,0,0,0,0,0,-1,0.0,2,8,1,-1,0,0,0,0,0,0,-1,0,0,-1,0,0,0,FF,00,00,EE,LR,00,RR,00,00,DD,00,00,00,00,00,SS,00,00,15,-15,15,-15,15,-15,15,-15,2,1973,10,16,0500,1973,10,16,0900,1973,10,16,1000,1973,10,16,1030,,,,,,,,,,,,,,,,,,,,,,,,,,,,,,,,,,,,,,,,,,,,,,,,,,,,,,,,,,,,,,,,
599,"ARAB-ISRAELI WAR, 1973 (OCTOBER WAR)",ARAB COUNTEROFFENSIVE,SYRIA,GOLAN,SYR 9TH INF DIV(-)(+),COL TOURKMANI,IS 146TH ARMD DIV,MG PELED,25,25,9999,99,99,9999,-1,-1,9999,99,99,9999,-1,-1,9999,99,99,9999,0,PD,OO,0,0,0,GB0,RB0,DSHFT,00000,00000,0,-1,35750,1,35750,0,550,35200,16100,1,16100,0,160,15940,0,566,22,544,198,50,67,-1,-1,0,270,30,240,60,50,10,-1,-1,-1,-1,-1,0,0,0,0,0,0,-1,0.0,2,8,1,-2,0,0,0,0,0,0,-1,0,0,-1,0,-1,0,FF,00,00,00,00,00,RR,WD,00,DD,00,00,00,00,00,SS,00,00,15,-15,15,-15,15,-15,15,-15,1,1973,10,19,0600,1973,10,19,1700,,,,,,,,,,,,,,,,,,,,,,,,,,,,,,,,,,,,,,,,,,,,,,,,,,,,,,,,,,,,,,,,,,,,,,,,
