!,,,,,,,...,,,,...,,,,...,,,,,,...,,,,...,,,,...,,,,...,,,,,,,,,,,...,,,,,,,,,,,,,...,,,,,...,,+++,+++,+++
@@,ISQNO,WAR,NAME,LOCN,CAMPGN,NAMA,...,TIME,TERRA1,TERRA2,...,AEROA,STRA,CODEA,...,CASA,FINSTA,STRD,CODED,INTSTD,...,CASD,FINSTD,CAVA,...,CAVD,TANKD,LTD,...,FLYD,CTANKD,CARTYD,...,RESOD3,STRAPL,STRAMI,CASAPL,CASAMI,STRDPL,STRDMI,CASDPL,CASDMI,NOATP,...,ATPEMN1,ATPEDA1,ATPEHR1,ATPBYR2,ATPBMN2,ATPBDA2,ATPBHR2,ATPEYR2,ATPEMN2,ATPEDA2,ATPEHR2,ATPBYR3,...,ATPEMN3,ATPEDA3,ATPEHR3,ATPBYR4,...,ATPEHR10,INSTA,INSTD,CAMPAGN
->,13,"THIRTY YEAR'S WAR",ROCROI,FRANCE,"NE FRANCE 1643","FR ARMY",...,0,RM0,000,...,0,23000,1,...,4000,19000,26000,1,26000,...,14000,12000,7000,...,7000,0,0,...,0,0,18,...,00,0,-13,0,-100->-10,0,-4,0,-16,1,...,5,19,1000,,,,,,,,,,...,,,,,...,,,,
->,28,"SECOND ENGLISH CIVIL WAR",WORCESTER,ENGLAND,WORCESTER,"ENG PARL ARMY",...,0,RM0,000,...,0,28000,1,...,1000,27000,16000,1,16000,...,9000,7000,9000,...,4000,0,0,...,0,0,-1,...,00,7,0,0,-300->-30,0,-10,0,-10,1,...,9,3,1800,,,,,,,,,,...,,,,,...,,,,
->,35,"DUTCH WAR",SENEF,"SPANISH NETHERLANDS","SPANISH NETHERLANDS 1674","FR ARMY",...,0,RM0,000,...,0,50000,1,...,10000,40000,70000,1,70000,...,14000,56000,15000,...,15000,0,0,...,0,0,4,...,00,0,-10,0,-30,0,-7,43,0,1,...,8,11->12,2400->0,,,,,,,,,,...,,,,,...,,,,
->,117,"THE NAPOLEONIC WARS",AUSTERLITZ,MORAVIA,"1805->THIRD COALITION","ALLIED ARMY",...,0,RM0,000,...,0,85400,1,...,27500,57900,73200,3,65200,...,7000,66200,16000,...,21960,0,0,...,0,0,0,...,00,4,-3,0,-7,2,-11,29,-3,1,...,12,2,1700,,,,,,,,,,...,,,,,...,,,,
->,126,"THE NAPOLEONIC WARS","THE RAAB",HUNGARY,"WAGRAM (ITALY)->WAGRAM","FR ARMY",...,0,RM0,GM0,...,0,35000,1,...,4000,31000,37000,1,37000,...,6211,30789,6000,...,9000,0,0,...,0,0,2,...,00,0,-31,0,-25,0,-32,61,-19,1,...,6,14,1700,,,,,,,,,,...,,,,,...,,,,
->,147,"WAR OF 1812",CHIPPEWA,CANADA,"NORTHERN->NORTHERN 1812","BR ARMY",...,0,RM0,000,...,0,2100,1,...,604,1496,2650,1,2650,...,335,2315,200,...,-1,0,0,...,0,0,0,...,00,0,-14,0,-31,32,0,0,-2,1,...,7,5,1800,,,,,,,,,,...,,,,,...,,,,
->,148,"WAR OF 1812","LUNDY'S LANE",CANADA,"NORTHERN->NORTHERN 1812","US ARMY",...,0,RM0,000,...,0,2000,3,...,860,1140,3000,3,1700,...,878,2122,-1,...,-1,0,0,...,0,0,2,...,00,29,0,5,-5,0,-7,5,-5,1,...,7,25->26,2400->0,,,,,,,,,,...,,,,,...,,,,
->,157,"US-MEXICAN WAR","PALO ALTO",TEXAS,"NORTHERN->NORTHERN MEXICAN","US ARMY",...,0,FB0,000,...,0,2288,1,...,48,2240,6000,1,6000,...,400,5600,-1,...,1000,0,0,...,0,0,-1,...,00,2,0,13,0,10,0,0,-25,1,...,5,8,1930,,,,,,,,,,...,,,,,...,,,,
->,158,"US-MEXICAN WAR","RESACA DE LA PALMA",TEXAS,"NORTHERN->NORTHERN MEXICAN","US ARMY",...,0,FM0,000,...,0,1700,1,...,122,1578,5600,1,5600,...,600,5000,-1,...,-1,0,0,...,0,0,8,...,00,35,0,1,0,0,-11,34,0,1,...,5,9,1730,,,,,,,,,,...,,,,,...,,,,
->,159,"US-MEXICAN WAR","BUENA VISTA",MEXICO,"NORTHERN->NORTHERN MEXICAN","MEX ARMY",...,0,GB0,000,...,0,14000,1,...,2000,12000,4759,1,4759,...,746,4013,-1,...,1018,0,0,...,0,0,2,...,00,57,0,85,-25,5,-5,0,0,2,...,2,22,1845,1847,2,23,600,1847,2,23,1845,,...,,,,,...,,,,
->,168,"WAR OF AUSTRIA WITH FRANCE AND PIEDMONT",SOLFERINO,LOMBARDY,"LOMBARDY 1859","FR & PIED ARMY",...,0,RM0,000,...,0,143000,1,...,17400,125600,130000,1,130000,...,21800,108200,15000,...,-1,0,0,...,0,0,-1,...,00,0,-17,0,3->-3,0,-8,1,0,1,...,6,24,1830,,,,,,,,,,...,,,,,...,,,,
->,202,"AMERICAN CIVIL WAR","THE WILDERNESS",VIRGINIA,"WILDERNESS->WILDERNESS-SPOTSYLVANIA-COLD HARBOR","US ARMY OF THE POTOMAC",...,0,RM0,RW0,...,0,101895,3,...,17666,84229,61025,3,31000,...,7750,53275,13003,...,7261,0,0,...,0,0,-1,...,WD,10,-10,10,-10,10,-10,55,0,2,...,5,5,2000,1864,5,6,500,1864,5,6,2000,,...,,,,,...,,,,
->,203,"AMERICAN CIVIL WAR",SPOTSYLVANIA,VIRGINIA,"SPOTSYLVANIA->WILDERNESS-SPOTSYLVANIA-COLD HARBOR","US ARMY OF THE POTOMAC",...,1,RM0,000,...,0,90000,3,...,18399,71601,50000,3,14000,...,10000,40000,12000,...,7000,0,0,...,0,0,18,...,00,10,-20,0,-40,15,-15,50,0,1,...,5,18,9999,,,,,,,,,,...,,,,,...,,,,
->,205,"AMERICAN CIVIL WAR","COLD HARBOR",VIRGINIA,"WILDERNESS-SPOTSYLVANIA-COLD HARBOR","US ARMY OF THE POTOMAC(+)",...,0,RM0,000,...,0,107907,1,...,11000,96707->96907,59000,1,59000,...,1500,57500,12976,...,-1,0,0,...,0,0,-1,...,00,0,-10,0,-36,0,-10,33,-33,1,...,6,3,1330,,,,,,,,,,...,,,,,...,,,,
->,223,"FRANCO-PRUSSIAN WAR","MARS LA TOUR",FRANCE,METZ,"GER 1ST & 2ND ARMIES",...,0,RM0,000,...,0,91000->63000,3,...,16000,47000,113000,1,113000,...,14000,99000,11000,...,14000,0,0,...,0,0,1,...,00,33,-31,5,-5,17,0,21,0,1,...,8,16,2200,,,,,,,,,,...,,,,,...,,,,
->,242,"RUSSO-JAPANESE WAR","THE YALU",KOREA,"YALU 1904","JAP 1ST ARMY",...,0,GM0,000,...,0,56000,1,...,1110,54900->54890,18000,1,18000,...,2500,15500,1800,...,2000,0,0,...,0,0,21,...,00,0,-29,0,-21,0,-44,81,-12,2,...,4,30,2000,1904,5,1,500,1904,5,1,1300,,...,,,,,...,,,,
->,328,"WORLD WAR I (TURKISH FRONTS 1917)","GAZA III",PALESTINE,"PALESTINE 1917","BR ARMY OF EGYPT",...,0,RM0,000,...,1,72000,3,...,2696,69304,34000->34400,3,-1,...,2950,31450,0,...,0,-1,-1,...,-1,-1,-1,...,00,22,0,5,-5,15,0,15,0,1,...,11,6,9999,,,,,,,,,,...,,,,,...,,,,
->,338,"WORLD WAR I (WESTERN FRONT 1918)","WEST WOOD I",FRANCE,"BELLEAU WOOD","US 3/5TH MAR RGT(-)",...,0,RM0,GW0,...,0,1740->1940,1,...,361,1379->1579,1121,1,1121,...,54,1067,0,...,0,0,0,...,7,0,-1,...,00,10,-10,10,-10,15,-15,15,-15,1,...,6,6,2100,,,,,,,,,,...,,,,,...,,1940,,
->,351,"WORLD WAR I (WESTERN FRONT 1918)",CHAMPAGNE-MARNE,FRANCE,"GERMAN SPRING OFFENSIVE 1918->GERMAN SPRING OFFENSIVES","GER 7TH, 1ST & 3RD ARMIES",...,0,RM0,000,...,1,400000,3,...,100000,300000,450000,3,-1,...,40000,410000,0,...,0,-1,-1,...,-1,-1,600,...,00,10,-10,10,-10,0,-15,10,-10,1,...,7,17,9999,,,,,,,,,,...,,,,,...,,,,
+,362,"WORLD WAR I (WESTERN FRONT 1918)","PICARDY 1918, I",FRANCE,"AMIENS OFFENSIVE","BR 1ST, 3RD, 4TH ARMIES",...,0,RM0,000,...,1,225000,1,...,10000,-1,170000,1,-1,...,30000,-1,0,...,0,-1,-1,...,-1,-1,400,...,00,15,-15,15,-15,15,-15,15,-15,1,...,8,11,9999,,,,,,,,,,...,,,,,...,,225000,170000,
+,363,"WORLD WAR I (WESTERN FRONT 1918)","PICARDY 1918, II",FRANCE,"AMIENS OFFENSIVE","BR 1ST ARMY(+) & FR 1ST ARMY(+)",...,0,RM0,000,...,1,300000,1,...,35000,-1,200000,1,-1,...,80000,-1,0,...,0,-1,-1,...,-1,-1,100,...,00,15,-15,15,-15,15,-15,15,-15,1,...,9,4,9999,,,,,,,,,,...,,,,,...,,300000,200000,
->,371,"WORLD WAR I (WESTERN FRONT 1918)","SOMMEPY WOOD",FRANCE,"MEUSE-ARGONNE (CHAMPAGNE)","US 4TH MAR BDE(-)",...,0,RW0,000,...,1,9230,1,...,620,9081->8610,670,1,670,...,450,217->220,0,...,0,0,0,...,-1,0,4,...,00,10,-10,10,-10,15,-15,15,-15,1,...,10,3,930,,,,,,,,,,...,,,,,...,,,,
->,396,"WORLD WAR II (ITALY 1943-1944)","SELE-CALORE CORRIDOR",ITALY,SALERNO,"US 45TH INF DIV",...,0,RM0,000,...,1,12447,1,...,251,12196,8390,1,8390,...,60,8330,0,...,0,78,0,...,7,-1,-1,...,00,5,-5,5,-5,15,-15,15,-15,1,...,9,11->12,2400->0,,,,,,,,,,...,,,,,...,,,,
->,408,"WORLD WAR II (ITALY 1943-1944)",TRIFLISCO,ITALY,VOLTURNO,"US 3RD INF DIV",...,0,RM0,000,...,1,18476,1,...,267,-1,7250,1,7250,...,76,-1,0,...,0,22,0,...,10,-1,-1,...,00,5,-5,5,-5,15,-15,15,-15,2,...,10,13,1830,1943,10,14,1645,1943,10,14->15,2400->0,,...,,,,,...,,,,
->,431,"WORLD WAR II (ITALY 1943-1944)","BOWLING ALLEY",ITALY,ANZIO,"GER 74TH PZ CORPS(-)(+)",...,0,FM0,000,...,-1,41974,1,...,2238,-1,20496,1,20496,...,1018,-1,0,...,0,106,17,...,1270,38,0,...,00,15,-15,15,-15,5,-5,5,-5,6,...,2,16,1830,1944,2,16->17,2400->0,1944,2,17,900,1944,...,2,17,1730,1944,...,,,,
->,436,"WORLD WAR II (ITALY 1944)",CASTELLONORATO,ITALY,ROME,"US 85TH INF DIV(+)",...,0,GB0,000,...,1,16458,1,...,537,-1,7500,1,7500,...,442,-1,0,...,0,21,0,...,0,-1,-1,...,00,5,-5,5,-5,15,-15,15,-15,2,...,5,14,2100,1944,5,15,900,1944,5,15->16,2400->0,,...,,,,,...,,,,
->,441,"WORLD WAR II (ITALY 1944)",TERRACINA,ITALY,ROME,"US 85TH INF DIV(-)(+)",...,0,GM0,000,...,1,18030,1,...,287,-1,6653,1,6653,...,380,-1,0,...,0,26,0,...,0,-1,-1,...,00,5,-5,5,-5,15,-15,15,-15,3,...,5,22,2000,1944,5,22,2100,1944,5,22->23,2400->0,1944,...,5,24,830,,...,,,,
->,443,"WORLD WAR II (ITALY 1944)","ANZIO-ALBANO ROAD",ITALY,ROME,"BR 1ST INF DIV(+)",...,0,FM0,000,...,1,17313,1,...,194,-1,11343->6653,1,11343,...,107,-1,0,...,0,19,0,...,0,-1,-1,...,00,10,-10,10,-10,15,-15,15,-15,1,...,5,24,9999,,,,,,,,,,...,,,,,...,,,,
->,450,"WORLD WAR II (ITALY 1944)",ARDEA,ITALY,ROME,"BR 5TH INF DIV",...,0,RM0,000,...,1,15557,1,...,245,-1,7659->7695,1,7695,...,374,-1,0,...,0,0,0,...,0,0,-1,...,00,10,-10,10,-10,15,-15,15,-15,1,...,5,30,9999,,,,,,,,,,...,,,,,...,,,,
->,488,"WORLD WAR II, EASTERN FRONT->WORLD WAR II (EASTERN FRONT)",ROVNO,USSR,BARBAROSSA,"GER 1ST PZ GROUP",...,0,RM0,FM0,...,1,132000,1,...,3960,-1,150000,1,150000,...,88000,-1,0,...,0,852,420,...,450,560,-1,...,00,15,-15,20,-20,20,-20,25,-25,1,...,6,26,9999,,,,,,,,,,...,,,,,...,,,,
->,489,"WORLD WAR II, EASTERN FRONT->WORLD WAR II (EASTERN FRONT)","DEFENSE OF MOSCOW",USSR,TYPHOON,"GER AG CENTER",...,1,RM0,000,...,1,1100000,1,...,253000,-1,1372000,1,1372000,...,885000,-1,0,...,0,950,-1,...,-1,840,3400,...,00,15,-15,20,-20,20,-20,25,-25,1,...,12,3,9999,,,,,,,,,,...,,,,,...,,,,
->,490,"WORLD WAR II, EASTERN FRONT->WORLD WAR II (EASTERN FRONT)","MOSCOW COUNTEROFFENSIVE",USSR,"MOSCOW COUNTEROFFENSIVE","SOV KALININ AG(+)",...,1,RM0,000,...,0,1060300,1,...,139000,-1,880000,1,880000,...,85300,-1,0,...,0,850,-1,...,-1,510,210,...,00,20,-20,25,-25,15,-15,20,-20,1,...,1,7,9999,,,,,,,,,,...,,,,,...,,,,
->,491,"WORLD WAR II, EASTERN FRONT->WORLD WAR II (EASTERN FRONT)","POGORELOYE GORODISHCHE",USSR,"THE RZEHW OPERATION","SOV 20TH COMBINED ARMS ARMY",...,1,FW0,FM0,...,-1,54180,1,...,21327,70153,12035,1,12035,...,6534,39373,0,...,0,258,-1,...,-1,110,123,...,00,20,-20,20,-20,15,-15,20,-20,8,...,8,4,1800,1942,8,5,530,1942,8,5,2100,1942,...,8,6,2200,1942,...,,,,
->,492,"WORLD WAR II, EASTERN FRONT->WORLD WAR II (EASTERN FRONT)","LENINGRAD (OPERATION SPARK)",USSR,LENINGRAD,"SOV 2ND ASSAULT ARMY(+)",...,0,FM0,000,...,0,120000,1,...,28000,-1,30000,1,30000,...,4150,-1,0,...,0,20,0,...,140,7,-1,...,00,20,-20,25,-25,15,-15,20,-20,1,...,1,18,9999,,,,,,,,,,...,,,,,...,,,,
->,493,"WORLD WAR II, EASTERN FRONT->WORLD WAR II (EASTERN FRONT)","OBOYAN-KURSK (PHASE I)",USSR,"KURSK (CITADEL)","GER 48TH PZ CORPS",...,0,RM0,000,...,1,62000,1,...,1364,-1,45000,1,45000,...,5680,-1,0,...,0,55,-1,...,-1,45,-1,...,00,15,-15,20,-20,20,-20,25,-25,1,...,7,6,9999,,,,,,,,,,...,,,,,...,,,,
->,494,"WORLD WAR II, EASTERN FRONT->WORLD WAR II (EASTERN FRONT)","OPERATION CITADEL (SOUTHERN SECTOR)",USSR,"KURSK (CITADEL)","GER 4TH PZ ARMY",...,0,RM0,000,...,1,140000,1,...,3180,136820,75000,1,75000,...,4900,70100,0,...,0,155,-1,...,837,88,99,...,00,15,-15,20,-20,20,-20,25,-25,1,...,7,5,9999,,,,,,,,,,...,,,,,...,,,,
->,495,"WORLD WAR II, EASTERN FRONT->WORLD WAR II (EASTERN FRONT)","OBOYAN-KURSK (PHASE II)",USSR,"KURSK (CITADEL)","GER 48TH PZ CORPS",...,1,RM0,000,...,0,60000,3,...,3500,56500,149000,3,-1,...,25800,123200,0,...,0,450,-1,...,-1,292,-1,...,00,15,-15,20,-20,20,-20,25,-25,1,...,7,10,9999,,,,,,,,,,...,,,,,...,,,,
->,496,"WORLD WAR II, EASTERN FRONT->WORLD WAR II (EASTERN FRONT)","OBOYAN-KURSK (PHASE III)",USSR,"KURSK (CITADEL)","GER 48TH PZ CORPS",...,1,RM0,000,...,0,56000,1,...,2900,-1,129000,1,-1,...,30200,-1,0,...,0,310,-1,...,-1,139,-1,...,00,15,-15,20,-20,20,-20,25,-25,1,...,7,15,9999,,,,,,,,,,...,,,,,...,,,,
->,497,"WORLD WAR II, EASTERN FRONT->WORLD WAR II (EASTERN FRONT)",PROKHOROVKA,USSR,"KURSK (CITADEL)","SOV STEPPE ARMY GROUP",...,0,RM0,000,...,1,78000,1,...,5700,-1,82300,1,82300,...,5100,-1,0,...,0,505,-1,...,-1,200,25,...,00,20,-20,25,-25,15,-15,20,-20,1,...,7,13,9999,,,,,,,,,,...,,,,,...,,,,
->,498,"WORLD WAR II, EASTERN FRONT->WORLD WAR II (EASTERN FRONT)","KURSK COUNTEROFFENSIVE (SOUTHERN SECTOR)",USSR,"KURSK COUNTEROFFENSIVE","SOV VORONEZH AG(+)",...,1,RM0,000,...,1,980600,1,...,117700,-1,280000,1,280000,...,39500,-1,0,...,0,600,-1,...,-1,340,-1,...,00,20,-20,25,-25,15,-15,20,-20,1,...,8,23,9999,,,,,,,,,,...,,,,,...,,,,
->,499,"WORLD WAR II, EASTERN FRONT->WORLD WAR II (EASTERN FRONT)",BELGOROD,USSR,"KURSK COUNTEROFFENSIVE","SOV 53RD ARMY",...,0,RM0,000,...,0,70000,1,...,11676,-1,15000,1,15000,...,2405,-1,0,...,0,50,0,...,-1,-1,-1,...,00,20,-20,25,-25,15,-15,20,-20,1,...,8,5,9999,,,,,,,,,,...,,,,,...,,,,
->,500,"WORLD WAR II, EASTERN FRONT->WORLD WAR II (EASTERN FRONT)",MELITOPOL,USSR,"RACE TO THE DNIEPER","SOV 4TH UKRANIAN AG",...,0,RM0,000,...,1,524724,1,...,79000,-1,210000,1,210000,...,36500,-1,0,...,0,300,-1,...,-1,170,-1,...,00,20,-20,25,-25,15,-15,20,-20,1,...,11,5,9999,,,,,,,,,,...,,,,,...,,,,
->,501,"WORLD WAR II, EASTERN FRONT->WORLD WAR II (EASTERN FRONT)",KORSUN-SCHEVCHENKOVSKIY,USSR,"UKRANIAN CAMPAIGN","SOV FIRST UKRAINIAN AG(+)",...,1,FM0,000,...,0,254950,1,...,63500,-1,84500,1,84500,...,68000,-1,0,...,0,229,-1,...,-1,229,514,...,00,20,-20,25,-25,15,-15,20,-20,1,...,2,17,9999,,,,,,,,,,...,,,,,...,,,,
->,502,"WORLD WAR II, EASTERN FRONT->WORLD WAR II (EASTERN FRONT)","NIKOPOL BRIDGEHEAD",USSR,"DNIEPER BRIDGEHEAD","SOV 109TH RIFLE DIV(+)",...,0,FM0,000,...,1,25100,1,...,610,24490,8230,1,8230,...,480,7750,0,...,0,0,0,...,-1,0,-1,...,00,20,-20,20,-20,15,-15,0,-23,1,...,2,5,9999,,,,,,,,,,...,,,,,...,,,,
->,503,"WORLD WAR II, EASTERN FRONT->WORLD WAR II (EASTERN FRONT)",SEVASTOPOL,USSR,"CRIMEA 1944","SOV 4TH UKRANIAN AG",...,0,RM0,00U,...,1,397607,1,...,35500,-1,72000,1,72000,...,48500,23500,0,...,0,50,-1,...,-1,50,-1,...,00,20,-20,25,-25,15,-15,20,-20,1,...,5,9,9999,,,,,,,,,,...,,,,,...,,,,
->,504,"WORLD WAR II, EASTERN FRONT->WORLD WAR II (EASTERN FRONT)","BEREZINA RIVER",USSR,"BYELORUSSIAN OFFENSIVE","SOV 3RD GDS MECH CORPS",...,0,FWM,000,...,1,16100,1,...,670,-1,8500,1,8500,...,4795,-1,0,...,0,15,-1,...,-1,15,67,...,00,20,-20,25,-25,15,-15,20,-20,1,...,6,29,9999,,,,,,,,,,...,,,,,...,,,,
->,505,"WORLD WAR II, EASTERN FRONT->WORLD WAR II (EASTERN FRONT)",LVOV-SANDOMIERZ,USSR,"LIBERATION OF E POLAND","SOV 1ST UKRAINIAN AG",...,0,FM0,RM0,...,1,1200000,1,...,37400,-1,900000,3,-1,...,198000,702000,0,...,0,900,-1,...,-1,520,-1,...,00,20,-20,20,-20,15,-15,15,-15,1,...,7,29,9999,,,,,,,,,,...,,,,,...,,,,
->,506,"WORLD WAR II, EASTERN FRONT->WORLD WAR II (EASTERN FRONT)","BRODY (PHASE I)",USSR,"THE LVOV-SANDOMIERZ OPERATION","SOV 15TH RIFLE CORPS",...,0,FW0,000,...,1,39000,1,...,980,38020,3300,1,3300,...,720,2580,0,...,0,0,0,...,-1,0,9,...,00,20,-20,20,-20,15,-15,15,-15,1,...,7,14,2200,,,,,,,,,,...,,,,,...,,,,
->,507,"WORLD WAR II, EASTERN FRONT->WORLD WAR II (EASTERN FRONT)","BRODY (PHASE II)",USSR,"THE LVOV-SANDOMIERZ OPERATION","SOV 15TH RIFLE CORPS",...,0,FW0,000,...,1,38500,1,...,1750,36750,12900,1,12900,...,490,12410,0,...,0,103,-1,...,-1,41,16,...,00,20,-20,20,-20,15,-15,15,-15,1,...,7,15,2200,,,,,,,,,,...,,,,,...,,,,
->,508,"WORLD WAR II, EASTERN FRONT->WORLD WAR II (EASTERN FRONT)","VISTULA RIVER, CROSSING, PHASE I",POLAND,"POLAND 1944","SOV 91ST RIFLE CORPS",...,0,FM0,000,...,1,12700,1,...,1150,-1,5100,1,5100,...,320,-1,0,...,0,12,-1,...,-1,4,2,...,00,20,-20,25,-25,15,-15,20,-20,1,...,7,31,9999,,,,,,,,,,...,,,,,...,,,,
->,509,"WORLD WAR II, EASTERN FRONT->WORLD WAR II (EASTERN FRONT)","VISTULA RIVER, PULAWY, PHASE II",POLAND,"POLAND 1944","SOV 91ST RIFLE CORPS",...,0,FM0,000,...,1,17550,1,...,3040,-1,6400,1,6400,...,785,-1,0,...,0,24,-1,...,-1,18,6,...,00,20,-20,25,-25,15,-15,20,-20,1,...,8,7,9999,,,,,,,,,,...,,,,,...,,,,
->,510,"WORLD WAR II, EASTERN FRONT->WORLD WAR II (EASTERN FRONT)","YASSY-KISHINEV OPERATION",USSR,"ROMANIA 1944","SOV 2ND AG(+)",...,0,FM0,000,...,1,1250000,1,...,135000,-1,800000,1,800000,...,690000,-1,0,...,0,400,-1,...,-1,380,-1,...,00,20,-20,25,-25,15,-15,20,-20,1,...,8,29,9999,,,,,,,,,,...,,,,,...,,,,
->,511,"WORLD WAR II, EASTERN FRONT->WORLD WAR II (EASTERN FRONT)",VISTULA-ODER,USSR,"LIBERATION OF W POLAND","SOV 1ST BYELORUSSIAN AG(+)",...,0,FM0,RM0,...,1,2200000,1,...,46900,-1,560000,1,560000,...,147400,-1,0,...,0,1200,-1,...,-1,750,-1,...,00,20,-20,25,-25,15,-15,20,-20,1,...,2,3,9999,,,,,,,,,,...,,,,,...,,,,
->,512,"WORLD WAR II, EASTERN FRONT->WORLD WAR II (OKINAWA)","EAST PRUSSIA",GERMANY,"EAST PRUSSIA 1945","SOV 2ND BYELORUSSIAN AG(+)",...,0,RM0,00M,...,1,1220000,1,...,112000,-1,780000,1,780000,...,126000,-1,0,...,0,700,-1,...,-1,480,-1,...,00,20,-20,25,-25,15,-15,20,-20,1,...,1,31,9999,,,,,,,,,,...,,,,,...,,,,
->,513,"WORLD WAR II, EASTERN FRONT->WORLD WAR II (OKINAWA)","CIECHANOW (PHASE I)",POLAND,"RUSSIAN WINTER OFFENSIVE 1945","SOV 90TH RIFLE DIV",...,0,R00,000,...,0,10800,1,...,685,-1,3100,1,3100,...,145,-1,0,...,0,12,-1,...,-1,4,11,...,00,20,-20,25,-25,15,-15,20,-20,1,...,1,14,9999,,,,,,,,,,...,,,,,...,,,,
->,514,"WORLD WAR II, EASTERN FRONT->WORLD WAR II (OKINAWA)","CIECHANOW (PHASE II)",POLAND,"RUSSIAN WINTER OFFENSIVE 1945","SOV 90TH RIFLE DIV",...,0,R00,000,...,0,12115,1,...,850,-1,3900,1,3900,...,230,-1,0,...,0,32,-1,...,-1,12,3,...,00,20,-20,25,-25,15,-15,20,-20,1,...,1,15,9999,,,,,,,,,,...,,,,,...,,,,
->,515,"WORLD WAR II, EASTERN FRONT->WORLD WAR II (OKINAWA)","SEELOW HEIGHTS",GERMANY,"BERLIN 1945","SOV 57TH GDS RIFLE DIV(+)",...,0,GM0,000,...,1,13600,2,...,474,13929,3710->3782,2->1,3782,...,150,3632,0,...,0,5,-1,...,30,3,-1,...,00,20,-20,20,-20,15,-15,15,-15,1,...,4,17,9999,,,,,,,,,,...,,,,,...,,,,
->,516,"WORLD WAR II, EASTERN FRONT->WORLD WAR II (OKINAWA)",MUTANKIANG,MANCHURIA,"MANCHURIA 1945","SOV 5TH COMBINED ARMS ARMY",...,0,RM0,GM0,...,1,147000,1,...,10000,-1,75000,1,75000,...,36000,-1,0,...,0,105,105,...,120,84,-1,...,00,20,-20,25,-25,20,-20,20,-20,1,...,8,16,9999,,,,,,,,,,...,,,,,...,,,,
->,517,"WORLD WAR II (PACIFIC, 1943-1945)->WORLD WAR II (OKINAWA)",TARAWA-BETIO,JAPAN,"CENTRAL PACIFIC","US 2ND MAR DIV(-)",...,0,RM0,000,...,1,9000,3,...,3302,5698,4836,1,4836,...,4836,0,0,...,0,14,14,...,0,14,53,...,00,5,-5,1,-1,5,-5,5,-5,4,...,11,20,1900,1943,11,21,600,1943,11,21,1900,1943,...,11,23,400,1943,...,,,,
->,518,"WORLD WAR II (PACIFIC, 1943-1945)->WORLD WAR II (OKINAWA)","IWO JIMA - INTO THE MAIN DEFENSES",JAPAN,"BONIN ISLANDS","US 5TH AMPH CORPS",...,0,RB0,GB0,...,1,33915,1,...,6845,-1,18300,1,18300,...,15615,-1,0,...,0,40,10,...,10,40,54,...,00,10,-10,10,-10,20,-20,20,-20,1,...,2,24,9999,,,,,,,,,,...,,,,,...,,,,
->,519,"WORLD WAR II (PACIFIC, 1943-1945)->WORLD WAR II (OKINAWA)","IWO JIMA - SURIBACHI",JAPAN,"BONIN ISLANDS","US 28TH MAR RGT",...,0,GB0,000,...,1,3200,1,...,510,-1,1600,3,1600,...,1231,369,0,...,0,0,0,...,10,0,30,...,00,10,-10,10,-10,20,-20,20,-20,1,...,2,24,9999,,,,,,,,,,...,,,,,...,,,,
->,520,"WORLD WAR II (PACIFIC, 1943-1945)->WORLD WAR II (OKINAWA)","IWO JIMA - FINAL PHASE",JAPAN,"BONIN ISLANDS","US 3RD MAR DIV(+)",...,0,RB0,000,...,1,32000,1,...,3885,-1,2685,3,2685,...,2685,0,0,...,0,40,10,...,0,40,120,...,00,10,-10,10,-10,20,-20,20,-20,1,...,3,16,9999,,,,,,,,,,...,,,,,...,,,,
->,521,"WORLD WAR II, OKINAWA->WORLD WAR II (OKINAWA)","ADVANCE FROM THE BEACHHEAD",OKINAWA,"OKINAWA (US 7TH INF DIV SECTOR)","US 7TH INF DIV(+)",...,0,FM0,RM0,...,1,22888,1,...,158,-1,1400,1,1400,...,628,-1,0,...,0,0,0,...,0,0,0,...,00,0,-5,5,-5,20,-20,20,-20,1,...,4,4,9999,,,,,,,,,,...,,,,,...,,,,
->,522,"WORLD WAR II, OKINAWA->WORLD WAR II (OKINAWA)","ADVANCE THROUGH THE OUTPOSTS",OKINAWA,"OKINAWA (US 7TH INF DIV SECTOR)","US 7TH INF DIV(+)",...,0,GM0,FB0,...,1,18398,1,...,286,-1,2900,1,2900,...,2120,-1,0,...,0,0,0,...,0,0,-1,...,00,0,-5,5,-5,20,-20,20,-20,1,...,4,8,9999,,,,,,,,,,...,,,,,...,,,,
->,523,"WORLD WAR II, OKINAWA->WORLD WAR II (OKINAWA)","TOMB HILL-OUKI",OKINAWA,"OKINAWA (US 7TH INF DIV SECTOR)","US 7TH INF DIV(+)",...,0,GM0,FB0,...,1,18111,1,...,466,-1,4731,1,4731,...,1278,-1,0,...,0,0,0,...,0,0,-1,...,00,0,-5,5,-5,20,-20,20,-20,1,...,4,11,9999,,,,,,,,,,...,,,,,...,,,,
->,524,"WORLD WAR II, OKINAWA->WORLD WAR II (OKINAWA)","SKYLINE RIDGE-ROCKY CRAGS",OKINAWA,"OKINAWA (US 7TH INF DIV SECTOR)","US 7TH INF DIV(+)",...,0,GM0,RM0,...,1,16291,1,...,740,-1,2600,1,2600,...,1661,-1,0,...,0,0,0,...,0,0,-1,...,00,0,-5,5,-5,20,-20,20,-20,1,...,4,23,9999,,,,,,,,,,...,,,,,...,,,,
->,525,"WORLD WAR II, OKINAWA->WORLD WAR II (OKINAWA)","KOCHI RIDGE-ONAGA I",OKINAWA,"OKINAWA (US 7TH INF DIV SECTOR)","US 7TH INF DIV(+)",...,0,GM0,RM0,...,1,14594,1,...,269,-1,5000,1,5000,...,1324,-1,0,...,0,0,0,...,0,0,-1,...,00,0,-5,5,-5,20,-20,20,-20,1,...,4,27,9999,,,,,,,,,,...,,,,,...,,,,
->,526,"WORLD WAR II, OKINAWA->WORLD WAR II (OKINAWA)","KOCHI RIDGE-ONAGA II",OKINAWA,"OKINAWA (US 7TH INF DIV SECTOR)","US 7TH INF DIV(+)",...,0,GM0,RM0,...,1,15986,1,...,182,-1,4500,1,4500,...,814,-1,0,...,0,0,0,...,0,0,-1,...,00,0,-5,5,-5,20,-20,20,-20,1,...,4,29,9999,,,,,,,,,,...,,,,,...,,,,
->,527,"WORLD WAR II, OKINAWA->WORLD WAR II (OKINAWA)","KOCHI RIDGE-ONAGA III",OKINAWA,"OKINAWA (US 7TH INF DIV SECTOR)","US 7TH INF DIV(+)",...,0,GM0,RM0,...,1,15764,1,...,398,-1,4050,1,4050,...,2276,-1,0,...,0,0,0,...,0,0,-1,...,00,0,-5,5,-5,20,-20,20,-20,1,...,5,3,9999,,,,,,,,,,...,,,,,...,,,,
->,528,"WORLD WAR II, OKINAWA->WORLD WAR II (OKINAWA)","JAPANESE COUNTERATTACK",OKINAWA,"OKINAWA (US 7TH INF DIV SECTOR)","JAP 24TH DIV(-)",...,0,GM0,RM0,...,-1,6850,1,...,3704,-1,15350,1,15350,...,339,-1,0,...,0,140,73,...,175,0,-1,...,00,20,-20,20,-20,0,-5,5,-5,1,...,5,5,9999,,,,,,,,,,...,,,,,...,,,,
->,529,"WORLD WAR II, OKINAWA->WORLD WAR II (OKINAWA)","KOCHI RIDGE IV",OKINAWA,"OKINAWA (US 7TH INF DIV SECTOR)","US 7TH INF DIV(+)",...,0,GM0,RM0,...,1,15109,1,...,114,-1,5140,1,5140,...,1464,-1,0,...,0,0,0,...,0,0,-1,...,00,0,-5,5,-5,20,-20,20,-20,1,...,5,7,9999,,,,,,,,,,...,,,,,...,,,,
->,530,"WORLD WAR II, OKINAWA->WORLD WAR II (OKINAWA)","SHURI ENVELOPMENT (PHASE I)",OKINAWA,"OKINAWA (US 7TH INF DIV SECTOR)","US 7TH INF DIV(+)",...,0,GM0,RM0,...,1,16043,1,...,170,-1,3338,1,3338,...,478,-1,0,...,0,0,0,...,0,0,-1,...,00,0,-5,5,-5,20,-20,20,-20,1,...,5,23,9999,,,,,,,,,,...,,,,,...,,,,
->,531,"WORLD WAR II, OKINAWA->WORLD WAR II (OKINAWA)","JAPANESE COUNTERATTACKS",OKINAWA,"OKINAWA (US 7TH INF DIV SECTOR)","JAP 24TH DIV(-)",...,0,RM0,000,...,-1,4000,1,...,1269,2731,15777,1,15777,...,241,15536,0,...,0,0,0,...,43,0,-1,...,00,20,-20,20,-20,0,-5,5,-5,1,...,5,25,9999,,,,,,,,,,...,,,,,...,,,,
->,532,"WORLD WAR II, OKINAWA->WORLD WAR II (OKINAWA)","SHURI ENVELOPMENT (PHASE II)",OKINAWA,"OKINAWA (US 7TH INF DIV SECTOR)","US 7TH INF DIV(+)",...,0,GM0,000,...,1,15840,1,...,124,-1,3000,1,3000,...,434,-1,0,...,0,0,0,...,0,0,-1,...,00,0,-5,5,-5,20,-20,20,-20,1,...,5,27,9999,,,,,,,,,,...,,,,,...,,,,
->,533,"WORLD WAR II, OKINAWA->WORLD WAR II (OKINAWA)","SHURI ENVELOPMENT (PHASE III)",OKINAWA,"OKINAWA (US 7TH INF DIV SECTOR)","US 7TH INF DIV(+)",...,0,GM0,RM0,...,1,15205,1,...,182,-1,2600,1,2600,...,2564,-1,0,...,0,0,0,...,0,0,-1,...,00,0,-5,5,-5,20,-20,20,-20,1,...,5,31,9999,,,,,,,,,,...,,,,,...,,,,
->,534,"WORLD WAR II, OKINAWA->WORLD WAR II (OKINAWA)","HILL 95-I",OKINAWA,"OKINAWA (US 7TH INF DIV SECTOR)","US 7TH INF DIV(+)",...,0,GM0,000,...,1,16091,1,...,193,-1,3500,1,3500,...,1222,-1,0,...,0,0,0,...,0,0,-1,...,00,0,-5,5,-5,20,-20,20,-20,1,...,6,8,9999,,,,,,,,,,...,,,,,...,,,,
->,535,"WORLD WAR II, OKINAWA->WORLD WAR II (OKINAWA)","HILL 95-II",OKINAWA,"OKINAWA (US 7TH INF DIV SECTOR)","US 7TH INF DIV(+)",...,0,GM0,000,...,1,16002,1,...,248,-1,2500,1,2500,...,1470,-1,0,...,0,0,0,...,0,0,-1,...,00,0,-5,5,-5,20,-20,20,-20,1,...,6,11,9999,,,,,,,,,,...,,,,,...,,,,
->,536,"WORLD WAR II, OKINAWA->WORLD WAR II (OKINAWA)",YAEJU-DAKE,OKINAWA,"OKINAWA (US 7TH INF DIV SECTOR)","US 7TH INF DIV(+)",...,0,GM0,000,...,1,5237,1,...,48,-1,2500,1,2500,...,2401,-1,0,...,0,0,0,...,0,0,-1,...,00,0,-5,5,-5,20,-20,20,-20,1,...,6,12,9999,,,,,,,,,,...,,,,,...,,,,
->,537,"WORLD WAR II, OKINAWA->WORLD WAR II (OKINAWA)","HILLS 153 AND 115",OKINAWA,"OKINAWA (US 7TH INF DIV SECTOR)","US 7TH INF DIV(+)",...,0,GM0,000,...,1,15808,1,...,317,-1,2000,1,2000,...,1971,-1,0,...,0,0,0,...,0,0,-1,...,00,0,-5,5,-5,20,-20,20,-20,1,...,6,17,9999,,,,,,,,,,...,,,,,...,,,,
->,538,"WORLD WAR II, OKINAWA->WORLD WAR II (OKINAWA)","ADVANCE FROM THE BEACH",OKINAWA,"OKINAWA (US 96TH INF DIV SECTOR)","US 96TH DIV(+)",...,0,RM0,GM0,...,1,19082,1,...,282,-1,2000,1,2000,...,1588,-1,0,...,0,0,0,...,0,0,0,...,00,0,-5,5,-5,20,-20,20,-20,1,...,4,4,9999,,,,,,,,,,...,,,,,...,,,,
->,539,"WORLD WAR II, OKINAWA->WORLD WAR II (OKINAWA)","ADVANCE TO SHURI LINE OUTPOSTS",OKINAWA,"OKINAWA (US 96TH INF DIV SECTOR)","US 96TH DIV(+)",...,0,RM0,GM0,...,1,18388,1,...,555,-1,2900,1,2900,...,2470,-1,0,...,0,0,0,...,0,0,-1,...,00,0,-5,5,-5,20,-20,20,-20,1,...,4,8,9999,,,,,,,,,,...,,,,,...,,,,
->,540,"WORLD WAR II, OKINAWA->WORLD WAR II (OKINAWA)","KAKAZU AND TOMBSTONE RIDGES",OKINAWA,"OKINAWA (US 96TH INF DIV SECTOR)","US 96TH DIV(+)",...,0,RM0,GM0,...,1,21247,1,...,1079,-1,3000,1,3000,...,2468,-1,0,...,0,0,0,...,0,0,-1,...,00,0,-5,5,-5,20,-20,20,-20,1,...,4,12,9999,,,,,,,,,,...,,,,,...,,,,
->,541,"WORLD WAR II, OKINAWA->WORLD WAR II (OKINAWA)","NISHIBARU RIDGE-TANABARU ESCARPMENT",OKINAWA,"OKINAWA (US 96TH INF DIV SECTOR)","US 96TH DIV(+)",...,0,RM0,GM0,...,1,17163,1,...,879,-1,3000,1,3000,...,2860,-1,0,...,0,0,0,...,0,0,-1,...,00,0,-5,5,-5,20,-20,20,-20,1,...,4,23,9999,,,,,,,,,,...,,,,,...,,,,
->,542,"WORLD WAR II, OKINAWA->WORLD WAR II (OKINAWA)","MAEDA ESCARPMENT",OKINAWA,"OKINAWA (US 96TH INF DIV SECTOR)","US 96TH DIV(+)",...,0,RM0,GM0,...,1,18095,1,...,479,-1,3900,1,3900,...,3810,-1,0,...,0,0,0,...,0,0,-1,...,SS,0,-5,5,-5,20,-20,20,-20,1,...,4,29,9999,,,,,,,,,,...,,,,,...,,,,
->,543,"WORLD WAR II, OKINAWA->WORLD WAR II (OKINAWA)","ATTACK ON SHURI LINE'S EASTERN FLANK I",OKINAWA,"OKINAWA (US 96TH INF DIV SECTOR)","US 96TH DIV(+)",...,0,RM0,GM0,...,1,19714,1,...,502,-1,5284,1,5284,...,4038,-1,0,...,0,0,0,...,0,0,-1,...,00,0,-5,5,-5,20,-20,20,-20,1,...,5,13,9999,,,,,,,,,,...,,,,,...,,,,
->,544,"WORLD WAR II, OKINAWA->WORLD WAR II (OKINAWA)","ATTACK ON SHURI LINE'S EASTERN FLANK II",OKINAWA,"OKINAWA (US 96TH INF DIV SECTOR)","US 96TH DIV(+)",...,0,RM0,GM0,...,1,20973,1,...,590,-1,4757,1,4757,...,4328,-1,0,...,0,0,0,...,0,0,-1,...,00,0,-5,5,-5,20,-20,20,-20,1,...,5,18,9999,,,,,,,,,,...,,,,,...,,,,
->,545,"WORLD WAR II, OKINAWA->WORLD WAR II (OKINAWA)","ATTACK ON SHURI LINE'S EASTERN FLANK III",OKINAWA,"OKINAWA (US 96TH INF DIV SECTOR)","US 96TH DIV(+)",...,0,RM0,GM0,...,1,19658,1,...,313,-1,4227,1,4227,...,3022,-1,0,...,0,0,0,...,0,0,-1,...,00,0,-5,5,-5,20,-20,20,-20,1,...,5,21,9999,,,,,,,,,,...,,,,,...,,,,
->,546,"WORLD WAR II, OKINAWA->WORLD WAR II (OKINAWA)","ADVANCE TO YUZA-DAKE/YAEJU-DAKE ESCARPMENT",OKINAWA,"OKINAWA (US 96TH INF DIV SECTOR)","US 96TH DIV(+)",...,0,RM0,GM0,...,1,18777,1,...,112,-1,4000,1,4000,...,798,-1,0,...,0,0,0,...,0,0,-1,...,00,0,-5,5,-5,20,-20,20,-20,1,...,6,9,9999,,,,,,,,,,...,,,,,...,,,,
->,547,"WORLD WAR II, OKINAWA->WORLD WAR II (OKINAWA)","ATTACK ON YUZA-DAKE/YAEJU-DAKE ESCARPMENT",OKINAWA,"OKINAWA (US 96TH INF DIV SECTOR)","US 96TH DIV(+)",...,0,RM0,GM0,...,1,18660,1,...,88,-1,4250,1,4250,...,1006,-1,0,...,0,0,0,...,0,0,-1,...,00,0,-5,5,-5,20,-20,20,-20,1,...,6,11,9999,,,,,,,,,,...,,,,,...,,,,
->,548,"WORLD WAR II, OKINAWA->WORLD WAR II (OKINAWA)","CAPTURE OF YUZA-DAKE/YAEJU-DAKE ESCARPMENT",OKINAWA,"OKINAWA (US 96TH INF DIV SECTOR)","US 96TH DIV(+)",...,0,GM0,000,...,1,19047,1,...,576,-1,3250,1,3250,...,3200,-1,0,...,0,0,0,...,0,0,-1,...,00,0,-5,5,-5,20,-20,20,-20,1,...,6,17,9999,,,,,,,,,,...,,,,,...,,,,
->,549,"ARAB-ISRAELI WAR, 1967 (SIX-DAY WAR)",JENIN,JORDAN,"WEST BANK","IS PELED ARMD DIV(-)",...,0,GM0,000,...,1,10900,1,...,225,10675,6160,1,6160,...,200,5960,0,...,0,40,0,...,0,15,-1,...,00,15,-15,15,-15,15,-15,15,-15,2,...,6,5->6,2400->0,1967,6,6,300,1967,6,6,600,,...,,,,,...,,,,
->,550,"ARAB-ISRAELI WAR, 1967 (SIX-DAY WAR)",JERUSALEM,JORDAN,"WEST BANK","IS GUR PARA BDE(+)",...,0,GM0,000,...,1,27682,3,...,1750,25932,13600,1,13600,...,1500,12100,0,...,0,40,0,...,4,35,-1,...,00,15,-15,15,-15,15,-15,15,-15,4,...,6,5,2300,1967,6,6,220,1967,6,6,1400,1967,...,6,6->7,2400->0,1967,...,,,,
->,565,"ARAB-ISRAELI WAR, 1967 (SIX-DAY WAR)","TEL FAHAR-BANIAS",SYRIA,GOLAN,"IS GOLANI BDE",...,0,GM0,000,...,1,5375,1,...,300,5075,8160,1,8160,...,850,7310,0,...,0,75,0,...,0,20,-1,...,00,15,-15,15,-15,15,-15,15,-15,1,...,6,9->10,2400->0,,,,,,,,,,...,,,,,...,,,,"GOLAN 1967"
->,566,"ARAB-ISRAELI WAR, 1967 (SIX-DAY WAR)",RAWIYEH,SYRIA,GOLAN,"IS RAM BDE",...,0,GM0,000,...,1,5350,1,...,150,5200,4350,1,4350,...,300,4050,0,...,0,50,0,...,0,20,-1,...,00,15,-15,15,-15,15,-15,15,-15,1,...,6,9->10,2400->0,,,,,,,,,,...,,,,,...,,,,"GOLAN 1967"
+,567,"ARAB-ISRAELI WAR, 1967 (SIX-DAY WAR)",ZAOURA-KALA,SYRIA,GOLAN,"IS MENDLER'S BDE",...,0,GM0,000,...,1,5850,1,...,230,5620,8560,1,8560,...,500,8060,0,...,0,75,0,...,0,25,-1,...,00,15,-15,15,-15,15,-15,15,-15,1,...,6,9,2000,,,,,,,,,,...,,,,,...,,,,"GOLAN 1967"
+,585,"ARAB-ISRAELI WAR, 1973 (OCTOBER WAR)",KUNEITRA,SYRIA,GOLAN,"SYR 9TH INF DIV(+)",...,0,GB0,RB0,...,0,17750,3,...,350,17400,3630,3,-1,...,200,3430,0,...,0,50,4,...,107,14,-1,...,00,15,-15,15,-15,15,-15,15,-15,1,...,10,7,9999,,,,,,,,,,...,,,,,...,,,,"GOLAN 1973"
+,586,"ARAB-ISRAELI WAR, 1973 (OCTOBER WAR)",AHMADIYEH,SYRIA,GOLAN,"SYR 7TH INF DIV(+)",...,0,GB0,RB0,...,0,22750,3,...,700,22050,5745,3,-1,...,250,5495,0,...,0,78,7,...,191,30,-1,...,00,15,-15,15,-15,15,-15,15,-15,3,...,10,7,500,1973,10,7,800,1973,10,7,1300,1973,...,10,8,100,,...,,,,"GOLAN 1973"
+,587,"ARAB-ISRAELI WAR, 1973 (OCTOBER WAR)",RAFID,SYRIA,GOLAN,"SYR 5TH INF DIV(+)",...,0,GB0,RB0,...,0,19525,1,...,350,19175,4958,1,4958,...,250,4708,0,...,0,75,7,...,120,25,-1,...,00,15,-15,15,-15,15,-15,15,-15,1,...,10,7,1400,,,,,,,,,,...,,,,,...,,,,"GOLAN 1973"
+,588,"ARAB-ISRAELI WAR, 1973 (OCTOBER WAR)","YEHUDA-EL AL",SYRIA,GOLAN,"SYR 5TH INF DIV(+)",...,0,GB0,RB0,...,-1,21984,3,...,500,21484,6300,3,-1,...,150,6150,0,...,0,106,10,...,132,10,-1,...,00,15,-15,15,-15,15,-15,15,-15,1,...,10,8,9999,,,,,,,,,,...,,,,,...,,,,"GOLAN 1973"
+,589,"ARAB-ISRAELI WAR, 1973 (OCTOBER WAR)",NAFEKH,SYRIA,GOLAN,"SYR 1ST ARMD DIV",...,0,GB0,RB0,...,-1,12500,1,...,500,12000,6946,3,-1,...,250,6696,0,...,0,110,10,...,132,10,-1,...,00,15,-15,15,-15,15,-15,15,-15,2,...,10,7,1830,1973,10,8,600,1973,10,8,1800,,...,,,,,...,,,,"GOLAN 1973"
+,590,"ARAB-ISRAELI WAR, 1973 (OCTOBER WAR)","TEL FARRIS",SYRIA,GOLAN,"IS 146TH ARMD DIV(+)",...,0,GB0,RB0,...,0,17833,3,...,450,17383,23750,3,-1,...,1125,22625,0,...,0,253,11,...,111,117,-1,...,00,15,-15,15,-15,15,-15,15,-15,1,...,10,10,9999,,,,,,,,,,...,,,,,...,,,,"GOLAN 1973"
+,591,"ARAB-ISRAELI WAR, 1973 (OCTOBER WAR)",HUSHNIYAH,SYRIA,GOLAN,"IS 240TH ARMD DIV(-)(+)",...,0,GB0,RB0,...,1,12733,3,...,450,12283,14683,3,-1,...,1125,13558,0,...,0,170,8,...,111,99,-1,...,00,15,-15,15,-15,15,-15,15,-15,3,...,10,8,1830,1973,10,9,600,1973,10,9,1830,1973,...,10,10,1200,,...,,,,"GOLAN 1973"
+,592,"ARAB-ISRAELI WAR, 1973 (OCTOBER WAR)","MOUNT HERMONIT",SYRIA,GOLAN,"SYR 7TH INF DIV(+)",...,0,GB0,000,...,-1,31650,3,...,1200,30450,5395,3,-1,...,400,4995,0,...,0,38,3,...,149,24,-1,...,00,15,-15,15,-15,15,-15,15,-15,1,...,10,9,9999,,,,,,,,,,...,,,,,...,,,,"GOLAN 1973"
+,593,"ARAB-ISRAELI WAR, 1973 (OCTOBER WAR)","MOUNT HERMON I",SYRIA,GOLAN,"IS GOLANI BDE(-)",...,0,GM0,000,...,1,2692,1,...,50,2642,1583,1,1583,...,100,1483,0,...,0,5,0,...,15,2,-1,...,00,15,-15,15,-15,15,-15,15,-15,1,...,10,8,9999,,,,,,,,,,...,,,,,...,,,,"GOLAN 1973"
+,594,"ARAB-ISRAELI WAR, 1973 (OCTOBER WAR)","TEL SHAMS",SYRIA,GOLAN,"IS 36TH MECH DIV",...,0,RM0,GB0,...,1,16100,3,...,525,15575,19400,3,-1,...,1200,18200,0,...,0,329,18,...,120,126,-1,...,00,15,-15,15,-15,15,-15,15,-15,3,...,10,11,1600,1973,10,12,1100,1973,10,12,1700,1973,...,10,13,2100,,...,,,,"GOLAN 1973"
+,595,"ARAB-ISRAELI WAR, 1973 (OCTOBER WAR)","TEL SHAAR",SYRIA,GOLAN,"IS 240TH ARMD DIV",...,0,GB0,RB0,...,1,14700,3,...,280,14420,21500,3,-1,...,900,20600,0,...,0,387,20,...,80,88,-1,...,00,15,-15,15,-15,15,-15,15,-15,1,...,10,12,9999,,,,,,,,,,...,,,,,...,,,,"GOLAN 1973"
+,596,"ARAB-ISRAELI WAR, 1973 (OCTOBER WAR)","TEL EL HARA",SYRIA,GOLAN,"IR 3RD ARMD DIV",...,0,GB0,RB0,...,-1,12500,1,...,450,12050,14300,1,14300,...,50,14250,0,...,0,318,30,...,28,4,-1,...,00,15,-15,15,-15,15,-15,15,-15,1,...,10,13,330,,,,,,,,,,...,,,,,...,,,,"GOLAN 1973"
+,597,"ARAB-ISRAELI WAR, 1973 (OCTOBER WAR)","KFAR SHAMS-TEL ANTAR",SYRIA,GOLAN,"IS 240TH ARMD DIV(-)",...,0,GB0,RB0,...,1,11000,1,...,100,10900,12000,1,12000,...,200,11800,0,...,0,269,15,...,20,34,-1,...,00,15,-15,15,-15,15,-15,15,-15,1,...,10,15,1900,,,,,,,,,,...,,,,,...,,,,"GOLAN 1973"
+,598,"ARAB-ISRAELI WAR, 1973 (OCTOBER WAR)",NABA,SYRIA,GOLAN,"JOR 40TH ARMD BDE(+)",...,0,GB0,RB0,...,-1,11500,1,...,450,11050,11000,1,11000,...,100,10900,0,...,0,212,20,...,50,8,-1,...,00,15,-15,15,-15,15,-15,15,-15,2,...,10,16,900,1973,10,16,1000,1973,10,16,1030,,...,,,,,...,,,,"GOLAN 1973"
+,599,"ARAB-ISRAELI WAR, 1973 (OCTOBER WAR)","ARAB COUNTEROFFENSIVE",SYRIA,GOLAN,"SYR 9TH INF DIV(-)(+)",...,0,GB0,RB0,...,-1,35750,1,...,550,35200,16100,1,16100,...,160,15940,0,...,0,270,30,...,50,10,-1,...,00,15,-15,15,-15,15,-15,15,-15,1,...,10,19,1700,,,,,,,,,,...,,,,,...,,,,"GOLAN 1973"
+,600,"ARAB-ISRAELI WAR, 1973 (OCTOBER WAR)","MOUNT HERMON II",SYRIA,GOLAN,"IS GOLANI BDE",...,0,GM0,000,...,1,5700,1,...,150,5550,4750,1,4750,...,200,4550,0,...,0,0,0,...,30,0,-1,...,00,15,-15,15,-15,15,-15,15,-15,1,...,10,21,1600,,,,,,,,,,...,,,,,...,,,,"GOLAN 1973"
->,601,"ARAB-ISRAELI WAR, 1973 (OCTOBER WAR)","MOUNT HERMON III",SYRIA,GOLAN,"IS GOLANI BDE(+)",...,0,GM0,000,...,1,11400,1,...,100,11300,4750,1,4750,...,250,4500,0,...,0,0,0,...,30,0,-1,...,00,15->NULL,-15->NULL,15->NULL,-15->NULL,15->NULL,-15->NULL,15->NULL,-15->NULL,1,...,10,22,9999,,,,,,,,,,...,,,,,...,,,,"GOLAN 1973"
->,602,"WORLD WAR II","SIDI BOU ZID I",TUNISIA,"NORTHWEST AFRICA","GER ELMS 10TH AND 21ST PNZR DIV",...,0,FB0,GB0,...,1,6400,1,...,20,6380,5333,1,5333,...,920,4413,0,...,0,69,16,...,0,48,35,...,00,0->NULL,0->NULL,0->NULL,0->NULL,0->NULL,0->NULL,0->NULL,0->NULL,1,...,2,14,9999,,,,,,,,,,...,,,,,...,,,,
->,603,"WORLD WAR II","SIDI BOU ZID II",TUNISIA,"NORTHWEST AFRICA","US CC C, 1ST ARMD DIV",...,0,FB0,GB0,...,-1,2738,1,...,367,2371,8380,1,8380,...,50,8330,0,...,0,135,0,...,125,10,0,...,00,0->NULL,0->NULL,0->NULL,0->NULL,0->NULL,0->NULL,0->NULL,0->NULL,1,...,2,15,9999,,,,,,,,,,...,,,,,...,,,,
->,604,"WORLD WAR II","KASSERINE PASS",TUNISIA,"NORTHWEST AFRICA","GER AFRIKA KORPS (-)",...,0,GB0,000,...,1,7000,1,...,200,6800,5303,1,5303,...,527,4776,0,...,0,13,0,...,0,4,8,...,00,0->NULL,0->NULL,0->NULL,0->NULL,0->NULL,0->NULL,0->NULL,0->NULL,1,...,2,20,9999,,,,,,,,,,...,,,,,...,,,,
->,605,"WORLD WAR II","RAPIDO NORTH I",ITALY,CASSINO,"US 141ST RCT (+), 36TH INF DIV",...,0,FB0,FM0,...,1,8000,1,...,408,7592,2200,1,2200,...,13,2187,0,...,0,14,0,...,0,0,-1,...,00,0->NULL,0->NULL,0->NULL,0->NULL,0->NULL,0->NULL,0->NULL,0->NULL,1,...,1,20,9999,,,,,,,,,,...,,,,,...,,,,
->,606,"WORLD WAR II","RAPIDO NORTH II",ITALY,CASSINO,"US 141ST RCT (+), 36TH INF DIV",...,0,FB0,FM0,...,1,7600,1,...,666,6934,2200,1,2200,...,13,2187,0,...,0,14,0,...,0,0,-1,...,00,0->NULL,0->NULL,0->NULL,0->NULL,0->NULL,0->NULL,0->NULL,0->NULL,1,...,1,21,9999,,,,,,,,,,...,,,,,...,,,,
->,607,"WORLD WAR II","RAPIDO SOUTH I",ITALY,CASSINO,"US 143RD RCT (+), 36TH INF DIV",...,0,FB0,FM0,...,1,7700,1,...,162,7538,1800,1,1800,...,13,1787,0,...,0,14,0,...,0,0,-1,...,00,0->NULL,0->NULL,0->NULL,0->NULL,0->NULL,0->NULL,0->NULL,0->NULL,1,...,1,20,9999,,,,,,,,,,...,,,,,...,,,,
->,608,"WORLD WAR II","RAPIDO SOUTH II",ITALY,CASSINO,"US 143RD RCT (+), 36TH INF DIV",...,0,FB0,FM0,...,1,7538,1,...,575,6963,1800,1,1800,...,13,1787,0,...,0,14,0,...,0,0,-1,...,00,0->NULL,0->NULL,0->NULL,0->NULL,0->NULL,0->NULL,0->NULL,0->NULL,1,...,1,21,9999,,,,,,,,,,...,,,,,...,,,,
->,609,"WORLD WAR II->WORLD WAR II (EUROPEAN THEATER)","BOWLING ALLEY I",ITALY,ANZIO,"GER LXXVI PNZ CORPS (-)",...,9,FB0,GB0,...,-1,14600,1,...,1129,13471,4500,1,4500,...,442,4058,0,...,0,37,0,...,267,21,0,...,00,0->NULL,0->NULL,0->NULL,0->NULL,0->NULL,0->NULL,0->NULL,0->NULL,1,...,2,19,9999,,,,,,,,,,...,,,,,...,,,,
->,610,"WORLD WAR II->WORLD WAR II (EUROPEAN THEATER)","BOWLING ALLEY II",ITALY,ANZIO,"GER LXXVI PNZ CORPS (-)",...,9,FB0,000,...,-1,15736,1,...,613,15123,5050,1,5050,...,750,4300,0,...,0,25,0,...,165,9,0,...,SS,0->NULL,0->NULL,0->NULL,0->NULL,0->NULL,0->NULL,0->NULL,0->NULL,1,...,2,17,9999,,,,,,,,,,...,,,,,...,,,,
->,611,"WORLD WAR II->WORLD WAR II (EUROPEAN THEATER)","BOWLING ALLEY III",ITALY,ANZIO,"GER LXXVI PNZ CORPS (-)",...,9,FB0,000,...,-1,10000,1,...,439,9561,4625,1,4625,...,199,4426,0,...,0,7,0,...,267,0,0,...,00,0->NULL,0->NULL,0->NULL,0->NULL,0->NULL,0->NULL,0->NULL,0->NULL,1,...,2,19,9999,,,,,,,,,,...,,,,,...,,,,
->,612,"WORLD WAR II->WORLD WAR II (EUROPEAN THEATER)","MORTAIN I",FRANCE,NORMANDY,"GER ELMS 1ST SS AND 2ND PNZ DIVS",...,0,RM0,000,...,-1,8150,1,...,700,7450,3700,1,3700,...,400,3300,0,...,0,0,0,...,300,0,-1,...,00,0->NULL,0->NULL,0->NULL,0->NULL,0->NULL,0->NULL,0->NULL,0->NULL,1,...,8,7,9999,,,,,,,,,,...,,,,,...,,,,
->,613,"WORLD WAR II->WORLD WAR II (EUROPEAN THEATER)","MORTAIN II",FRANCE,NORMANDY,"GER ELMS 2ND SS PD AND 17TH SS PGD",...,0,GM0,000,...,-1,8500,1,...,375,8125,4600,1,4600,...,600,4000,0,...,0,8,0,...,300,0,-1,...,00,0->NULL,0->NULL,0->NULL,0->NULL,0->NULL,0->NULL,0->NULL,0->NULL,1,...,8,7,9999,,,,,,,,,,...,,,,,...,,,,
->,614,"WORLD WAR II","SCHMIDT I",GERMANY,"SIEGFRIED LINE","US 112TH INF (+), 28TH ID",...,9,RM0,GM0,...,1,6200,1,...,640,5560,5025,1,5025,...,850,4175,0,...,0,60,0,...,0,10,-1,...,00,0->NULL,0->NULL,0->NULL,0->NULL,0->NULL,0->NULL,0->NULL,0->NULL,1,...,11,5,9999,,,,,,,,,,...,,,,,...,,,,
->,615,"WORLD WAR II","SCHMIDT II",GERMANY,"SIEGFRIED LINE","US 110TH INF (+), 28TH ID",...,9,GW0,000,...,1,4350,1,...,163,4187,3450,1,3450,...,100,3350,0,...,0,0,0,...,0,0,-1,...,00,0->NULL,0->NULL,0->NULL,0->NULL,0->NULL,0->NULL,0->NULL,0->NULL,1,...,11,3,9999,,,,,,,,,,...,,,,,...,,,,
->,616,"WORLD WAR II","SCHMIDT III",GERMANY,"SIEGFRIED LINE","US 109TH INF (+), 28TH ID",...,9,RW0,000,...,1,4950,1,...,350,4600,3700,1,3700,...,200,3500,0,...,0,6,0,...,0,2,-1,...,00,0->NULL,0->NULL,0->NULL,0->NULL,0->NULL,0->NULL,0->NULL,0->NULL,1,...,11,4,9999,,,,,,,,,,...,,,,,...,,,,
->,617,"WORLD WAR II",WAHLERSCHEID,GERMANY,"SIEGFRIED LINE","US 9TH INF(+), 2ND ID",...,9,RW0,000,...,1,8300,1,...,370,7930,1400,1,1400,...,250,1150,0,...,0,0,0,...,0,0,-1,...,00,0->NULL,0->NULL,0->NULL,0->NULL,0->NULL,0->NULL,0->NULL,0->NULL,1,...,12,16,9999,,,,,,,,,,...,,,,,...,,,,
->,618,"WORLD WAR II->WORLD WAR II (EUROPEAN THEATER)","KRINKELT-ROCHERATH I",BELGIUM,ARDENNES,"GER 12TH SS PNZDIV (-)(+)",...,0,GW0,000,...,-1,3300,1,...,100,3200,1357,1,1357,...,400,957,0,...,0,5,0,...,0,2,-1,...,00,0->NULL,0->NULL,0->NULL,0->NULL,0->NULL,0->NULL,0->NULL,0->NULL,1,...,12,17,9999,,,,,,,,,,...,,,,,...,,,,
->,619,"WORLD WAR II->WORLD WAR II (EUROPEAN THEATER)","KRINKELT-ROCHERATH II",BELGIUM,ARDENNES,"GER 12TH SS PNZDIV (-)(+)",...,0,RB0,RM0,...,-1,9100,1,...,900,8200,6600,1,6600,...,720,5880,0,...,0,33,0,...,0,13,-1,...,00,0->NULL,0->NULL,0->NULL,0->NULL,0->NULL,0->NULL,0->NULL,0->NULL,1,...,12,19,9999,,,,,,,,,,...,,,,,...,,,,
->,620,"WORLD WAR II->WORLD WAR II (EUROPEAN THEATER)","SCHNEE EIFEL CENTER",GERMANY,ARDENNES,"GER 293RD VGRGT, 18TH VGD",...,9,GW0,RM0,...,-1,4100,1,...,200,3900,3900,1,3900,...,3700,200,0,...,0,0,0,...,0,0,18,...,00,0->NULL,0->NULL,0->NULL,0->NULL,0->NULL,0->NULL,0->NULL,0->NULL,1,...,12,19,9999,,,,,,,,,,...,,,,,...,,,,
->,621,"WORLD WAR II->WORLD WAR II (EUROPEAN THEATER)","SCHNEE EIFEL SOUTH",GERMANY,ARDENNES,"GER 62ND VGDIV (+)",...,9,GW0,000,...,-1,11000,1,...,200,10800,4300,1,4300,...,300,4000,0,...,0,0,0,...,0,0,-1,...,00,0->NULL,0->NULL,0->NULL,0->NULL,0->NULL,0->NULL,0->NULL,0->NULL,1,...,12,16,9999,,,,,,,,,,...,,,,,...,,,,
->,622,"WORLD WAR II->WORLD WAR II (EUROPEAN THEATER)","SCHNEE EIFEL NORTH I",GERMANY,ARDENNES,"GER 18TH VGDIV (-)(+)",...,0,RM0,000,...,-1,14300,1,...,50,14250,2050,1,2050,...,127,1923,0,...,0,34,34,...,0,7,2,...,00,0->NULL,0->NULL,0->NULL,0->NULL,0->NULL,0->NULL,0->NULL,0->NULL,1,...,12,16,9999,,,,,,,,,,...,,,,,...,,,,
->,623,"WORLD WAR II->WORLD WAR II (EUROPEAN THEATER)","SCHNEE EIFEL NORTH II",GERMANY,ARDENNES,"GER 18TH VGDIV (-)(+)",...,9,GW0,000,...,-1,12800,1,...,200,12600,4150,1,4150,...,3535,615,0,...,0,0,0,...,0,0,28,...,00,0->NULL,0->NULL,0->NULL,0->NULL,0->NULL,0->NULL,0->NULL,0->NULL,1,...,12,19,9999,,,,,,,,,,...,,,,,...,,,,
->,624,"WORLD WAR II->WORLD WAR II (EUROPEAN THEATER)","OUR RIVER CENTER",LUXEMBOURG,ARDENNES,"GER XLVII PNZ CORPS",...,9,GW0,000,...,-1,43800,1,...,900,42900,5340,1,5340,...,3300,2040,0,...,0,73,18,...,0,59,2,...,00,0->NULL,0->NULL,0->NULL,0->NULL,0->NULL,0->NULL,0->NULL,0->NULL,1,...,12,18,9999,,,,,,,,,,...,,,,,...,,,,
->,625,"WORLD WAR II->WORLD WAR II (EUROPEAN THEATER)","OUR RIVER NORTH",LUXEMBOURG,ARDENNES,"GER LVIII PNZ CORPS",...,9,GW0,000,...,-1,16000,1,...,770,15230,5740,1,5740,...,700,5040,0,...,0,4,0,...,0,3,0,...,00,0->NULL,0->NULL,0->NULL,0->NULL,0->NULL,0->NULL,0->NULL,0->NULL,1,...,12,17,9999,,,,,,,,,,...,,,,,...,,,,
->,626,"KOREAN WAR","PUSAN PERIMETER",KOREA,"PUSAN PERIMETER","NKOR CORP",...,9,000,000,...,9,11000,3,...,110,-1,15200,3,-1,...,430,-1,0,...,0,215,-1,...,-1,-1,-1,...,00,0->NULL,0->NULL,0->NULL,0->NULL,0->NULL,0->NULL,0->NULL,0->NULL,1,...,9,17,5036,,,,,,,,,,...,,,,,...,,,,
->,627,"KOREAN WAR","PUSAN BREAKOUT",KOREA,"PUSAN BREAKOUT","US DIV",...,9,000,000,...,9,16600,3,...,380,-1,10300,3,-1,...,940,-1,0,...,0,0,-1,...,-1,0,-1,...,00,0->NULL,0->NULL,0->NULL,0->NULL,0->NULL,0->NULL,0->NULL,0->NULL,1,...,9,21,9999,,,,,,,,,,...,,,,,...,,,,
->,628,"KOREAN WAR","NAM RIVER",KOREA,"NAM RIVER","US DIV",...,9,000,000,...,9,16400,3,...,230,-1,9000,3,-1,...,1640,-1,0,...,0,0,-1,...,-1,0,-1,...,00,0->NULL,0->NULL,0->NULL,0->NULL,0->NULL,0->NULL,0->NULL,0->NULL,1,...,9,24,9999,,,,,,,,,,...,,,,,...,,,,
->,629,"KOREAN WAR",KUNSON,KOREA,KUNSON,"US DIV",...,9,000,000,...,9,16200,3,...,100,-1,7100,3,-1,...,1350,-1,0,...,0,0,-1,...,-1,0,-1,...,00,0->NULL,0->NULL,0->NULL,0->NULL,0->NULL,0->NULL,0->NULL,0->NULL,1,...,9,30,9999,,,,,,,,,,...,,,,,...,,,,
->,630,"KOREAN WAR","BUTTE LINE",KOREA,"BUTTE LINE","US DIV",...,9,000,000,...,9,29000,3,...,300,-1,30200,3,-1,...,15810,-1,0,...,0,0,-1,...,-1,0,-1,...,00,0->NULL,0->NULL,0->NULL,0->NULL,0->NULL,0->NULL,0->NULL,0->NULL,1,...,2,11,9999,,,,,,,,,,...,,,,,...,,,,
->,631,"KOREAN WAR","HAN RIVER",KOREA,"HAN RIVER","US DIV",...,9,000,000,...,9,25500,3,...,250,-1,27000,3,-1,...,6120,-1,0,...,0,0,-1,...,0,0,-1,...,00,0->NULL,0->NULL,0->NULL,0->NULL,0->NULL,0->NULL,0->NULL,0->NULL,1,...,3,9,9999,,,,,,,,,,...,,,,,...,,,,
->,632,"KOREAN WAR","CHAN RIVER",KOREA,"CHAN RIVER","US DIV",...,9,000,000,...,9,26000,3,...,150,-1,12500,3,-1,...,1560,-1,0,...,0,0,-1,...,-1,0,-1,...,00,0->NULL,0->NULL,0->NULL,0->NULL,0->NULL,0->NULL,0->NULL,0->NULL,1,...,4,5,9999,,,,,,,,,,...,,,,,...,,,,
->,633,"KOREAN WAR","PIERCE LINE",KOREA,"PIERCE LINE","US DIV",...,9,000,000,...,9,27900,3,...,170,-1,35100,3,-1,...,4780,-1,0,...,0,0,-1,...,0,0,-1,...,00,0->NULL,0->NULL,0->NULL,0->NULL,0->NULL,0->NULL,0->NULL,0->NULL,1,...,4,23,9999,,,,,,,,,,...,,,,,...,,,,
->,634,"KOREAN WAR","KANSAS LINE",KOREA,"KANSAS LINE","NKOR ARMY",...,9,000,000,...,9,30700,3,...,5730,-1,26900,3,-1,...,470,-1,0,...,0,215,-1,...,-1,-1,-1,...,00,0->NULL,0->NULL,0->NULL,0->NULL,0->NULL,0->NULL,0->NULL,0->NULL,1,...,4,27,9999,,,,,,,,,,...,,,,,...,,,,
->,635,"KOREAN WAR","IRON TRIANGLE",KOREA,"IRON TRIANGLE","NKOR ARMY",...,9,000,000,...,9,37000,3,...,1460,-1,13800,3,-1,...,150,-1,0,...,0,118,-1,...,60,-1,-1,...,00,0->NULL,0->NULL,0->NULL,0->NULL,0->NULL,0->NULL,0->NULL,0->NULL,1,...,6,2,9999,,,,,,,,,,...,,,,,...,,,,
->,636,"KOREAN WAR","BAYONETTE LINE",KOREA,"BAYONETTE LINE","US DIV",...,9,G00,000,...,9,13700,3,...,240,-1,35500,3,-1,...,3160,-1,0,...,0,0,-1,...,-1,0,-1,...,00,0->NULL,0->NULL,0->NULL,0->NULL,0->NULL,0->NULL,0->NULL,0->NULL,1,...,6,4,9999,,,,,,,,,,...,,,,,...,,,,
->,637,"WORLD WAR II","TARGUL FRUMOS","SOVIET UNION","TARGUL FRUMOS","USSR ARMY",...,9,FB0,000,...,9,35170,3,...,-1,-1,13725,3,-1,...,-1,-1,0,...,0,160,-1,...,60,11,-1,...,00,0->NULL,0->NULL,0->NULL,0->NULL,0->NULL,0->NULL,0->NULL,0->NULL,1,...,5,1,9999,,,,,,,,,,...,,,,,...,,,,
->,638,"ARAB-ISRAELI, 1948","MISHMAR HAYARDEN 1",GOLAN,"MISHMAR HAYARDEN 1","SYR RGT",...,9,FM0,000,...,9,4000,3,...,250,-1,2500,3,-1,...,2500,-1,0,...,0,0,-1,...,12,0,-1,...,00,0->NULL,0->NULL,0->NULL,0->NULL,0->NULL,0->NULL,0->NULL,0->NULL,1,...,6,10,9999,,,,,,,,,,...,,,,,...,,,,
->,639,"ARAB-ISRAELI, 1948","MISHMAR HAYARDEN 2",GOLAN,"MISHMAR HAYARDEN 2","SYR RGT",...,9,FM0,000,...,9,3000,3,...,250,-1,2700,3,-1,...,270,-1,0,...,0,25,-1,...,-1,-1,-1,...,00,0->NULL,0->NULL,0->NULL,0->NULL,0->NULL,0->NULL,0->NULL,0->NULL,1,...,7,14,9999,,,,,,,,,,...,,,,,...,,,,
->,640,"ARAB-ISRAELI, 1948",HIRAM,GOLAN,HIRAM,"IS DIV",...,9,RB0,000,...,9,6000,3,...,650,-1,6000,3,-1,...,2100,-1,0,...,0,60,-1,...,-1,-1,-1,...,00,0->NULL,0->NULL,0->NULL,0->NULL,0->NULL,0->NULL,0->NULL,0->NULL,1,...,10,30,9999,,,,,,,,,,...,,,,,...,,,,
->,641,"ARAB-ISRAELI, 1967->ARAB-ISRAELI WAR, 1967 (SIX-DAY WAR)",BANIAS-MASAADA,GOLAN,BANIAS-MASAADA,"IS RGT",...,9,GM0,000,...,9,11400,3,...,50,-1,9080,3,-1,...,500,-1,0,...,0,175,-1,...,0,15,-1,...,00,0->NULL,0->NULL,0->NULL,0->NULL,0->NULL,0->NULL,0->NULL,0->NULL,1,...,6,10,9999,,,,,,,,,,...,,,,,...,,,,
->,642,"ARAB-ISRAELI, 1967->ARAB-ISRAELI WAR, 1967 (SIX-DAY WAR)",BOUTMIYA,GOLAN,BOUTMIYA,"IS DIV",...,9,GM0,000,...,9,17550,3,...,50,-1,16767,3,-1,...,500,-1,0,...,0,366->75,-1,...,-1,30,-1,...,00,0->NULL,0->NULL,0->NULL,0->NULL,0->NULL,0->NULL,0->NULL,0->NULL,1,...,6,10,9999,,,,,,,,,,...,,,,,...,,,,
->,643,"ARAB-ISRAELI, 1967->ARAB-ISRAELI WAR, 1967 (SIX-DAY WAR)",KUNEITRA,GOLAN,KUNEITRA,"IS DIV",...,9,GM0,000,...,9,16500,3,...,50,-1,19300,3,-1,...,500,-1,0,...,0,505,-1,...,-1,20,-1,...,00,0->NULL,0->NULL,0->NULL,0->NULL,0->NULL,0->NULL,0->NULL,0->NULL,1,...,6,10,9999,,,,,,,,,,...,,,,,...,,,,
->,644,"WORLD WAR II",TARTO-TIBER,ITALY,TARTO-TIBER,"BRIT CORP",...,9,FM0,000,...,9,38011,3,...,572,-1,10855,3,-1,...,850,-1,0,...,0,0,-1,...,-1,0,-1,...,00,0->NULL,0->NULL,0->NULL,0->NULL,0->NULL,0->NULL,0->NULL,0->NULL,1,...,5,4,9999,,,,,,,,,,...,,,,,...,,,,
->,645,"ISRAEL-LEBANON, 1982","BEKKA VALLEY",LEBANON,"BEKKA VALLEY","IS CORP",...,9,RD0,000,...,9,34500,3,...,1082,-1,25000,3,-1,...,4150,-1,0,...,0,362,-1,...,0,400->362,-1,...,00,0->NULL,0->NULL,0->NULL,0->NULL,0->NULL,0->NULL,0->NULL,0->NULL,1,...,6,10,9999,,,,,,,,,,...,,,,,...,,,,
->,646,"ARAB-ISRAELI, 1948",ACRE,SINAI,ACRE,"IS RGT",...,9,FM0,000,...,9,2500,3,...,10,-1,3000,3,-1,...,10,-1,0,...,0,0,-1,...,0,0,-1,...,00,0->NULL,0->NULL,0->NULL,0->NULL,0->NULL,0->NULL,0->NULL,0->NULL,1,...,5,14,9999,,,,,,,,,,...,,,,,...,,,,
->,647,"ARAB-ISRAELI, 1948","DEATH TO INVADER",SINAI,"DEATH TO INVADER","IS RGT",...,9,RB0,000,...,9,2500,3,...,250,-1,3000,3,-1,...,300,-1,0,...,0,40,-1,...,0,8,-1,...,00,0->NULL,0->NULL,0->NULL,0->NULL,0->NULL,0->NULL,0->NULL,0->NULL,1,...,7,18,9999,,,,,,,,,,...,,,,,...,,,,
->,648,"ARAB-ISRAELI, 1948","EL AUJA (AYIN)",SINAI,"EL AUJA (AYIN)","IS DIV",...,9,FB0,000,...,9,6000,3,...,350,-1,4000,3,-1,...,600,-1,0,...,0,90,-1,...,0,-1,-1,...,00,0->NULL,0->NULL,0->NULL,0->NULL,0->NULL,0->NULL,0->NULL,0->NULL,1,...,12,27,9999,,,,,,,,,,...,,,,,...,,,,
->,649,"ARAB-ISRAELI, 1948","AGEILA-RAFAH (AYIN)",SINAI,"AGEILA-RAFAH (AYIN)","IS DIV",...,9,FB0,000,...,9,4000,3,...,400,-1,3000,3,-1,...,600,-1,0,...,0,67,-1,...,-1,-1,-1,...,00,0->NULL,0->NULL,0->NULL,0->NULL,0->NULL,0->NULL,0->NULL,0->NULL,1,...,1,6,9999,,,,,,,,,,...,,,,,...,,,,
->,650,"ARAB-ISRAELI, 1956","ABU AGELIA-UM KATEF",SINAI,"ABU AGELIA-UM KATEF","IS DIV",...,9,FB0,000,...,9,4700,3,...,318,-1,4800,3,-1,...,3000,-1,0,...,0,38,-1,...,0,15,-1,...,00,0->NULL,0->NULL,0->NULL,0->NULL,0->NULL,0->NULL,0->NULL,0->NULL,1,...,11,1,9999,,,,,,,,,,...,,,,,...,,,,
->,651,"ARAB-ISRAELI, 1956","BIR RUD SALIM",SINAI,"BIR RUD SALIM","IS RGT",...,9,FB0,000,...,9,2668,3,...,13,-1,3300,3,-1,...,300,-1,0,...,0,68,-1,...,0,12,-1,...,00,0->NULL,0->NULL,0->NULL,0->NULL,0->NULL,0->NULL,0->NULL,0->NULL,1,...,11,2,9999,,,,,,,,,,...,,,,,...,,,,
->,652,"ARAB-ISRAELI, 1956","RAFAH-EL ARISH",SINAI,"RAFAH-EL ARISH","IS DIV",...,9,FB0,000,...,9,10000,3,...,229,-1,10050,3,-1,...,3433,-1,0,...,0,108,-1,...,24,20,-1,...,00,0->NULL,0->NULL,0->NULL,0->NULL,0->NULL,0->NULL,0->NULL,0->NULL,1,...,11,1,9999,,,,,,,,,,...,,,,,...,,,,
->,653,"ARAB-ISRAELI, 1956","GAZA-KHAN YUNIS",SINAI,"GAZA-KHAN YUNIS","IS RGT",...,9,FU0->F0U,000,...,9,4000,3,...,121,-1,6400,3,-1,...,1987,-1,0,...,0,8,-1,...,8,0,-1,...,00,0->NULL,0->NULL,0->NULL,0->NULL,0->NULL,0->NULL,0->NULL,0->NULL,1,...,11,2,5020,,,,,,,,,,...,,,,,...,,,,
->,654,"VIET NAM","QUANG TRI","VIET NAM","QUANG TRI","NVN CORP",...,9,FM0,000,...,9,30000,3,...,-1,-1,17000,3,-1,...,14300,-1,0,...,0,-1,-1,...,-1,-1,-1,...,00,0->NULL,0->NULL,0->NULL,0->NULL,0->NULL,0->NULL,0->NULL,0->NULL,1,...,4,28,9999,,,,,,,,,,...,,,,,...,,,,
->,655,"ARAB-ISRAELI, 1948","JERUSALEM (JEBUSSI)","WEST BANK","JERUSALEM (JEBUSSI)","IS RGT",...,9,GM0,000,...,9,3000,3,...,375,-1,3600,3,-1,...,500,-1,0,...,0,8,-1,...,-1,0,-1,...,00,0->NULL,0->NULL,0->NULL,0->NULL,0->NULL,0->NULL,0->NULL,0->NULL,1,...,5,30,9999,,,,,,,,,,...,,,,,...,,,,
->,656,"ARAB-ISRAELI, 1948","JERUSALEM CORRIDOR","WEST BANK","JERUSALEM CORRIDOR","IS DIV",...,9,RB0,000,...,9,4500,3,...,150,-1,2500,3,-1,...,250,-1,0,...,0,40,-1,...,-1,7,-1,...,00,0->NULL,0->NULL,0->NULL,0->NULL,0->NULL,0->NULL,0->NULL,0->NULL,1,...,7,13,9999,,,,,,,,,,...,,,,,...,,,,
->,657,"WORLD WAR II",ARDENNES,"NORTHWEST EUROPE","ARDENNES->ARDENNES 1940","GER ARMY GRP",...,9,RM0,000,...,9,-1,0,...,-1,-1,-1,0,-1,...,-1,-1,0,...,0,2160,-1,...,-1,2060,-1,...,00,0->NULL,0->NULL,0->NULL,0->NULL,0->NULL,0->NULL,0->NULL,0->NULL,1,...,5,21,9999,,,,,,,,,,...,,,,,...,,,,
->,658,"WORLD WAR II",CAMBRAI,"NORTHWEST EUROPE",CAMBRAI,"GER DIV",...,9,RM0,000,...,9,17000,3,...,-1,-1,12143,3,-1,...,-1,-1,0,...,0,238,-1,...,-1,161,-1,...,00,0->NULL,0->NULL,0->NULL,0->NULL,0->NULL,0->NULL,0->NULL,0->NULL,1,...,5,17,9999,,,,,,,,,,...,,,,,...,,,,
->,659,"WORLD WAR II",ARRAS,"NORTHWEST EUROPE",ARRAS,"BRIT RGT",...,9,RM0,000,...,9,11821,3,...,-1,-1,18000,3,-1,...,410,-1,0,...,0,218,-1,...,-1,22,-1,...,00,0->NULL,0->NULL,0->NULL,0->NULL,0->NULL,0->NULL,0->NULL,0->NULL,1,...,5,22,9999,,,,,,,,,,...,,,,,...,,,,
->,660,"WORLD WAR II",BOOS,"NORTHWEST EUROPE",BOOS,"FR CO",...,9,RM0,000,...,9,189,3,...,-1,-1,189,3,-1,...,-1,-1,0,...,0,10,-1,...,-1,1,-1,...,00,0->NULL,0->NULL,0->NULL,0->NULL,0->NULL,0->NULL,0->NULL,0->NULL,1,...,6,1,9999,,,,,,,,,,...,,,,,...,,,,
