isqno,attacker,war,battle,name,cdb13_actors
1,0,NETHERLAND'S WAR OF INDEPENDENCE,NIEUPORT,DU ARMY OF THE STATES GENERAL,Dutch Republic
1,1,NETHERLAND'S WAR OF INDEPENDENCE,NIEUPORT,SP NETHERLANDS ARMY,Spain
2,0,THIRTY YEAR'S WAR,WHITE MOUNTAIN,BOH REB ARMY,Bohemia
2,1,THIRTY YEAR'S WAR,WHITE MOUNTAIN,IMP & HOLY LEAGUE ARMY,Holy Roman Empire
3,0,THIRTY YEAR'S WAR,WIMPFEN,PROT UNION ARMY,Protestant Union
3,1,THIRTY YEAR'S WAR,WIMPFEN,HOLY LEAGUE & SP ARMY,Holy Roman Empire & Spain
4,0,THIRTY YEAR'S WAR,DESSAU BRIDGE,IMP ARMY,Holy Roman Empire
4,1,THIRTY YEAR'S WAR,DESSAU BRIDGE,PROT UNION ARMY,Protestant Union
5,0,THIRTY YEAR'S WAR,LUTTER,DAN ARMY,Denmark
5,1,THIRTY YEAR'S WAR,LUTTER,HOLY LEAGUE ARMY,Holy Roman Empire
6,0,THIRTY YEAR'S WAR,BREITENFELD I,SW & SAX ARMY,Sweden
6,1,THIRTY YEAR'S WAR,BREITENFELD I,IMP & HOLY LEAGUE ARMY,Holy Roman Empire
7,0,THIRTY YEAR'S WAR,THE LECH,IMP ARMY,Holy Roman Empire
7,1,THIRTY YEAR'S WAR,THE LECH,SW ARMY,Sweden
8,0,THIRTY YEAR'S WAR,ALTE VESTE,IMP ARMY,Holy Roman Empire
8,1,THIRTY YEAR'S WAR,ALTE VESTE,SW ARMY,Sweden
9,0,THIRTY YEAR'S WAR,LUETZEN,IMP ARMY,Holy Roman Empire
9,1,THIRTY YEAR'S WAR,LUETZEN,SW ARMY,Sweden
10,0,THIRTY YEAR'S WAR,NORDLINGEN I,SP & IMP ARMY,Spain & Holy Roman Empire
10,1,THIRTY YEAR'S WAR,NORDLINGEN I,SW ARMY,Sweden
11,0,THIRTY YEAR'S WAR,WITTSTOCK,IMP & SAXON ARMY,Holy Roman Empire & Saxony
11,1,THIRTY YEAR'S WAR,WITTSTOCK,SW ARMY,Sweden
12,0,THIRTY YEAR'S WAR,BREITENFELD II,IMP ARMY,Holy Roman Empire
12,1,THIRTY YEAR'S WAR,BREITENFELD II,SW ARMY,Sweden
13,0,THIRTY YEAR'S WAR,ROCROI,SP NETHERLANDS ARMY,Spain
13,1,THIRTY YEAR'S WAR,ROCROI,FR ARMY,France
14,0,THIRTY YEAR'S WAR,TUTTLINGEN,FR ARMY OF GERMANY,France
14,1,THIRTY YEAR'S WAR,TUTTLINGEN,IMP ARMY,Holy Roman Empire
15,0,THIRTY YEAR'S WAR,FREIBURG,IMP ARMY,Holy Roman Empire
15,1,THIRTY YEAR'S WAR,FREIBURG,FR ARMY,France
16,0,THIRTY YEAR'S WAR,JANKAU,SW ARMY,Sweden
16,1,THIRTY YEAR'S WAR,JANKAU,IMP ARMY,Holy Roman Empire
17,0,THIRTY YEAR'S WAR,MERGENTHEIM,FR ARMY,France
17,1,THIRTY YEAR'S WAR,MERGENTHEIM,IMP ARMY,Holy Roman Empire
18,0,THIRTY YEAR'S WAR,ALLERHEIM (NORDLINGEN II),IMP ARMY,Holy Roman Empire
18,1,THIRTY YEAR'S WAR,ALLERHEIM (NORDLINGEN II),FR ARMY,France
19,0,THIRTY YEAR'S WAR,LENS,IMP ARMY,Holy Roman Empire
19,1,THIRTY YEAR'S WAR,LENS,FR ARMY,France
20,0,ENGLISH CIVIL WAR,EDGEHILL,ENG PARL ARMY,Parliamentarian
20,1,ENGLISH CIVIL WAR,EDGEHILL,ENG ROY ARMY,Royalist
21,0,ENGLISH CIVIL WAR,MARSTON MOOR,ENG ROY ARMY,Royalist
21,1,ENGLISH CIVIL WAR,MARSTON MOOR,ENG PARL ARMY,Royalist
22,0,ENGLISH CIVIL WAR,TIPPERMUIR,SCOT ROY ARMY,Royalist
22,1,ENGLISH CIVIL WAR,TIPPERMUIR,SCOT COV ARMY,Parliamentarian
23,0,ENGLISH CIVIL WAR,KILSYTH,SCOT COV ARMY,Parliamentarian
23,1,ENGLISH CIVIL WAR,KILSYTH,SCOT ROY ARMY,Royalist
24,0,ENGLISH CIVIL WAR,NEWBURY II,ENG ROY ARMY,Royalist
24,1,ENGLISH CIVIL WAR,NEWBURY II,ENG PARL ARMY,Parliamentarian
25,0,ENGLISH CIVIL WAR,NASEBY,ENG PARL ARMY,Parliamentarian
25,1,ENGLISH CIVIL WAR,NASEBY,ENG ROY ARMY,Royalist
26,0,SECOND ENGLISH CIVIL WAR,PRESTON,SCOT ROY ARMY,Scottish Royalist
26,1,SECOND ENGLISH CIVIL WAR,PRESTON,ENG PARL ARMY,English Parliament
27,0,SECOND ENGLISH CIVIL WAR,DUNBAR,SCOT ROY ARMY,Scottish Royalist
27,1,SECOND ENGLISH CIVIL WAR,DUNBAR,ENG PARL ARMY,English Parliament
28,0,SECOND ENGLISH CIVIL WAR,WORCESTER,SCOT ROY ARMY,Scottish Royalist
28,1,SECOND ENGLISH CIVIL WAR,WORCESTER,ENG PARL ARMY,English Parliament
29,0,THE FRONDE,ST. ANTOINE,FR REB ARMY,Conde Rebels
29,1,THE FRONDE,ST. ANTOINE,FR ROY ARMY,France
30,0,FRANCO-SPANISH WAR,THE DUNES,SP ARMY,Spain
30,1,FRANCO-SPANISH WAR,THE DUNES,FR ARMY,France
31,0,AUSTRO-TURKISH WAR,THE RAAB,IMP ALLIED ARMY,Holy Roman Empire
31,1,AUSTRO-TURKISH WAR,THE RAAB,TURK ARMY,Ottoman Empire
32,0,AUSTRO-TURKISH WAR,VIENNA,TURK ARMY,Ottoman Empire
32,1,AUSTRO-TURKISH WAR,VIENNA,IMP ALLIED ARMY,Holy Roman Empire
33,0,POLISH-TURKISH WAR,CHOCIM II,TURK ARMY,Ottoman Empire
33,1,POLISH-TURKISH WAR,CHOCIM II,POL ARMY,Poland
34,0,DUTCH WAR,SINSHEIM,IMP ALLIED ARMY,Holy Roman Empire
34,1,DUTCH WAR,SINSHEIM,FR ARMY,France
35,0,DUTCH WAR,SENEF,DU ALLIED ARMY,Dutch Republic
35,1,DUTCH WAR,SENEF,FR ARMY,France
36,0,DUTCH WAR,ENZHEIM,IMP ALLIED ARMY,Holy Roman Empire
36,1,DUTCH WAR,ENZHEIM,FR ARMY,France
37,0,DUTCH WAR,TURCKHEIM,IMP ALLIED ARMY,Holy Roman Empire
37,1,DUTCH WAR,TURCKHEIM,FR ARMY,France
38,0,DUTCH WAR,FEHRBELLIN,SW ARMY,Sweden
38,1,DUTCH WAR,FEHRBELLIN,PR ARMY,Prussia
39,0,MONMOUTH'S REBELLION,SEDGEMOOR,ENG ARMY,England
39,1,MONMOUTH'S REBELLION,SEDGEMOOR,ENG REB ARMY,English Rebels
40,0,KING WILLIAM'S WAR,KILLIECRANKIE,ENG ARMY,England
40,1,KING WILLIAM'S WAR,KILLIECRANKIE,SCOTS REB ARMY,Jacobites
41,0,KING WILLIAM'S WAR,WALCOURT,ALLIED ARMY,Dutch Republic
41,1,KING WILLIAM'S WAR,WALCOURT,FR ARMY,France
42,0,KING WILLIAM'S WAR,FLEURUS,ALLIED ARMY,Dutch Republic
42,1,KING WILLIAM'S WAR,FLEURUS,FR ARMY,France
43,0,KING WILLIAM'S WAR,THE BOYNE,ENG & IRISH REB ARMY,Jacobites
43,1,KING WILLIAM'S WAR,THE BOYNE,ENG ARMY,England
44,0,KING WILLIAM'S WAR,AUGHRIM,ENG & IRISH REB ARMY,Jacobites
44,1,KING WILLIAM'S WAR,AUGHRIM,ENG ARMY,England
45,0,KING WILLIAM'S WAR,STEENKERKE,FR ARMY,France
45,1,KING WILLIAM'S WAR,STEENKERKE,ALLIED ARMY,England
46,0,KING WILLIAM'S WAR,NEERWINDEN (LANDEN),ALLIED ARMY,England
46,1,KING WILLIAM'S WAR,NEERWINDEN (LANDEN),FR ARMY,France
47,0,KING WILLIAM'S WAR,MARSAGLIA,ALLIED ARMY,Savoy
47,1,KING WILLIAM'S WAR,MARSAGLIA,FR ARMY,France
48,0,AUSTRO-TURKISH WAR,ZENTA,TURK ARMY,Ottoman Empire
48,1,AUSTRO-TURKISH WAR,ZENTA,AUS ARMY,Holy Roman Empire
49,0,GREAT NORTHERN WAR,POLTAVA,RUSS ARMY,Russia
49,1,GREAT NORTHERN WAR,POLTAVA,SW ARMY,Sweden
50,0,WAR OF THE SPANISH SUCCESSION,BLENHEIM,FR & BAV ARMY,France & Bavaria
50,1,WAR OF THE SPANISH SUCCESSION,BLENHEIM,ALLIED ARMY,England & Holy Roman Empire
51,0,WAR OF THE SPANISH SUCCESSION,RAMILLIES,FR & BAV ARMY,France & Bavaria
51,1,WAR OF THE SPANISH SUCCESSION,RAMILLIES,ALLIED ARMY,England
52,0,WAR OF THE SPANISH SUCCESSION,OUDENARDE,FR & BAV ARMY,France
52,1,WAR OF THE SPANISH SUCCESSION,OUDENARDE,ALLIED ARMY,England & Holy Roman Empire
53,0,WAR OF THE SPANISH SUCCESSION,MALPLAQUET,FR & BAV ARMY,France
53,1,WAR OF THE SPANISH SUCCESSION,MALPLAQUET,ALLIED ARMY,England & Holy Roman Empire
54,0,AUSTRO-TURKISH WAR,PETERWARDEIN,TURK ARMY,Ottoman Empire
54,1,AUSTRO-TURKISH WAR,PETERWARDEIN,AUS ARMY,Habsburg Empire
55,0,WAR OF THE AUSTRIAN SUCCESSION,MOLLWITZ,PR ARMY,Prussia
55,1,WAR OF THE AUSTRIAN SUCCESSION,MOLLWITZ,AUS ARMY,Habsburg Empire
56,0,WAR OF THE AUSTRIAN SUCCESSION,CHOTUSITZ,PR ARMY,Prussia
56,1,WAR OF THE AUSTRIAN SUCCESSION,CHOTUSITZ,AUS ARMY,Habsburg Empire
57,0,WAR OF THE AUSTRIAN SUCCESSION,DETTINGEN,FR ARMY,France
57,1,WAR OF THE AUSTRIAN SUCCESSION,DETTINGEN,BR & HAN ARMY,Great Britain
58,0,WAR OF THE AUSTRIAN SUCCESSION,FONTENOY,FR ARMY,France
58,1,WAR OF THE AUSTRIAN SUCCESSION,FONTENOY,BR ALLIED ARMY,Great Britain
59,0,WAR OF THE AUSTRIAN SUCCESSION,HOHENFRIEDBERG,AUS & SAX ARMY,Habsburg Empire
59,1,WAR OF THE AUSTRIAN SUCCESSION,HOHENFRIEDBERG,PR ARMY,Prussia
60,0,WAR OF THE AUSTRIAN SUCCESSION,SOOR,AUS & SAX ARMY,Habsburg Empire
60,1,WAR OF THE AUSTRIAN SUCCESSION,SOOR,PR ARMY,Prussia
61,0,WAR OF THE AUSTRIAN SUCCESSION,KESSELDORF,SAX ARMY,Saxony
61,1,WAR OF THE AUSTRIAN SUCCESSION,KESSELDORF,PR ARMY,Prussia
62,0,JACOBITE REBELLION,PRESTONPANS,BR ARMY,Great Britain
62,1,JACOBITE REBELLION,PRESTONPANS,SCOT REB ARMY,Jacobites
63,0,JACOBITE REBELLION,CULLODEN,BR ARMY,Great Britain
63,1,JACOBITE REBELLION,CULLODEN,SCOT REB ARMY,Jacobites
64,0,THE SEVEN YEAR'S WAR,LOBOSITZ,AUS ARMY,Austria
64,1,THE SEVEN YEAR'S WAR,LOBOSITZ,PR ARMY,Prussia
65,0,THE SEVEN YEAR'S WAR,PRAGUE,AUS ARMY,Austria
65,1,THE SEVEN YEAR'S WAR,PRAGUE,PR ARMY,Prussia
66,0,THE SEVEN YEAR'S WAR,PLASSEY,BR ARMY,Great Britain
66,1,THE SEVEN YEAR'S WAR,PLASSEY,BENGALI ARMY,Bengal
67,0,THE SEVEN YEAR'S WAR,KOLIN,AUS ARMY,Austria
67,1,THE SEVEN YEAR'S WAR,KOLIN,PR ARMY,Prussia
68,0,THE SEVEN YEAR'S WAR,HASTENBECK,BR ARMY,Great Britain
68,1,THE SEVEN YEAR'S WAR,HASTENBECK,FR ARMY,France
69,0,THE SEVEN YEAR'S WAR,ROSSBACH,PR ARMY,Prussia
69,1,THE SEVEN YEAR'S WAR,ROSSBACH,FR & GER ARMY,France & Austria
70,0,THE SEVEN YEAR'S WAR,LEUTHEN,AUS ARMY,Austria
70,1,THE SEVEN YEAR'S WAR,LEUTHEN,PR ARMY,Prussia
71,0,THE SEVEN YEAR'S WAR,CREFELD,FR ARMY,France
71,1,THE SEVEN YEAR'S WAR,CREFELD,PR ALLIED ARMY,Hanover
72,0,THE SEVEN YEAR'S WAR,ZORNDORF,RUSS ARMY,Russia
72,1,THE SEVEN YEAR'S WAR,ZORNDORF,PR ARMY,Prussia
73,0,THE SEVEN YEAR'S WAR,HOCHKIRCH,PR ARMY,Prussia
73,1,THE SEVEN YEAR'S WAR,HOCHKIRCH,AUS ARMY,Austria
74,0,THE SEVEN YEAR'S WAR,BERGEN,FR ARMY,France
74,1,THE SEVEN YEAR'S WAR,BERGEN,PR & ALLIED ARMY,Hanover
75,0,THE SEVEN YEAR'S WAR,MINDEN,FR ARMY,France
75,1,THE SEVEN YEAR'S WAR,MINDEN,PR & ALLIED ARMY,Hanover
76,0,THE SEVEN YEAR'S WAR,KUNERSDORF,RUSS & AUS ARMY,Russia
76,1,THE SEVEN YEAR'S WAR,KUNERSDORF,PR ARMY,Prussia
77,0,THE SEVEN YEAR'S WAR,PLAINS OF ABRAHAM (QUEBEC),BR ARMY,Great Britain
77,1,THE SEVEN YEAR'S WAR,PLAINS OF ABRAHAM (QUEBEC),FR ARMY,France
78,0,THE SEVEN YEAR'S WAR,MAXEN,PR ARMY,Prussia
78,1,THE SEVEN YEAR'S WAR,MAXEN,AUS ARMY,Austria
79,0,THE SEVEN YEAR'S WAR,WARBURG,FR ARMY,France
79,1,THE SEVEN YEAR'S WAR,WARBURG,PR & ALLIED ARMY,Hanover
80,0,THE SEVEN YEAR'S WAR,LIEGNITZ,PR ARMY,Prussia
80,1,THE SEVEN YEAR'S WAR,LIEGNITZ,AUS & RUSS ARMY,Austria
81,0,THE SEVEN YEAR'S WAR,TORGAU,AUS ARMY,Austria
81,1,THE SEVEN YEAR'S WAR,TORGAU,PR ARMY,Prussia
82,0,AMERICAN REVOLUTION,BUNKER HILL,AM PATRIOTS,USA
82,1,AMERICAN REVOLUTION,BUNKER HILL,BR ARMY,Great Britain
83,0,AMERICAN REVOLUTION,QUEBEC,BR ARMY,Great Britain
83,1,AMERICAN REVOLUTION,QUEBEC,AM ARMY,USA
84,0,AMERICAN REVOLUTION,WHITE PLAINS,AM ARMY,USA
84,1,AMERICAN REVOLUTION,WHITE PLAINS,BR ARMY,Great Britain
85,0,AMERICAN REVOLUTION,TRENTON,RALL'S HESSIAN BDE,Great Britain
85,1,AMERICAN REVOLUTION,TRENTON,AM ARMY,USA
86,0,AMERICAN REVOLUTION,PRINCETON,BR ARMY (DET.),Great Britain
86,1,AMERICAN REVOLUTION,PRINCETON,AM ARMY,USA
87,0,AMERICAN REVOLUTION,FREEMAN'S FARM,AM ARMY,USA
87,1,AMERICAN REVOLUTION,FREEMAN'S FARM,BR ARMY,Great Britain
88,0,AMERICAN REVOLUTION,GERMANTOWN,BR ARMY,Great Britain
88,1,AMERICAN REVOLUTION,GERMANTOWN,AM ARMY,USA
89,0,AMERICAN REVOLUTION,BEMIS HEIGHTS,AM ARMY,USA
89,1,AMERICAN REVOLUTION,BEMIS HEIGHTS,BR ARMY,Great Britain
90,0,AMERICAN REVOLUTION,MONMOUTH COURT HOUSE,AM ARMY,USA
90,1,AMERICAN REVOLUTION,MONMOUTH COURT HOUSE,BR ARMY,Great Britain
91,0,AMERICAN REVOLUTION,CAMDEN,AM ARMY,USA
91,1,AMERICAN REVOLUTION,CAMDEN,BR ARMY,Great Britain
92,0,AMERICAN REVOLUTION,COWPENS,AM ARMY,USA
92,1,AMERICAN REVOLUTION,COWPENS,BR ARMY,Great Britain
93,0,AMERICAN REVOLUTION,GUILFORD COURT HOUSE,AM ARMY,USA
93,1,AMERICAN REVOLUTION,GUILFORD COURT HOUSE,BR ARMY,Great Britain
94,0,AMERICAN REVOLUTION,HOBKIRK'S HILL,AM ARMY,USA
94,1,AMERICAN REVOLUTION,HOBKIRK'S HILL,BR ARMY,Great Britain
95,0,AMERICAN REVOLUTION,EUTAW SPRINGS,BR ARMY,Great Britain
95,1,AMERICAN REVOLUTION,EUTAW SPRINGS,AM ARMY,USA
96,0,WAR OF THE FIRST COALITION,VALMY,ARMIES OF NORTH & CENTER,France
96,1,WAR OF THE FIRST COALITION,VALMY,ALLIED ARMY,Prussia
97,0,WAR OF THE FIRST COALITION,JEMAPPES,ALLIED ARMY,Austria
97,1,WAR OF THE FIRST COALITION,JEMAPPES,FRENCH ARMY OF THE NORTH,France
98,0,WAR OF THE FIRST COALITION,NEERWINDEN,AUSTRIAN ARMY,Austria
98,1,WAR OF THE FIRST COALITION,NEERWINDEN,FRENCH ARMY OF THE NORTH,France
99,0,WAR OF THE FIRST COALITION,HONDSCHOOTE,BR & HAN ARMY,Great Britain
99,1,WAR OF THE FIRST COALITION,HONDSCHOOTE,FRENCH ARMY OF THE NORTH,France
100,0,WAR OF THE FIRST COALITION,WATTIGNIES,AUSTRIAN ARMY,Austria
100,1,WAR OF THE FIRST COALITION,WATTIGNIES,FRENCH ARMY OF THE NORTH,France
101,0,WAR OF THE FIRST COALITION,FLEURUS,FRENCH ARMY OF THE NORTH,France
101,1,WAR OF THE FIRST COALITION,FLEURUS,AUSTRIAN ARMY,Austria
102,0,WAR OF THE FIRST COALITION,LODI,AUSTRIAN ARMY,Austria
102,1,WAR OF THE FIRST COALITION,LODI,FRENCH ARMY OF ITALY,France
103,0,WAR OF THE FIRST COALITION,CASTIGLIONE,AUSTRIAN ARMY,Austria
103,1,WAR OF THE FIRST COALITION,CASTIGLIONE,FRENCH ARMY OF ITALY,France
104,0,WAR OF THE FIRST COALITION,NERESHEIM,FR ARMY OF THE RHINE AND MOSELLE,France
104,1,WAR OF THE FIRST COALITION,NERESHEIM,AUS ARMY,Austria
105,0,WAR OF THE FIRST COALITION,WUERZBURG,FR ARMY OF THE SAMBRE AND MEUSE,France
105,1,WAR OF THE FIRST COALITION,WUERZBURG,AUS ARMY,Austria
106,0,WAR OF THE FIRST COALITION,ARCOLA,AUS ARMY,Austria
106,1,WAR OF THE FIRST COALITION,ARCOLA,FR ARMY OF ITALY,France
107,0,WAR OF THE FIRST COALITION,RIVOLI,FR ARMY OF ITALY,France
107,1,WAR OF THE FIRST COALITION,RIVOLI,AUS ARMY,Austria
108,0,WAR OF THE FIRST COALITION,PYRAMIDS,MAMELUKE ARMY,Ottoman Empire
108,1,WAR OF THE FIRST COALITION,PYRAMIDS,FR ARMY,France
109,0,WAR OF THE SECOND COALITION,STOCKACH I,AUS ARMY,Austria
109,1,WAR OF THE SECOND COALITION,STOCKACH I,FR ARMY,France
110,0,WAR OF THE FIRST COALITION,MOUNT TABOR,FR ARMY,France
110,1,WAR OF THE FIRST COALITION,MOUNT TABOR,TURK ARMY,Ottoman Empire
111,0,WAR OF THE SECOND COALITION,ZURICH I,FR ARMY,France
111,1,WAR OF THE SECOND COALITION,ZURICH I,AUS ARMY,Austria
112,0,WAR OF THE SECOND COALITION,NOVI,FR ARMY OF ITALY,France
112,1,WAR OF THE SECOND COALITION,NOVI,ALLIED ARMY,Russia
113,0,WAR OF THE SECOND COALITION,ZURICH III,ALLIED ARMY,Russia
113,1,WAR OF THE SECOND COALITION,ZURICH III,FR ARMY,France
114,0,WAR OF THE SECOND COALITION,MOESKIRCH,AUS ARMY,Austria
114,1,WAR OF THE SECOND COALITION,MOESKIRCH,FR ARMY,France
115,0,WAR OF THE SECOND COALITION,MARENGO,FR ARMY OF THE RESERVE,France
115,1,WAR OF THE SECOND COALITION,MARENGO,AUS ARMY,Austria
116,0,WAR OF THE SECOND COALITION,HOHENLINDEN,FR ARMY,France
116,1,WAR OF THE SECOND COALITION,HOHENLINDEN,AUS ARMY,Austria
117,0,THE NAPOLEONIC WARS,AUSTERLITZ,FR ARMY,France
117,1,THE NAPOLEONIC WARS,AUSTERLITZ,ALLIED ARMY,Russia
118,0,THE NAPOLEONIC WARS,JENA,PR ARMY,Prussia
118,1,THE NAPOLEONIC WARS,JENA,FR ARMY,France
119,0,THE NAPOLEONIC WARS,AUERSTADT,FR III CORPS,France
119,1,THE NAPOLEONIC WARS,AUERSTADT,PR ARMY,Prussia
120,0,THE NAPOLEONIC WARS,EYLAU,RUSS ARMY,Russia
120,1,THE NAPOLEONIC WARS,EYLAU,FR ARMY,France
121,0,THE NAPOLEONIC WARS,FRIEDLAND,RUSS ARMY,Russia
121,1,THE NAPOLEONIC WARS,FRIEDLAND,FR ARMY,France
122,0,THE NAPOLEONIC WARS,VIMIERO,BR & PORT ARMY,Great Britain
122,1,THE NAPOLEONIC WARS,VIMIERO,FR ARMY,France
123,0,THE NAPOLEONIC WARS,CORUNNA,BR ARMY,Great Britain
123,1,THE NAPOLEONIC WARS,CORUNNA,FR ARMY,France
124,0,THE NAPOLEONIC WARS,ECKMUEHL,FR ARMY,France
124,1,THE NAPOLEONIC WARS,ECKMUEHL,AUS ARMY,Austria
125,0,THE NAPOLEONIC WARS,ASPERN-ESSLING,FR ARMY,France
125,1,THE NAPOLEONIC WARS,ASPERN-ESSLING,AUS ARMY,Austria
126,0,THE NAPOLEONIC WARS,THE RAAB,AUS ARMY,Austria
126,1,THE NAPOLEONIC WARS,THE RAAB,FR ARMY,France
127,0,THE NAPOLEONIC WARS,WAGRAM,AUS ARMY,Austria
127,1,THE NAPOLEONIC WARS,WAGRAM,FR ARMY,France
128,0,THE NAPOLEONIC WARS,TALAVERA,BR & SP ARMIES,Great Britain & Spain
128,1,THE NAPOLEONIC WARS,TALAVERA,FR ARMY,France
129,0,THE NAPOLEONIC WARS,BUSSACO,BR & PORT ARMIES,Great Britain
129,1,THE NAPOLEONIC WARS,BUSSACO,FR ARMY OF PORTUGAL,France
130,0,THE NAPOLEONIC WARS,FUENTES DE ONORO,BR & PORT ARMIES,Great Britain
130,1,THE NAPOLEONIC WARS,FUENTES DE ONORO,FR ARMY,France
131,0,THE NAPOLEONIC WARS,ALBUERA,"BR, PORT & SP ARMIES",Great Britain
131,1,THE NAPOLEONIC WARS,ALBUERA,FR ARMY,France
132,0,THE NAPOLEONIC WARS,SALAMANCA,FR ARMY,France
132,1,THE NAPOLEONIC WARS,SALAMANCA,BR ALLIED ARMY,Great Britain
133,0,THE NAPOLEONIC WARS,VITTORIA,FR ARMY,France
133,1,THE NAPOLEONIC WARS,VITTORIA,BR ALLIED ARMY,Great Britain
134,0,THE NAPOLEONIC WARS,BORODINO,RUSS ARMY,Russia
134,1,THE NAPOLEONIC WARS,BORODINO,FR ARMY,France
135,0,THE NAPOLEONIC WARS,LUETZEN,FR ARMY,France
135,1,THE NAPOLEONIC WARS,LUETZEN,RUSS & PR ARMIES,Russia & Prussia
136,0,THE NAPOLEONIC WARS,BAUTZEN,PR & RUSS ARMIES,Prussia & Russia
136,1,THE NAPOLEONIC WARS,BAUTZEN,FR ARMY,France
137,0,THE NAPOLEONIC WARS,DRESDEN,FR ARMY,France
137,1,THE NAPOLEONIC WARS,DRESDEN,"ALLIED (AUS, RUSS, PR)",Austria
138,0,THE NAPOLEONIC WARS,LEIPZIG,FR ARMY,France
138,1,THE NAPOLEONIC WARS,LEIPZIG,"ALLIED (AUS, RUSS, PR, SW) ARMY",Austria
139,0,THE NAPOLEONIC WARS,HANAU,BAV ARMY,Bavaria
139,1,THE NAPOLEONIC WARS,HANAU,FR ARMY,France
140,0,THE NAPOLEONIC WARS,LA ROTHIERE,FR ARMY,France
140,1,THE NAPOLEONIC WARS,LA ROTHIERE,ALLIED ARMY OF SILESIA,Prussia
141,0,THE NAPOLEONIC WARS,LAON,ALLIED ARMY OF SILESIA,Prussia
141,1,THE NAPOLEONIC WARS,LAON,FR ARMY,France
142,0,THE NAPOLEONIC WARS,ARCIS-SUR-AUBE,FR ARMY,France
142,1,THE NAPOLEONIC WARS,ARCIS-SUR-AUBE,ALLIED ARMY OF BOHEMIA,Austria
143,0,THE NAPOLEONIC WARS,LIGNY,PR ARMY (ELMS),Prussia
143,1,THE NAPOLEONIC WARS,LIGNY,FR ARMY OF NORTH (ELEMENTS OF),France
144,0,THE NAPOLEONIC WARS,QUATRE BRAS,BR & DU ARMY (ELMS),Great Britain
144,1,THE NAPOLEONIC WARS,QUATRE BRAS,FR ARMY OF NORTH (ELEMENTS OF),France
145,0,THE NAPOLEONIC WARS,WATERLOO,"ALLIED (BR, DU, PR) ARMIES",Great Britain & Prussia
145,1,THE NAPOLEONIC WARS,WATERLOO,FR ARMY OF NORTH (ELEMENTS OF),France
146,0,WAR OF 1812,THE THAMES,BR ARMY,Great Britain
146,1,WAR OF 1812,THE THAMES,US ARMY,USA
147,0,WAR OF 1812,CHIPPEWA,US ARMY,USA
147,1,WAR OF 1812,CHIPPEWA,BR ARMY,Great Britain
148,0,WAR OF 1812,LUNDY'S LANE,BR ARMY,Great Britain
148,1,WAR OF 1812,LUNDY'S LANE,US ARMY,USA
149,0,WAR OF 1812,NEW ORLEANS,US ARMY,USA
149,1,WAR OF 1812,NEW ORLEANS,BR ARMY,Great Britain
150,0,LATIN AMERICAN WARS OF INDEPENDENCE,BOYACA,SP ARMY,Spain
150,1,LATIN AMERICAN WARS OF INDEPENDENCE,BOYACA,PATRIOT ARMY,Independentalists
151,0,LATIN AMERICAN WARS OF INDEPENDENCE,CARABOBO,SP ARMY,Spain
151,1,LATIN AMERICAN WARS OF INDEPENDENCE,CARABOBO,PATRIOT ARMY,Independentalists
152,0,LATIN AMERICAN WARS OF INDEPENDENCE,BOMBONA,SP ARMY,Spain
152,1,LATIN AMERICAN WARS OF INDEPENDENCE,BOMBONA,PATRIOT ARMY,Independentalists
153,0,LATIN AMERICAN WARS OF INDEPENDENCE,PICHINCHA,PATRIOT ARMY,Independentalists
153,1,LATIN AMERICAN WARS OF INDEPENDENCE,PICHINCHA,SP ARMY,Spain
154,0,LATIN AMERICAN WARS OF INDEPENDENCE,JUNIN,SP ARMY,Spain
154,1,LATIN AMERICAN WARS OF INDEPENDENCE,JUNIN,PATRIOT ARMY,Independentalists
155,0,LATIN AMERICAN WARS OF INDEPENDENCE,AYACUCHO,PATRIOT ARMY,Independentalists
155,1,LATIN AMERICAN WARS OF INDEPENDENCE,AYACUCHO,SP ARMY,Spain
156,0,WAR OF TEXAN INDEPENDENCE,SAN JACINTO,MEX ARMY,Mexico
156,1,WAR OF TEXAN INDEPENDENCE,SAN JACINTO,TEXAN VOL ARMY,Texas
157,0,US-MEXICAN WAR,PALO ALTO,MEX ARMY,Mexico
157,1,US-MEXICAN WAR,PALO ALTO,US ARMY,USA
158,0,US-MEXICAN WAR,RESACA DE LA PALMA,MEX ARMY,Mexico
158,1,US-MEXICAN WAR,RESACA DE LA PALMA,US ARMY,USA
159,0,US-MEXICAN WAR,BUENA VISTA,US ARMY,USA
159,1,US-MEXICAN WAR,BUENA VISTA,MEX ARMY,Mexico
160,0,US-MEXICAN WAR,CERRO GORDO,MEX ARMY,Mexico
160,1,US-MEXICAN WAR,CERRO GORDO,US ARMY,USA
161,0,US-MEXICAN WAR,CONTRERAS,MEX ARMY,Mexico
161,1,US-MEXICAN WAR,CONTRERAS,US ARMY,USA
162,0,US-MEXICAN WAR,CHURUBUSCO,MEX ARMY,Mexico
162,1,US-MEXICAN WAR,CHURUBUSCO,US ARMY,USA
163,0,US-MEXICAN WAR,MOLINO DEL REY,MEX ARMY,Mexico
163,1,US-MEXICAN WAR,MOLINO DEL REY,US ARMY,USA
164,0,US-MEXICAN WAR,CHAPULTEPEC,MEX ARMY,Mexico
164,1,US-MEXICAN WAR,CHAPULTEPEC,US ARMY,USA
165,0,CRIMEAN WAR,THE ALMA,RUSS ARMY,Russia
165,1,CRIMEAN WAR,THE ALMA,"BR, FR & TURK ARMIES",Great Britain & France
166,0,CRIMEAN WAR,INKERMAN,BR & FR ARMY,Great Britain & France
166,1,CRIMEAN WAR,INKERMAN,RUSS ARMY,Russia
167,0,WAR OF AUSTRIA WITH FRANCE AND PIEDMONT,MAGENTA,AUS ARMY,Austria
167,1,WAR OF AUSTRIA WITH FRANCE AND PIEDMONT,MAGENTA,FR & PIED ARMY,France
168,0,WAR OF AUSTRIA WITH FRANCE AND PIEDMONT,SOLFERINO,AUS ARMY,Austria
168,1,WAR OF AUSTRIA WITH FRANCE AND PIEDMONT,SOLFERINO,FR & PIED ARMY,France
169,0,AUSTRO-PRUSSIAN (SEVEN WEEK'S) WAR,SADOWA (KOENIGGRATZ),AUS & SAX ARMY,Austria
169,1,AUSTRO-PRUSSIAN (SEVEN WEEK'S) WAR,SADOWA (KOENIGGRATZ),PR ARMY GROUP,Prussia
170,0,AUSTRO-ITALIAN WAR,CUSTOZZA II,AUS ARMY,Austria
170,1,AUSTRO-ITALIAN WAR,CUSTOZZA II,ITAL ARMY,Italy
171,0,AMERICAN CIVIL WAR,FIRST BULL RUN (MANASSAS),CS ARMY,Confederacy
171,1,AMERICAN CIVIL WAR,FIRST BULL RUN (MANASSAS),US ARMY,USA
172,0,AMERICAN CIVIL WAR,WILSON'S CREEK,CS ARMY,Confederacy
172,1,AMERICAN CIVIL WAR,WILSON'S CREEK,US ARMY,USA
173,0,AMERICAN CIVIL WAR,BELMONT,CS ARMY,Confederacy
173,1,AMERICAN CIVIL WAR,BELMONT,US ARMY,USA
174,0,AMERICAN CIVIL WAR,MILL SPRINGS,US ARMY,USA
174,1,AMERICAN CIVIL WAR,MILL SPRINGS,CS ARMY,Confederacy
175,0,AMERICAN CIVIL WAR,FORT DONELSON,US ARMY,USA
175,1,AMERICAN CIVIL WAR,FORT DONELSON,CS ARMY,Confederacy
176,0,AMERICAN CIVIL WAR,PEA RIDGE,US ARMY OF THE SOUTHWEST,USA
176,1,AMERICAN CIVIL WAR,PEA RIDGE,CS ARMY,Confederacy
177,0,AMERICAN CIVIL WAR,KERNSTOWN,US ARMY,USA
177,1,AMERICAN CIVIL WAR,KERNSTOWN,CS ARMY,Confederacy
178,0,AMERICAN CIVIL WAR,SHILOH,US ARMIES OF THE TENNESSEE AND OHIO,USA
178,1,AMERICAN CIVIL WAR,SHILOH,CS ARMY OF MISSISSIPPI,Confederacy
179,0,AMERICAN CIVIL WAR,FRONT ROYAL,US 1ST MARYLAND REGIMENT,USA
179,1,AMERICAN CIVIL WAR,FRONT ROYAL,CS VALLEY ARMY,Confederacy
180,0,AMERICAN CIVIL WAR,FIRST WINCHESTER,US V CORPS,USA
180,1,AMERICAN CIVIL WAR,FIRST WINCHESTER,CS VALLEY ARMY,Confederacy
181,0,AMERICAN CIVIL WAR,CROSS KEYS,CS VALLEY ARMY,Confederacy
181,1,AMERICAN CIVIL WAR,CROSS KEYS,US ARMY OF W. VA.,USA
182,0,AMERICAN CIVIL WAR,PORT REPUBLIC,US V CORPS,USA
182,1,AMERICAN CIVIL WAR,PORT REPUBLIC,CS VALLEY ARMY,Confederacy
183,0,AMERICAN CIVIL WAR,SEVEN PINES (FAIR OAKS),US ARMY OF THE POTOMAC,USA
183,1,AMERICAN CIVIL WAR,SEVEN PINES (FAIR OAKS),CS ARMY,Confederacy
184,0,AMERICAN CIVIL WAR,MECHANICSVILLE,US ARMY OF THE POTOMAC,USA
184,1,AMERICAN CIVIL WAR,MECHANICSVILLE,CS ARMY OF NORTHERN VIRGINIA,Confederacy
185,0,AMERICAN CIVIL WAR,GAINES'S MILL,US ARMY OF THE POTOMAC,USA
185,1,AMERICAN CIVIL WAR,GAINES'S MILL,CS ARMY OF NORTHERN VIRGINIA,Confederacy
186,0,AMERICAN CIVIL WAR,GLENDALE-FRAYSER'S FARM,US ARMY OF THE POTOMAC,USA
186,1,AMERICAN CIVIL WAR,GLENDALE-FRAYSER'S FARM,CS ARMY OF NORTHERN VIRGINIA,Confederacy
187,0,AMERICAN CIVIL WAR,MALVERN HILL,US ARMY OF THE POTOMAC,USA
187,1,AMERICAN CIVIL WAR,MALVERN HILL,CS ARMY OF NORTHERN VIRGINIA,Confederacy
188,0,AMERICAN CIVIL WAR,CEDAR MOUNTAIN,CS ARMY OF NORTHERN VIRGINIA,Confederacy
188,1,AMERICAN CIVIL WAR,CEDAR MOUNTAIN,US ARMY OF VIRGINIA(-),USA
189,0,AMERICAN CIVIL WAR,SECOND BULL RUN (MANASSAS),CS ARMY OF NORTHERN VIRGINIA,Confederacy
189,1,AMERICAN CIVIL WAR,SECOND BULL RUN (MANASSAS),US ARMY OF VIRGINIA(+),USA
190,0,AMERICAN CIVIL WAR,SOUTH MOUNTAIN,CS ARMY OF NORTHERN VIRGINIA (-),Confederacy
190,1,AMERICAN CIVIL WAR,SOUTH MOUNTAIN,US ARMY OF THE POTOMAC,USA
191,0,AMERICAN CIVIL WAR,ANTIETAM (SHARPSBURG),CS ARMY OF NORTHERN VIRGINIA,Confederacy
191,1,AMERICAN CIVIL WAR,ANTIETAM (SHARPSBURG),US ARMY OF THE POTOMAC,USA
192,0,AMERICAN CIVIL WAR,CORINTH,CS ARMY OF WESTERN TENNESSEE,Confederacy
192,1,AMERICAN CIVIL WAR,CORINTH,US ARMY OF THE MISSISSIPPI,USA
193,0,AMERICAN CIVIL WAR,PERRYVILLE,CS ARMY OF TENNESSEE (-),Confederacy
193,1,AMERICAN CIVIL WAR,PERRYVILLE,US ARMY OF THE OHIO,USA
194,0,AMERICAN CIVIL WAR,FREDERICKSBURG,CS ARMY OF NORTHERN VIRGINIA,Confederacy
194,1,AMERICAN CIVIL WAR,FREDERICKSBURG,US ARMY OF THE POTOMAC,USA
195,0,AMERICAN CIVIL WAR,MURFREESBORO (STONE'S RIVER),US ARMY OF THE CUMBERLAND,USA
195,1,AMERICAN CIVIL WAR,MURFREESBORO (STONE'S RIVER),CS ARMY OF TENNESSEE,Confederacy
196,0,AMERICAN CIVIL WAR,CHANCELLORSVILLE,CS ARMY OF NORTHERN VIRGINIA,Confederacy
196,1,AMERICAN CIVIL WAR,CHANCELLORSVILLE,US ARMY OF THE POTOMAC,USA
197,0,AMERICAN CIVIL WAR,CHAMPION'S HILL,CS ARMY,Confederacy
197,1,AMERICAN CIVIL WAR,CHAMPION'S HILL,US ARMY,USA
198,0,AMERICAN CIVIL WAR,BRANDY STATION,CS CAVALRY CORPS,Confederacy
198,1,AMERICAN CIVIL WAR,BRANDY STATION,US CAVALRY CORPS,USA
199,0,AMERICAN CIVIL WAR,GETTYSBURG,US ARMY OF THE POTOMAC,USA
199,1,AMERICAN CIVIL WAR,GETTYSBURG,CS ARMY OF NORTHERN VIRGINIA,Confederacy
200,0,AMERICAN CIVIL WAR,CHICKAMAUGA,US ARMY OF THE CUMBERLAND,USA
200,1,AMERICAN CIVIL WAR,CHICKAMAUGA,CS ARMY OF TENNESSEE,Confederacy
201,0,AMERICAN CIVIL WAR,CHATTANOOGA,CS ARMY OF TENNESSEE,Confederacy
201,1,AMERICAN CIVIL WAR,CHATTANOOGA,US ARMY OF THE CUMBERLAND,USA
202,0,AMERICAN CIVIL WAR,THE WILDERNESS,CS ARMY OF NORTHERN VIRGINIA,Confederacy
202,1,AMERICAN CIVIL WAR,THE WILDERNESS,US ARMY OF THE POTOMAC,USA
203,0,AMERICAN CIVIL WAR,SPOTSYLVANIA,CS ARMY OF NORTHERN VIRGINIA,Confederacy
203,1,AMERICAN CIVIL WAR,SPOTSYLVANIA,US ARMY OF THE POTOMAC,USA
204,0,AMERICAN CIVIL WAR,NEW MARKET,US ARMY OF THE POTOMAC,USA
204,1,AMERICAN CIVIL WAR,NEW MARKET,CS ARMY OF NORTHERN VIRGINIA,Confederacy
205,0,AMERICAN CIVIL WAR,COLD HARBOR,CS ARMY OF NORTHERN VIRGINIA,Confederacy
205,1,AMERICAN CIVIL WAR,COLD HARBOR,US ARMY OF THE POTOMAC(+),USA
206,0,AMERICAN CIVIL WAR,KENESAW MOUNTAIN,CS ARMY OF TENNESSEE,Confederacy
206,1,AMERICAN CIVIL WAR,KENESAW MOUNTAIN,US ARMY OF THE CUMBERLAND,USA
207,0,AMERICAN CIVIL WAR,PEACHTREE CREEK,US ARMY OF THE CUMBERLAND,USA
207,1,AMERICAN CIVIL WAR,PEACHTREE CREEK,CS ARMY OF TENNESSEE,Confederacy
208,0,AMERICAN CIVIL WAR,ATLANTA,US ARMY OF THE TENNESSEE,USA
208,1,AMERICAN CIVIL WAR,ATLANTA,CS ARMY OF TENNESSEE,Confederacy
209,0,AMERICAN CIVIL WAR,PETERSBURG,CS PETERSBURG GARRISSON (+),Confederacy
209,1,AMERICAN CIVIL WAR,PETERSBURG,US ARMY OF THE JAMES,USA
210,0,AMERICAN CIVIL WAR,GLOBE TAVERN,CS III CORPS (+),Confederacy
210,1,AMERICAN CIVIL WAR,GLOBE TAVERN,US V CORPS(+),USA
211,0,AMERICAN CIVIL WAR,OPEQUON CREEK (THIRD WINCHESTER),CS II CORPS,Confederacy
211,1,AMERICAN CIVIL WAR,OPEQUON CREEK (THIRD WINCHESTER),US ARMY OF THE SHENANDOAH,USA
212,0,AMERICAN CIVIL WAR,CEDAR CREEK,US ARMY OF THE SHENANDOAH,USA
212,1,AMERICAN CIVIL WAR,CEDAR CREEK,CS II CORPS,Confederacy
213,0,AMERICAN CIVIL WAR,FRANKLIN,US 4TH & 23RD ARMY CORPS(+),USA
213,1,AMERICAN CIVIL WAR,FRANKLIN,CS ARMY OF TENNESSEE,Confederacy
214,0,AMERICAN CIVIL WAR,NASHVILLE,CS ARMY OF TENNESSEE,Confederacy
214,1,AMERICAN CIVIL WAR,NASHVILLE,US ARMY OF THE CUMBERLAND(-)(+),USA
215,0,AMERICAN CIVIL WAR,BENTONVILLE,US ARMY OF GEORGIA (-),USA
215,1,AMERICAN CIVIL WAR,BENTONVILLE,CS ARMY OF TENNESSEE,Confederacy
216,0,AMERICAN CIVIL WAR,DINWIDDIE COURTHOUSE & WHITE OAK ROAD,CS ARMY OF NORTHERN VIRGINIA (ELMS),Confederacy
216,1,AMERICAN CIVIL WAR,DINWIDDIE COURTHOUSE & WHITE OAK ROAD,US ARMY OF THE POTOMAC(+),USA
217,0,AMERICAN CIVIL WAR,FIVE FORKS,CS PICKETT'S DIV (+),Confederacy
217,1,AMERICAN CIVIL WAR,FIVE FORKS,US V CORPS,USA
218,0,AMERICAN CIVIL WAR,SELMA,CS CAV CORPS (ELMS),Confederacy
218,1,AMERICAN CIVIL WAR,SELMA,US CAV CORPS MIL DIV MISSISSIPPI,USA
219,0,AMERICAN CIVIL WAR,SAYLOR'S CREEK,CS ARMY OF NORTHERN VIRGINIA (ELMS),Confederacy
219,1,AMERICAN CIVIL WAR,SAYLOR'S CREEK,US VI CORPS(+),USA
220,0,FRANCO-PRUSSIAN WAR,WEISSENBURG,FR I CORPS (-),France
220,1,FRANCO-PRUSSIAN WAR,WEISSENBURG,GER 3RD ARMY,Germany
221,0,FRANCO-PRUSSIAN WAR,FROESCHWILLER,FR ARMY OF ALSACE,France
221,1,FRANCO-PRUSSIAN WAR,FROESCHWILLER,GER 3RD ARMY,Germany
222,0,FRANCO-PRUSSIAN WAR,SPICHERN,FR 2ND CORPS,France
222,1,FRANCO-PRUSSIAN WAR,SPICHERN,GER 1ST ARMY(+),Germany
223,0,FRANCO-PRUSSIAN WAR,MARS LA TOUR,FR ARMY OF LORRAINE,France
223,1,FRANCO-PRUSSIAN WAR,MARS LA TOUR,GER 1ST & 2ND ARMIES,Germany
224,0,FRANCO-PRUSSIAN WAR,GRAVELOTTE-ST. PRIVAT,FR ARMY OF LORRAINE,France
224,1,FRANCO-PRUSSIAN WAR,GRAVELOTTE-ST. PRIVAT,GER 1ST & 2ND ARMIES,Germany
225,0,FRANCO-PRUSSIAN WAR,SEDAN,FR ARMY OF ALSACE,France
225,1,FRANCO-PRUSSIAN WAR,SEDAN,GER 2ND & 3RD ARMIES,Germany
226,0,FRANCO-PRUSSIAN WAR,COULMIERS,BAV I CORPS,Germany
226,1,FRANCO-PRUSSIAN WAR,COULMIERS,FR ARMY OF THE LOIRE,France
227,0,FRANCO-PRUSSIAN WAR,ORLEANS,FR ARMY OF THE LOIRE,France
227,1,FRANCO-PRUSSIAN WAR,ORLEANS,GER 2ND ARMY,Germany
228,0,FRANCO-PRUSSIAN WAR,LE MANS,FR ARMY OF THE LOIRE,France
228,1,FRANCO-PRUSSIAN WAR,LE MANS,GER 2ND ARMY,Germany
229,0,FRANCO-PRUSSIAN WAR,BELFORT,GER ARMY OF THE SOUTH,Germany
229,1,FRANCO-PRUSSIAN WAR,BELFORT,FR ARMY OF THE EAST,France
230,0,ZULU WAR,ISANDHLWANA,BR 24TH REGT. (+),Great Britain
230,1,ZULU WAR,ISANDHLWANA,ZULU ARMY,Zulu
231,0,ZULU WAR,ULUNDI,BR ARMY,Great Britain
231,1,ZULU WAR,ULUNDI,ZULU ARMY,Zulu
232,0,TRANSVAAL REVOLT,MAJUBA HILL,BR ARMY,Great Britain
232,1,TRANSVAAL REVOLT,MAJUBA HILL,BOER ARMY,South African Republic
233,0,EGYPT AND THE SUDAN,TEL EL-KEBIR,EG ARMY,Egypt
233,1,EGYPT AND THE SUDAN,TEL EL-KEBIR,BR ARMY,Great Britain
234,0,EGYPT AND THE SUDAN,OMDURMAN,BR ARMY,Great Britain
234,1,EGYPT AND THE SUDAN,OMDURMAN,MAHDISTS,Mahdists
235,0,ITALO-ETHIOPIAN WAR,ADOWA,IT ARMY,Italy
235,1,ITALO-ETHIOPIAN WAR,ADOWA,ETH ARMY,Ethiopia
236,0,BOER WAR,MODDER RIVER,BOER ARMY,South African Republic
236,1,BOER WAR,MODDER RIVER,BR ARMY,Great Britain
237,0,BOER WAR,MAGERSFONTEIN,BOER ARMY,South African Republic
237,1,BOER WAR,MAGERSFONTEIN,BR ARMY,Great Britain
238,0,BOER WAR,COLENSO,BOER ARMY,South African Republic
238,1,BOER WAR,COLENSO,BR ARMY,Great Britain
239,0,BOER WAR,SPION KOP,BOER ARMY,South African Republic
239,1,BOER WAR,SPION KOP,BR ARMY,Great Britain
240,0,BOER WAR,PAARDEBURG,BOER ARMY,South African Republic
240,1,BOER WAR,PAARDEBURG,BR ARMY,Great Britain
241,0,SPANISH-AMERICAN WAR,SAN JUAN HILL AND EL CANEY,SP ARMY,Spain
241,1,SPANISH-AMERICAN WAR,SAN JUAN HILL AND EL CANEY,US V CORPS,USA
242,0,RUSSO-JAPANESE WAR,THE YALU,RUSS ARMY,Russia
242,1,RUSSO-JAPANESE WAR,THE YALU,JAP 1ST ARMY,Japan
243,0,RUSSO-JAPANESE WAR,TELISSU,RUSS ARMY,Russia
243,1,RUSSO-JAPANESE WAR,TELISSU,JAP 2ND ARMY,Japan
244,0,RUSSO-JAPANESE WAR,LIAOYANG,RUSS ARMY GROUP,Russia
244,1,RUSSO-JAPANESE WAR,LIAOYANG,JAP ARMY GROUP,Japan
245,0,RUSSO-JAPANESE WAR,THE SHA-HO,JAP ARMY GROUP,Japan
245,1,RUSSO-JAPANESE WAR,THE SHA-HO,RUSS ARMY GROUP,Russia
246,0,RUSSO-JAPANESE WAR,SANDEPU,JAP ARMY GROUP,Japan
246,1,RUSSO-JAPANESE WAR,SANDEPU,RUSS ARMY,Russia
247,0,RUSSO-JAPANESE WAR,MUKDEN,RUSS ARMY GROUP,Russia
247,1,RUSSO-JAPANESE WAR,MUKDEN,JAP ARMY GROUP,Japan
248,0,THE BALKAN WARS,KUMANOVO,TK ARMY OF MACEDONIA,Ottoman Empire
248,1,THE BALKAN WARS,KUMANOVO,SERB 1ST ARMY,Serbia
249,0,THE BALKAN WARS,LULE BURGAS,TK ARMY OF THE EAST,Ottoman Empire
249,1,THE BALKAN WARS,LULE BURGAS,BUL ARMY GROUP,Bulgaria
250,0,THE BALKAN WARS,PRELIP,TK ARMY OF MACEDONIA,Ottoman Empire
250,1,THE BALKAN WARS,PRELIP,SERB 1ST ARMY,Serbia
251,0,THE BALKAN WARS,MONASTIR,TK ARMY OF MACEDONIA,Ottoman Empire
251,1,THE BALKAN WARS,MONASTIR,SERB ARMY GROUP,Serbia
252,0,THE BALKAN WARS,ADRIANOPLE,TK ADRIANOPLE GARRISON,Ottoman Empire
252,1,THE BALKAN WARS,ADRIANOPLE,BUL 2ND ARMY(+),Bulgaria
253,0,RUSSO-POLISH WAR (1920),WARSAW,SOV ARMY GROUP,USSR
253,1,RUSSO-POLISH WAR (1920),WARSAW,POL ARMY GROUP,Poland
254,0,RUSSO-POLISH WAR (1920),THE NIEMAN,SOV ARMY GROUP,USSR
254,1,RUSSO-POLISH WAR (1920),THE NIEMAN,POL ARMY GROUP,Poland
255,0,THE SPANISH CIVIL WAR,GUADALAJARA-BRIHUEGA,SP REPUBLICAN FORCES,Spanish Republic
255,1,THE SPANISH CIVIL WAR,GUADALAJARA-BRIHUEGA,IT VOL CORPS,Italy
256,0,THE MANCHURIAN INCIDENT (1938-1939),CHANGKUFENG-SHACHAOFENG,SOV 59TH BORDER GUARD UNIT(-),USSR
256,1,THE MANCHURIAN INCIDENT (1938-1939),CHANGKUFENG-SHACHAOFENG,JAP I/75TH INF REGT(+),Japan
257,0,THE MANCHURIAN INCIDENT (1938-1939),HILL 52-SHACHAOFENG,JAP 19TH INF DIV(-),Japan
257,1,THE MANCHURIAN INCIDENT (1938-1939),HILL 52-SHACHAOFENG,SOV 40TH RIFLE DIV(-)(+),USSR
258,0,THE MANCHURIAN INCIDENT (1938-1939),CHANGKUFENG-HILL 52,JAP 19TH INF DIV(+),Japan
258,1,THE MANCHURIAN INCIDENT (1938-1939),CHANGKUFENG-HILL 52,SOV SPECIAL FAR EASTERN ARMY(-),USSR
259,0,THE MANCHURIAN INCIDENT (1938-1939),NOMONHAN-OPENING ENGAGEMENT,SOV 11TH TK BDE(-)(+),USSR
259,1,THE MANCHURIAN INCIDENT (1938-1939),NOMONHAN-OPENING ENGAGEMENT,JAP 64TH INF REGT(-)(+),Japan
260,0,THE MANCHURIAN INCIDENT (1938-1939),NOMONHAN-SOVIET COUNTEROFFENSIVE,JAP 6TH ARMY(-),Japan
260,1,THE MANCHURIAN INCIDENT (1938-1939),NOMONHAN-SOVIET COUNTEROFFENSIVE,SOV 1ST ARMY GROUP,USSR
261,0,RUSSO-FINISH WAR (1939-1940),SUOMUSSALMI,SOV 163RD UKRANIAN DIV & 44TH MOTORIZED DIV,USSR
261,1,RUSSO-FINISH WAR (1939-1940),SUOMUSSALMI,FIN 9TH INF DIV,Finland
262,0,WORLD WAR I (WESTERN FRONT 1914),ALSACE-LORRAINE I,GER 6TH &7TH ARMIES,Germany
262,1,WORLD WAR I (WESTERN FRONT 1914),ALSACE-LORRAINE I,"FR 1ST & 2ND ARMIES, ARMY OF ALSACE",France
263,0,WORLD WAR I (WESTERN FRONT 1914),ALSACE-LORRAINE II,FR 1ST & 2ND ARMIES & ARMY OF ALSACE,France
263,1,WORLD WAR I (WESTERN FRONT 1914),ALSACE-LORRAINE II,GER 6TH & 7TH ARMIES,Germany
264,0,WORLD WAR I (WESTERN FRONT 1914),THE ARDENNES,GER 4TH &5TH ARMIES,Germany
264,1,WORLD WAR I (WESTERN FRONT 1914),THE ARDENNES,FR 3RD & 4TH ARMIES,France
265,0,WORLD WAR I (WESTERN FRONT 1914),THE SAMBRE,FR 5TH ARMY,France
265,1,WORLD WAR I (WESTERN FRONT 1914),THE SAMBRE,GER 2ND & 3RD ARMIES,Germany
266,0,WORLD WAR I (WESTERN FRONT 1914),MONS,BR EXPED FORCE,Great Britain
266,1,WORLD WAR I (WESTERN FRONT 1914),MONS,GER 1ST ARMY,Germany
267,0,WORLD WAR I (WESTERN FRONT 1914),LE CATEAU,BR EXPED FORCE,Great Britain
267,1,WORLD WAR I (WESTERN FRONT 1914),LE CATEAU,GER 1ST ARMY,Germany
268,0,WORLD WAR I (WESTERN FRONT 1914),GUISE,FR 5TH ARMY,France
268,1,WORLD WAR I (WESTERN FRONT 1914),GUISE,GER 2ND ARMY,Germany
269,0,WORLD WAR I (WESTERN FRONT 1914),HEIGHTS OF NANCY,FR 1ST & 2ND ARMIES,France
269,1,WORLD WAR I (WESTERN FRONT 1914),HEIGHTS OF NANCY,GER 6TH & 7TH ARMIES,Germany
270,0,WORLD WAR I (WESTERN FRONT 1914),OURCQ I,GER 4TH RESERVE CORPS,Germany
270,1,WORLD WAR I (WESTERN FRONT 1914),OURCQ I,FR 6TH ARMY,France
271,0,WORLD WAR I (WESTERN FRONT 1914),OURCQ II,GER 1ST ARMY(-)(+),Germany
271,1,WORLD WAR I (WESTERN FRONT 1914),OURCQ II,FR 6TH ARMY,France
272,0,WORLD WAR I (WESTERN FRONT 1914),PETIT MORIN,GER 2ND ARMY,Germany
272,1,WORLD WAR I (WESTERN FRONT 1914),PETIT MORIN,FR 5TH ARMY,France
273,0,WORLD WAR I (WESTERN FRONT 1914),TWO MORINS,GER 1ST ARMY,Germany
273,1,WORLD WAR I (WESTERN FRONT 1914),TWO MORINS,BR EXPED FORCE,Great Britain
274,0,WORLD WAR I (WESTERN FRONT 1914),MARSHES OF ST.GOND,FR 9TH ARMY,France
274,1,WORLD WAR I (WESTERN FRONT 1914),MARSHES OF ST.GOND,GER 2ND(-) & 3RD ARMIES,Germany
275,0,WORLD WAR I (WESTERN FRONT 1914),VITRY LE FRANCOIS,FR 4TH ARMY,France
275,1,WORLD WAR I (WESTERN FRONT 1914),VITRY LE FRANCOIS,GER 3RD(-) & 4TH ARMIES,Germany
276,0,WORLD WAR I (WESTERN FRONT 1914),GAP OF REVIGNY,FR 3RD ARMY,France
276,1,WORLD WAR I (WESTERN FRONT 1914),GAP OF REVIGNY,GER 5TH ARMY,Germany
277,0,WORLD WAR I (WESTERN FRONT 1914),THE AISNE,"GER 1ST, 7TH & 2ND ARMIES",Germany
277,1,WORLD WAR I (WESTERN FRONT 1914),THE AISNE,"FR 5TH & 6TH ARMIES, BR EXPED FORCE",France
278,0,WORLD WAR I (EASTERN FRONT 1914),STALLUPONEN,GER 1ST CORPS,Germany
278,1,WORLD WAR I (EASTERN FRONT 1914),STALLUPONEN,RUS 3RD CORPS,Russia
279,0,WORLD WAR I (EASTERN FRONT 1914),GUMBINNEN,RUS 1ST ARMY,Russia
279,1,WORLD WAR I (EASTERN FRONT 1914),GUMBINNEN,GER 8TH ARMY,Germany
280,0,WORLD WAR I (EASTERN FRONT 1914),TANNENBERG,RUS 2ND ARMY,Russia
280,1,WORLD WAR I (EASTERN FRONT 1914),TANNENBERG,GER 8TH ARMY,Germany
281,0,WORLD WAR I (EASTERN FRONT 1914),MASURIAN LAKES,RUS 1ST ARMY,Russia
281,1,WORLD WAR I (EASTERN FRONT 1914),MASURIAN LAKES,GER 8TH ARMY,Germany
282,0,WORLD WAR I (EASTERN FRONT 1914),KRASNIK,RUS 4TH ARMY,Russia
282,1,WORLD WAR I (EASTERN FRONT 1914),KRASNIK,AUS 1ST ARMY,Austria
283,0,WORLD WAR I (EASTERN FRONT 1914),KOMAROV,RUS 5TH ARMY,Russia
283,1,WORLD WAR I (EASTERN FRONT 1914),KOMAROV,AUS 4TH ARMY(+),Austria
284,0,WORLD WAR I (EASTERN FRONT 1914),GNILA LIPA,RUS 3RD & 8TH ARMIES,Russia
284,1,WORLD WAR I (EASTERN FRONT 1914),GNILA LIPA,AUS 3RD ARMY(+),Austria
285,0,WORLD WAR I (EASTERN FRONT 1914),RAVA RUSSKA,"RUS 3RD, 5TH & 8TH ARMIES",Russia
285,1,WORLD WAR I (EASTERN FRONT 1914),RAVA RUSSKA,"AUS 2ND, 3RD & 4TH ARMIES",Austria
286,0,WORLD WAR I (EASTERN FRONT 1914),LODZ,RUS NORTHWEST ARMY GROUP,Russia
286,1,WORLD WAR I (EASTERN FRONT 1914),LODZ,GER 9TH ARMY,Germany
287,0,WORLD WAR I (SERBIAN FRONT 1914),THE JADAR,"SERB 1ST, 2ND & 3RD ARMIES",Serbia
287,1,WORLD WAR I (SERBIAN FRONT 1914),THE JADAR,AUS 2ND(-) & 5TH ARMIES,Austria
288,0,WORLD WAR I (SERBIAN FRONT 1914),THE KOLUBRA,AUS 5TH & 6TH ARMIES,Austria
288,1,WORLD WAR I (SERBIAN FRONT 1914),THE KOLUBRA,"SERB 1ST, 2ND & 3RD ARMIES",Serbia
289,0,WORLD WAR I,EASTERN CHAMPAGNE,GER 3RD ARMY,Germany
289,1,WORLD WAR I,EASTERN CHAMPAGNE,FR 4TH ARMY,France
290,0,WORLD WAR I,NEUVE CHAPELLE,GER 6TH ARMY(-),Germany
290,1,WORLD WAR I,NEUVE CHAPELLE,BR 1ST ARMY,Great Britain
291,0,WORLD WAR I,YPRES II,BR 2ND ARMY(-)(+),Great Britain
291,1,WORLD WAR I,YPRES II,GER 4TH ARMY(-),Germany
292,0,WORLD WAR I,FESTUBERT,GER 6TH ARMY(-),Germany
292,1,WORLD WAR I,FESTUBERT,BR 1ST ARMY(-),Great Britain
293,0,WORLD WAR I,LOOS,GER 6TH ARMY(-),Germany
293,1,WORLD WAR I,LOOS,BR 1ST ARMY,Great Britain
294,0,WORLD WAR I,WINTER BATTLE (MASURIA),RUS 10TH ARMY,Russia
294,1,WORLD WAR I,WINTER BATTLE (MASURIA),GER 8TH & 10TH ARMIES,Germany
295,0,WORLD WAR I,GOLICE-TARNOW (OPENING PHASE),RUS 3RD ARMY,Russia
295,1,WORLD WAR I,GOLICE-TARNOW (OPENING PHASE),"GER 11TH ARMY, AUS 3RD(-) & 4TH ARMIES",Germany
296,0,WORLD WAR I (ITALIAN FRONT 1915),FIRST ISONZO,AUS 5TH ARMY,Austria
296,1,WORLD WAR I (ITALIAN FRONT 1915),FIRST ISONZO,IT 2ND & 3RD ARMIES,Italy
297,0,WORLD WAR I (ITALIAN FRONT 1915),SECOND ISONZO,AUS 5TH ARMY,Austria
297,1,WORLD WAR I (ITALIAN FRONT 1915),SECOND ISONZO,IT 2ND & 3RD ARMIES,Italy
298,0,WORLD WAR I (ITALIAN FRONT 1915),THIRD ISONZO,AUS 5TH ARMY,Austria
298,1,WORLD WAR I (ITALIAN FRONT 1915),THIRD ISONZO,IT 2ND & 3RD ARMIES,Italy
299,0,WORLD WAR I (ITALIAN FRONT 1915),FOURTH ISONZO,AUS 5TH ARMY,Austria
299,1,WORLD WAR I (ITALIAN FRONT 1915),FOURTH ISONZO,IT 2ND & 3RD ARMIES,Italy
300,0,WORLD WAR I (TURKISH FRONTS 1915),FIRST DARDANELLES LANDING,TK 5TH ARMY,Ottoman Empire
300,1,WORLD WAR I (TURKISH FRONTS 1915),FIRST DARDANELLES LANDING,ALLIED ARMY,Great Britain
301,0,WORLD WAR I (TURKISH FRONTS 1915),SUVLA BAY,TK 7TH & 12TH DIVS,Ottoman Empire
301,1,WORLD WAR I (TURKISH FRONTS 1915),SUVLA BAY,"BR 7TH, 10TH, 11TH, & 12TH DIVS",Great Britain
302,0,WORLD WAR I (TURKISH FRONTS 1915),KUT-EL-AMARA,TK ARMY,Ottoman Empire
302,1,WORLD WAR I (TURKISH FRONTS 1915),KUT-EL-AMARA,BR MESOPOTAMIAN FIELD FORCE,Great Britain
303,0,WORLD WAR I (TURKISH FRONTS 1915),CTESIPHON,TK ARMY,Ottoman Empire
303,1,WORLD WAR I (TURKISH FRONTS 1915),CTESIPHON,BR MESOPOTAMIAN FIELD FORCE,Great Britain
304,0,WORLD WAR I,FIRST SOMME,GER 2ND ARMY,Germany
304,1,WORLD WAR I,FIRST SOMME,BR 4TH & 6TH ARMIES,Great Britain
305,0,WORLD WAR I,SOMME-FOURTH ARMY ATTACK,GER 2ND ARMY,Germany
305,1,WORLD WAR I,SOMME-FOURTH ARMY ATTACK,BR 4TH ARMY,Great Britain
306,0,WORLD WAR I,SOMME-OVILLERS,GER 180TH INF RGT,Germany
306,1,WORLD WAR I,SOMME-OVILLERS,BR 8TH DIV,Great Britain
307,0,WORLD WAR I,SOMME-BAZENTIN RIDGE,GER 3RD GUARDS DIV,Germany
307,1,WORLD WAR I,SOMME-BAZENTIN RIDGE,BR 4TH ARMY(-),Great Britain
308,0,WORLD WAR I,SOMME-FLERS-COURCELETTE,GER 1ST ARMY,Germany
308,1,WORLD WAR I,SOMME-FLERS-COURCELETTE,BR 4TH AND RESERVE ARMIES,Great Britain
309,0,WORLD WAR I,CAUCASUS WINTER OFFENSIVE,TK 3RD ARMY,Ottoman Empire
309,1,WORLD WAR I,CAUCASUS WINTER OFFENSIVE,RUSS ARMY,Russia
310,0,WORLD WAR I,LAKE NAROTCH,GER 10TH ARMY,Germany
310,1,WORLD WAR I,LAKE NAROTCH,RUSS 2ND ARMY,Russia
311,0,WORLD WAR I,1916 BRUSILOV OFFENSIVE,"AUS 2ND, 4TH & 7TH, & SUD ARMIES",Austria
311,1,WORLD WAR I,1916 BRUSILOV OFFENSIVE,RUSS SOUTHWEST ARMY GROUP,Russia
312,0,WORLD WAR I,FIFTH ISONZO,AUS 5TH ARMY,Austria
312,1,WORLD WAR I,FIFTH ISONZO,IT 2ND & 3RD ARMIES,Italy
313,0,WORLD WAR I,ASIAGO,IT 1ST ARMY,Italy
313,1,WORLD WAR I,ASIAGO,AUS 3RD & 11TH ARMIES,Austria
314,0,WORLD WAR I,TRENTINO COUNTER-OFFENSIVE,AUS 3RD & 11TH ARMIES,Austria
314,1,WORLD WAR I,TRENTINO COUNTER-OFFENSIVE,IT 5TH ARMY,Italy
315,0,WORLD WAR I,SIXTH ISONZO (GORIZIA),AUS 5TH ARMY,Austria
315,1,WORLD WAR I,SIXTH ISONZO (GORIZIA),IT 2ND & 3RD ARMIES,Italy
316,0,WORLD WAR I,ARRAS,GER 6TH ARMY,Germany
316,1,WORLD WAR I,ARRAS,"BR 1ST, 3RD & 5TH ARMIES",Great Britain
317,0,WORLD WAR I,AISNE II,GER 1ST & 7TH ARMIES,Germany
317,1,WORLD WAR I,AISNE II,FR 5TH & 6TH ARMIES,France
318,0,WORLD WAR I,MESSINES,GER 4TH ARMY,Germany
318,1,WORLD WAR I,MESSINES,BR 2ND ARMY,Great Britain
319,0,WORLD WAR I,YPRES III,GER 4TH ARMY,Germany
319,1,WORLD WAR I,YPRES III,BR 2ND & 5TH ARMIES & FR 1ST ARMY,Great Britain
320,0,WORLD WAR I,CAMBRAI I,GER 2ND ARMY,Germany
320,1,WORLD WAR I,CAMBRAI I,BR 3RD ARMY,Great Britain
321,0,WORLD WAR I,CAMBRAI II,BR 3RD ARMY,Great Britain
321,1,WORLD WAR I,CAMBRAI II,GER 2ND ARMY,Germany
322,0,WORLD WAR I,TENTH ISONZO,AUS 5TH ARMY,Austria
322,1,WORLD WAR I,TENTH ISONZO,IT 2ND & 3RD ARMIES,Italy
323,0,WORLD WAR I,ELEVENTH ISONZO,AUS 5TH ARMY,Austria
323,1,WORLD WAR I,ELEVENTH ISONZO,IT 2ND & 3RD ARMIES,Italy
324,0,WORLD WAR I,CAPORETTO (TWELFTH ISONZO),"IT 2ND, 3RD & 4TH ARMIES",Italy
324,1,WORLD WAR I,CAPORETTO (TWELFTH ISONZO),"GER-AUS 5TH, 10TH & 14TH ARMIES",Germany & Austria
325,0,WORLD WAR I (TURKISH FRONTS 1917),TIGRIS CROSSING,TK U/I TASK FORCE,Ottoman Empire
325,1,WORLD WAR I (TURKISH FRONTS 1917),TIGRIS CROSSING,"BR 1ST & 3RD CORPS, & U/I CAV DIV",Great Britain
326,0,WORLD WAR I (TURKISH FRONTS 1917),GAZA I,TK 8TH ARMY,Ottoman Empire
326,1,WORLD WAR I (TURKISH FRONTS 1917),GAZA I,BR ARMY OF EGYPT,Great Britain
327,0,WORLD WAR I (TURKISH FRONTS 1917),GAZA II,TK ARMY OF PALESTINE,Ottoman Empire
327,1,WORLD WAR I (TURKISH FRONTS 1917),GAZA II,BR ARMY OF EGYPT,Great Britain
328,0,WORLD WAR I (TURKISH FRONTS 1917),GAZA III,TK 7TH & 8TH ARMIES,Ottoman Empire
328,1,WORLD WAR I (TURKISH FRONTS 1917),GAZA III,BR ARMY OF EGYPT,Great Britain
329,0,WORLD WAR I (TURKISH FRONTS 1917),JUNCTION STATION,TK 8TH ARMY,Ottoman Empire
329,1,WORLD WAR I (TURKISH FRONTS 1917),JUNCTION STATION,BR ARMY OF EGYPT,Great Britain
330,0,WORLD WAR I (WESTERN FRONT 1918),SECOND SOMME-PHASE I (SOMME-PERONNE),"BR 1ST(-), 3RD & 5TH (4TH) ARMIES",Great Britain
330,1,WORLD WAR I (WESTERN FRONT 1918),SECOND SOMME-PHASE I (SOMME-PERONNE),"GER 2ND, 17TH & 18TH ARMIES",Germany
331,0,WORLD WAR I (WESTERN FRONT 1918),SECOND SOMME-PHASE II (SOMME-MONTDIDIER),"BR 1ST(-), 3RD & 5TH (4TH) ARMIES",Great Britain
331,1,WORLD WAR I (WESTERN FRONT 1918),SECOND SOMME-PHASE II (SOMME-MONTDIDIER),"GER 2ND, 17TH & 18TH ARMIES",Germany
332,0,WORLD WAR I (WESTERN FRONT 1918),LYS,BR 1ST & 2ND ARMIES,Great Britain
332,1,WORLD WAR I (WESTERN FRONT 1918),LYS,GER 4TH & 6TH ARMIES,Germany
333,0,WORLD WAR I (WESTERN FRONT 1918),YVONNE & ODETTE POSITIONS (SECTOR TOULON),"US COS I & L OF 3RD BN, 9TH INF RGT",USA
333,1,WORLD WAR I (WESTERN FRONT 1918),YVONNE & ODETTE POSITIONS (SECTOR TOULON),GER SPEC ASSLT GRP 'VON GROTHE' & 272ND RES INF RGT,Germany
334,0,WORLD WAR I (WESTERN FRONT 1918),CHEMIN-DES-DAMES,FR 6TH ARMY,France
334,1,WORLD WAR I (WESTERN FRONT 1918),CHEMIN-DES-DAMES,GER 1ST & 7TH ARMIES,Germany
335,0,WORLD WAR I (WESTERN FRONT 1918),CANTIGNY,"GER 82ND RES DIV, 1ST BN, 272ND RES INF RGT",Germany
335,1,WORLD WAR I (WESTERN FRONT 1918),CANTIGNY,US 1ST DIV & 28TH INF RGT,USA
336,0,WORLD WAR I (WESTERN FRONT 1918),BELLEAU WOOD,GER 4TH RES CORPS(-),Germany
336,1,WORLD WAR I (WESTERN FRONT 1918),BELLEAU WOOD,US 4TH BDE(+),USA
337,0,WORLD WAR I (WESTERN FRONT 1918),HILL 142,GER 2/273RD RGT(+),Germany
337,1,WORLD WAR I (WESTERN FRONT 1918),HILL 142,US 5TH MAR RGT(-),USA
338,0,WORLD WAR I (WESTERN FRONT 1918),WEST WOOD I,GER 1/461ST RGT,Germany
338,1,WORLD WAR I (WESTERN FRONT 1918),WEST WOOD I,US 3/5TH MAR RGT(-),USA
339,0,WORLD WAR I (WESTERN FRONT 1918),BOURESCHES I,GER 2/461ST RGT,Germany
339,1,WORLD WAR I (WESTERN FRONT 1918),BOURESCHES I,US 6TH MAR RGT(-),USA
340,0,WORLD WAR I (WESTERN FRONT 1918),HILL 192,GER 1/47TH INF RGT(+),Germany
340,1,WORLD WAR I (WESTERN FRONT 1918),HILL 192,US 23RD INF RGT,USA
341,0,WORLD WAR I (WESTERN FRONT 1918),WEST WOOD II,GER 1/461ST RGT(+),Germany
341,1,WORLD WAR I (WESTERN FRONT 1918),WEST WOOD II,US 2/5TH MAR RGT(+),USA
342,0,WORLD WAR I (WESTERN FRONT 1918),NORTH WOOD I (HUNTING LODGE),GER 2/110TH GREN RGT,Germany
342,1,WORLD WAR I (WESTERN FRONT 1918),NORTH WOOD I (HUNTING LODGE),US 2/5TH MAR RGT,USA
343,0,WORLD WAR I (WESTERN FRONT 1918),BOURESCHES II,US 3/5TH MAR RGT(+),USA
343,1,WORLD WAR I (WESTERN FRONT 1918),BOURESCHES II,GER 109TH RGT(-)(+),Germany
344,0,WORLD WAR I (WESTERN FRONT 1918),NORTH WOOD II,GER 3/347TH RGT(+),Germany
344,1,WORLD WAR I (WESTERN FRONT 1918),NORTH WOOD II,US 1/7TH INF RGT,USA
345,0,WORLD WAR I (WESTERN FRONT 1918),NORTH WOOD III,GER 1/347TH RGT,Germany
345,1,WORLD WAR I (WESTERN FRONT 1918),NORTH WOOD III,US 3/5TH MAR RGT,USA
346,0,WORLD WAR I (WESTERN FRONT 1918),NORTH WOOD IV (FINAL ASSAULT),GER 1/347TH RGT,Germany
346,1,WORLD WAR I (WESTERN FRONT 1918),NORTH WOOD IV (FINAL ASSAULT),US 3/5TH MAR RGT,USA
347,0,WORLD WAR I (WESTERN FRONT 1918),VAUX,GER 201ST INF DIV(-),Germany
347,1,WORLD WAR I (WESTERN FRONT 1918),VAUX,"US 3RD BDE, 2ND INF DIV",USA
348,0,WORLD WAR I (WESTERN FRONT 1918),LA ROCHE WOOD EAST,GER 1/402ND INF RGT(-),Germany
348,1,WORLD WAR I (WESTERN FRONT 1918),LA ROCHE WOOD EAST,US 2/9TH INF RGT,USA
349,0,WORLD WAR I (WESTERN FRONT 1918),LA ROCHE WOOD WEST,GER 2/402ND INF RGT(+),Germany
349,1,WORLD WAR I (WESTERN FRONT 1918),LA ROCHE WOOD WEST,US 3/33RD INF RGT,USA
350,0,WORLD WAR I (WESTERN FRONT 1918),NOYON-MONTDIDIER,FR 3RD & 10TH ARMIES,France
350,1,WORLD WAR I (WESTERN FRONT 1918),NOYON-MONTDIDIER,GER 18TH & 7TH ARMIES,Germany
351,0,WORLD WAR I (WESTERN FRONT 1918),CHAMPAGNE-MARNE,"FR 6TH, 9TH, 5TH & 4TH ARMIES",France
351,1,WORLD WAR I (WESTERN FRONT 1918),CHAMPAGNE-MARNE,"GER 7TH, 1ST & 3RD ARMIES",Germany
352,0,WORLD WAR I (WESTERN FRONT 1918),AISNE-MARNE I,GER 9TH ARMY,Germany
352,1,WORLD WAR I (WESTERN FRONT 1918),AISNE-MARNE I,FR 10TH ARMY(+),France
353,0,WORLD WAR I (WESTERN FRONT 1918),MISSY AUX BOIS RAVINE,GER 13TH BAV RES INF RGT(+),Germany
353,1,WORLD WAR I (WESTERN FRONT 1918),MISSY AUX BOIS RAVINE,US 26TH INF RGT(+),USA
354,0,WORLD WAR I (WESTERN FRONT 1918),BREUIL,GER 22ND BAV INF RGT(+),Germany
354,1,WORLD WAR I (WESTERN FRONT 1918),BREUIL,US 28TH INF RGT(+),USA
355,0,WORLD WAR I (WESTERN FRONT 1918),ST. AMAND FARM,GER 2/396TH INF RGT,Germany
355,1,WORLD WAR I (WESTERN FRONT 1918),ST. AMAND FARM,US 2/28TH INF RGT,USA
356,0,WORLD WAR I (WESTERN FRONT 1918),BEAUREPAIRE FARM,GER 3/219TH RES INF RGT,Germany
356,1,WORLD WAR I (WESTERN FRONT 1918),BEAUREPAIRE FARM,US 2/23RD INF RGT(+),USA
357,0,WORLD WAR I (WESTERN FRONT 1918),CRAVANCON FERME-CHAUDUN,GER 3RD BAV INF RGT(+),Germany
357,1,WORLD WAR I (WESTERN FRONT 1918),CRAVANCON FERME-CHAUDUN,US 1ST INF BDE(+),USA
358,0,WORLD WAR I (WESTERN FRONT 1918),CHAUDUN,GER 2/109TH B GREN RGT(+),Germany
358,1,WORLD WAR I (WESTERN FRONT 1918),CHAUDUN,US 3/18TH INF RGT(+),USA
359,0,WORLD WAR I (WESTERN FRONT 1918),AISNE-MARNE II,GER 7TH & 9TH ARMIES,Germany
359,1,WORLD WAR I (WESTERN FRONT 1918),AISNE-MARNE II,"FR 5TH, 6TH, 9TH & 10TH ARMIES",USA
360,0,WORLD WAR I (WESTERN FRONT 1918),BERZY LE SEC,GER 109TH INF RGT(-)(+),Germany
360,1,WORLD WAR I (WESTERN FRONT 1918),BERZY LE SEC,US 28TH INF RGT(-)(+),USA
361,0,WORLD WAR I (WESTERN FRONT 1918),BUZANCY RIDGE,GER 2/52ND JAEGER RGT,Germany
361,1,WORLD WAR I (WESTERN FRONT 1918),BUZANCY RIDGE,US 18TH INF RGT(-)(+),USA
362,0,WORLD WAR I (WESTERN FRONT 1918),"PICARDY 1918, I",GER 2ND & 18TH ARMIES,Germany
362,1,WORLD WAR I (WESTERN FRONT 1918),"PICARDY 1918, I","BR 1ST, 3RD, 4TH ARMIES",USA
363,0,WORLD WAR I (WESTERN FRONT 1918),"PICARDY 1918, II","GER 2ND, 9TH & 17TH ARMIES(+)",Germany
363,1,WORLD WAR I (WESTERN FRONT 1918),"PICARDY 1918, II",BR 1ST ARMY(+) & FR 1ST ARMY(+),USA
364,0,WORLD WAR I (WESTERN FRONT 1918),ST. MIHIEL,GER ARMY DET C,Germany
364,1,WORLD WAR I (WESTERN FRONT 1918),ST. MIHIEL,US 1ST ARMY,USA
365,0,WORLD WAR I (WESTERN FRONT 1918),LAHAYVILLE-BOIS DE LAMARCHE,GER 47TH INF RGT(-),Germany
365,1,WORLD WAR I (WESTERN FRONT 1918),LAHAYVILLE-BOIS DE LAMARCHE,US 2ND INF BDE(+),USA
366,0,WORLD WAR I (WESTERN FRONT 1918),MEUSE-ARGONNE I,GER 3RD ARMY(+),Germany
366,1,WORLD WAR I (WESTERN FRONT 1918),MEUSE-ARGONNE I,US 1ST ARMY(+),USA
367,0,WORLD WAR I (WESTERN FRONT 1918),BLANC MONT I,GER 12TH SAXON ARMY CORPS(-),Germany
367,1,WORLD WAR I (WESTERN FRONT 1918),BLANC MONT I,US 2ND DIV(+),USA
368,0,WORLD WAR I (WESTERN FRONT 1918),MEDEAH FARM,GER 1/235TH RES INF RGT,Germany
368,1,WORLD WAR I (WESTERN FRONT 1918),MEDEAH FARM,US 2/9TH INF RGT,USA
369,0,WORLD WAR I (WESTERN FRONT 1918),ESSEN HOOK,"GER 2ND CO, 2ND COLOGNE LANDSTURM BN",Germany
369,1,WORLD WAR I (WESTERN FRONT 1918),ESSEN HOOK,US 1/5TH MAR RGT(-),USA
370,0,WORLD WAR I (WESTERN FRONT 1918),BLANC MONT RIDGE,GER 2/149TH INF RGT(+),Germany
370,1,WORLD WAR I (WESTERN FRONT 1918),BLANC MONT RIDGE,US 2/6TH MAR RGT,USA
371,0,WORLD WAR I (WESTERN FRONT 1918),SOMMEPY WOOD,GER 2/235TH RES INF RGT,Germany
371,1,WORLD WAR I (WESTERN FRONT 1918),SOMMEPY WOOD,US 4TH MAR BDE(-),USA
372,0,WORLD WAR I (WESTERN FRONT 1918),BLANC MONT II,GER 213TH INF DIV,Germany
372,1,WORLD WAR I (WESTERN FRONT 1918),BLANC MONT II,US 36TH DIV(-)(+),USA
373,0,WORLD WAR I (WESTERN FRONT 1918),MEUSE-ARGONNE II,GER 3RD ARMY(+),Germany
373,1,WORLD WAR I (WESTERN FRONT 1918),MEUSE-ARGONNE II,FR 4TH ARMY(+),USA
374,0,WORLD WAR I (WESTERN FRONT 1918),EXERMONT-MONTREFAGNE,GER 3RD GUARDS FT RGT(+),Germany
374,1,WORLD WAR I (WESTERN FRONT 1918),EXERMONT-MONTREFAGNE,US 18TH INF RGT,USA
375,0,WORLD WAR I (WESTERN FRONT 1918),MAYACHE RAVINE,"GER 2ND BN, 170TH INF RGT(+)",Germany
375,1,WORLD WAR I (WESTERN FRONT 1918),MAYACHE RAVINE,US 26TH INF RGT(+),USA
376,0,WORLD WAR I (WESTERN FRONT 1918),LA NEUVILLE LE COMTE FERME,GER 1/111TH INF RGT(+),Germany
376,1,WORLD WAR I (WESTERN FRONT 1918),LA NEUVILLE LE COMTE FERME,US 28TH INF RGT(+),USA
377,0,WORLD WAR I (WESTERN FRONT 1918),FERME DES GRANGES-FLEVILLE,GER 3RD GUARDS GREN RGT(+),Germany
377,1,WORLD WAR I (WESTERN FRONT 1918),FERME DES GRANGES-FLEVILLE,US 16TH INF RGT(+),USA
378,0,WORLD WAR I (WESTERN FRONT 1918),HILL 212,GER 170TH INF RGT(+),Germany
378,1,WORLD WAR I (WESTERN FRONT 1918),HILL 212,US 26TH INF RGT(+),USA
379,0,WORLD WAR I (WESTERN FRONT 1918),BOIS DE BOYON-MONTREFAGNE,GER 150TH INF RGT(-)(+),Germany
379,1,WORLD WAR I (WESTERN FRONT 1918),BOIS DE BOYON-MONTREFAGNE,US 18TH INF RGT(+),USA
380,0,WORLD WAR I (WESTERN FRONT 1918),HILL 272,GER 147TH INF RGT(+),Germany
380,1,WORLD WAR I (WESTERN FRONT 1918),HILL 272,US 1/16TH INF RGT(+),USA
381,0,WORLD WAR I (WESTERN FRONT 1918),MEUSE-ARGONNE III,GER 3RD ARMY(+),Germany
381,1,WORLD WAR I (WESTERN FRONT 1918),MEUSE-ARGONNE III,FR 4TH ARMY(+),France
382,0,WORLD WAR I (WESTERN FRONT 1918),REMILLY-AILLICOURT,GER 6TH RES JAEGER BN(+),Germany
382,1,WORLD WAR I (WESTERN FRONT 1918),REMILLY-AILLICOURT,US 1/16TH INF RGT,USA
383,0,WORLD WAR I (WESTERN FRONT 1918),HILL 252-PONT MAUGIS,GER 14TH RES DIV(-),Germany
383,1,WORLD WAR I (WESTERN FRONT 1918),HILL 252-PONT MAUGIS,US 16TH INF RGT(-)(+),USA
384,0,WORLD WAR I,THE PIAVE,IT ARMY GROUP,Italy
384,1,WORLD WAR I,THE PIAVE,AUS CONRAD & BOROJEVIC GROUPS,Austria
385,0,WORLD WAR I,MEGIDDO,TK 8TH ARMY,Ottoman Empire
385,1,WORLD WAR I,MEGIDDO,BR 21ST CORPS(+),Great Britain
386,0,WORLD WAR II (NORTH AFRICA 1942-1943),ALAM HALFA,BR 8TH ARMY,Great Britain
386,1,WORLD WAR II (NORTH AFRICA 1942-1943),ALAM HALFA,GER & ITAL PZ ARMY AFRICA,Germany & Italy
387,0,WORLD WAR II (NORTH AFRICA 1942-1943),EL ALAMEIN II,GER & ITAL PZ ARMY,Germany
387,1,WORLD WAR II (NORTH AFRICA 1942-1943),EL ALAMEIN II,BR 8TH ARMY,Great Britain
388,0,WORLD WAR II (NORTH AFRICA 1942-1943),OPERATION LIGHTFOOT,GER & IT PZ ARMY,Germany
388,1,WORLD WAR II (NORTH AFRICA 1942-1943),OPERATION LIGHTFOOT,BR 8TH ARMY,Great Britain
389,0,WORLD WAR II (NORTH AFRICA 1942-1943),ALAMEIN BRIDGEHEAD EXPANSION,GER & IT PZ ARMY,Germany
389,1,WORLD WAR II (NORTH AFRICA 1942-1943),ALAMEIN BRIDGEHEAD EXPANSION,BR 8TH ARMY,Great Britain
390,0,WORLD WAR II (NORTH AFRICA 1942-1943),OPERATION SUPERCHARGE,GER & IT PZ ARMY,Germany
390,1,WORLD WAR II (NORTH AFRICA 1942-1943),OPERATION SUPERCHARGE,BR 8TH ARMY,Great Britain
391,0,WORLD WAR II (NORTH AFRICA 1942-1943),CHOUIGUI PASS,US 1ST ARMD DIV (ELMS),USA
391,1,WORLD WAR II (NORTH AFRICA 1942-1943),CHOUIGUI PASS,"GER 190TH PZ BN, 10TH PZ DIV (ELMS)(+)",Germany
392,0,WORLD WAR II (NORTH AFRICA 1942-1943),EL GUETTAR,US 1ST INF DIV(+),USA
392,1,WORLD WAR II (NORTH AFRICA 1942-1943),EL GUETTAR,GER 10TH PZ DIV(+),Germany
393,0,WORLD WAR II (NORTH AFRICA 1942-1943),SEDJANNE-BIZERTE,GER VON MANTUEFFEL DIV(2/3),Germany
393,1,WORLD WAR II (NORTH AFRICA 1942-1943),SEDJANNE-BIZERTE,US 9TH INF DIV(+),USA
394,0,WORLD WAR II (ITALY 1943-1944),AMPHITHEATER,GER 16TH PZ DIV (ELMS),Germany
394,1,WORLD WAR II (ITALY 1943-1944),AMPHITHEATER,BR 56TH INF DIV,Great Britain
395,0,WORLD WAR II (ITALY 1943-1944),PORT OF SALERNO,GER 16TH PZ DIV (ELMS),Germany
395,1,WORLD WAR II (ITALY 1943-1944),PORT OF SALERNO,BR 46TH INF DIV,Great Britain
396,0,WORLD WAR II (ITALY 1943-1944),SELE-CALORE CORRIDOR,GER 16TH PZ DIV (ELMS),Germany
396,1,WORLD WAR II (ITALY 1943-1944),SELE-CALORE CORRIDOR,US 45TH INF DIV,USA
397,0,WORLD WAR II (ITALY 1943-1944),BATTIPAGLIA I,BR 56TH IND DIV(+),Great Britain
397,1,WORLD WAR II (ITALY 1943-1944),BATTIPAGLIA I,GER 16TH PZ DIV(-)(+),Germany
398,0,WORLD WAR II (ITALY 1943-1944),VIETRI,BR 46TH INF DIV(+),Great Britain
398,1,WORLD WAR II (ITALY 1943-1944),VIETRI,GER HERMANN GOERING PZ DIV(+),Germany
399,0,WORLD WAR II (ITALY 1943-1944),TOBACCO FACTORY,US 45TH INF DIV(+),USA
399,1,WORLD WAR II (ITALY 1943-1944),TOBACCO FACTORY,GER 16TH PZ DIV(-)(+),Germany
400,0,WORLD WAR II (ITALY 1943-1944),BATTIPAGLIA II,GER 26TH PZ DIV (ELMS) & 16TH PZ DIV (ELMS),Germany
400,1,WORLD WAR II (ITALY 1943-1944),BATTIPAGLIA II,BR 56TH INF DIV(+),Great Britain
401,0,WORLD WAR II (ITALY 1943-1944),EBOLI,GER 26TH PZ DIV(+)(-),Germany
401,1,WORLD WAR II (ITALY 1943-1944),EBOLI,US 45TH INF DIV(+),USA
402,0,WORLD WAR II (ITALY 1943-1944),VIETRI II,BR 46TH INF DIV(+),Great Britain
402,1,WORLD WAR II (ITALY 1943-1944),VIETRI II,GER HERMANN GOERING PZ DIV(+),Germany
403,0,WORLD WAR II (ITALY 1943-1944),GRAZZANISE,GER 15TH PZ GR DIV(-),Germany
403,1,WORLD WAR II (ITALY 1943-1944),GRAZZANISE,BR 7TH ARMD DIV(-),Great Britain
404,0,WORLD WAR II (ITALY 1943-1944),CAIAZZO,GER 3RD PZ GR DIV(+),Germany
404,1,WORLD WAR II (ITALY 1943-1944),CAIAZZO,US 34TH INF DIV(+),USA
405,0,WORLD WAR II (ITALY 1943-1944),CAPUA,GER HERMANN GOERING PZ DIV(-),Germany
405,1,WORLD WAR II (ITALY 1943-1944),CAPUA,BR 56TH INF DIV(+),Great Britain
406,0,WORLD WAR II (ITALY 1943-1944),CASTEL VOLTURNO,GER 15TH PZ GR DIV(1/2),Germany
406,1,WORLD WAR II (ITALY 1943-1944),CASTEL VOLTURNO,BR 46TH INF DIV(+),Great Britain
407,0,WORLD WAR II (ITALY 1943-1944),MONTE ACERO,GER 3RD PZ GR DIV(-)(+),Germany
407,1,WORLD WAR II (ITALY 1943-1944),MONTE ACERO,US 45TH INF DIV(+),USA
408,0,WORLD WAR II (ITALY 1943-1944),TRIFLISCO,GER HERMANN GOERING PZ DIV(-),Germany
408,1,WORLD WAR II (ITALY 1943-1944),TRIFLISCO,US 3RD INF DIV,USA
409,0,WORLD WAR II (ITALY 1943-1944),DRAGONI,GER 3RD PZ GR DIV(-),Germany
409,1,WORLD WAR II (ITALY 1943-1944),DRAGONI,US 34TH INF DIV(+),USA
410,0,WORLD WAR II (ITALY 1943-1944),CANAL I,GER 15TH PZ GR DIV (-),Germany
410,1,WORLD WAR II (ITALY 1943-1944),CANAL I,BR 7TH ARMD DIV,Great Britain
411,0,WORLD WAR II (ITALY 1943-1944),MONTE GRANDE (VOLTURNO),GER HERMANN GOERING PZ DIV(1/2),Germany
411,1,WORLD WAR II (ITALY 1943-1944),MONTE GRANDE (VOLTURNO),BR 56TH INF DIV (ELMS),Great Britain
412,0,WORLD WAR II (ITALY 1943-1944),CANAL II,GER 15TH PZ GR DIV(1/2),Germany
412,1,WORLD WAR II (ITALY 1943-1944),CANAL II,BR 46TH INF DIV(+),Great Britain
413,0,WORLD WAR II (ITALY 1943-1944),FRANCOLISE,GER 15TH PZ GR DIV(1/2),Germany
413,1,WORLD WAR II (ITALY 1943-1944),FRANCOLISE,BR 7TH ARMD DIV,Great Britain
414,0,WORLD WAR II (ITALY 1943-1944),SANTA MARIA OLIVETO,GER 3RD PZ GR DIV(-)(+),Germany
414,1,WORLD WAR II (ITALY 1943-1944),SANTA MARIA OLIVETO,US 34TH INF DIV(+),USA
415,0,WORLD WAR II (ITALY 1943-1944),MONTE CAMINO I,GER 15TH PZ GR DIV(1/2),Germany
415,1,WORLD WAR II (ITALY 1943-1944),MONTE CAMINO I,BR 56TH INF DIV,Great Britain
416,0,WORLD WAR II (ITALY 1943-1944),MONTE LUNGO,GER 3RD PZ GR DIV(1/2),Germany
416,1,WORLD WAR II (ITALY 1943-1944),MONTE LUNGO,US 3RD INF DIV,USA
417,0,WORLD WAR II (ITALY 1943-1944),POZZILLI,GER 3RD PZ GR DIV,Germany
417,1,WORLD WAR II (ITALY 1943-1944),POZZILLI,US 45TH INF DIV,USA
418,0,WORLD WAR II (ITALY 1943-1944),MONTE CAMINO II,BR 56TH INF DIV(1/3),Germany
418,1,WORLD WAR II (ITALY 1943-1944),MONTE CAMINO II,GER 15TH PZ GR DIV(1/2),Germany
419,0,WORLD WAR II (ITALY 1943-1944),MONTE ROTONDO,GER 3RD PZ GR DIV(1/2),Germany
419,1,WORLD WAR II (ITALY 1943-1944),MONTE ROTONDO,US 3RD INF DIV(-),USA
420,0,WORLD WAR II (ITALY 1943-1944),CALABRITTO,GER 15TH PZ GR DIV(-)(+),Germany
420,1,WORLD WAR II (ITALY 1943-1944),CALABRITTO,BR 46TH INF DIV(+),Great Britain
421,0,WORLD WAR II (ITALY 1943-1944),MONTE CAMINO III,GER 15TH PZ GR DIV(1/4),Germany
421,1,WORLD WAR II (ITALY 1943-1944),MONTE CAMINO III,BR 56TH INF DIV,Great Britain
422,0,WORLD WAR II (ITALY 1943-1944),MONTE MAGGIORE,GER 15TH PZ GR DIV(1/4),Germany
422,1,WORLD WAR II (ITALY 1943-1944),MONTE MAGGIORE,US 36TH INF DIV(-),USA
423,0,WORLD WAR II (ITALY 1943-1944),APRILIA I,GER 3RD PZ GR DIV(1/2)(+),Germany
423,1,WORLD WAR II (ITALY 1943-1944),APRILIA I,BR 1ST INF DIV,Great Britain
424,0,WORLD WAR II (ITALY 1943-1944),THE FACTORY,BR 1ST INF DIV,Great Britain
424,1,WORLD WAR II (ITALY 1943-1944),THE FACTORY,GER 3RD PZ GR DIV,Germany
425,0,WORLD WAR II (ITALY 1943-1944),CAMPOLEONE,GER 3RD PZ GR DIV,Germany
425,1,WORLD WAR II (ITALY 1943-1944),CAMPOLEONE,BR 1ST INF DIV,Great Britain
426,0,WORLD WAR II (ITALY 1943-1944),CAMPOLEONE COUNTERATTACK,BR 1ST INF DIV(1/3)(+),Great Britain
426,1,WORLD WAR II (ITALY 1943-1944),CAMPOLEONE COUNTERATTACK,GER 3RD PZ GR DIV(+),Germany
427,0,WORLD WAR II (ITALY 1943-1944),CARROCETO,BR 1ST INF DIV,Great Britain
427,1,WORLD WAR II (ITALY 1943-1944),CARROCETO,GER 3RD PZ GR DIV(+),Germany
428,0,WORLD WAR II (ITALY 1943-1944),MOLETTA RIVER DEFENSE,US 45TH INF DIV(+),USA
428,1,WORLD WAR II (ITALY 1943-1944),MOLETTA RIVER DEFENSE,GER 65TH INF DIV(2/3)(+),Germany
429,0,WORLD WAR II (ITALY 1943-1944),APRILIA II,BR 1ST INF DIV(+),Great Britain
429,1,WORLD WAR II (ITALY 1943-1944),APRILIA II,GER 3RD PZ GR DIV(+),Germany
430,0,WORLD WAR II (ITALY 1943-1944),FACTORY COUNTERATTACK,GER 715TH LT INF DIV(+),Germany
430,1,WORLD WAR II (ITALY 1943-1944),FACTORY COUNTERATTACK,US 45TH INF DIV(+),USA
431,0,WORLD WAR II (ITALY 1943-1944),BOWLING ALLEY,US 45TH INF DIV(+),USA
431,1,WORLD WAR II (ITALY 1943-1944),BOWLING ALLEY,GER 74TH PZ CORPS(-)(+),Germany
432,0,WORLD WAR II (ITALY 1943-1944),MOLETTA RIVER II,BR 56TH INF DIV(-),Great Britain
432,1,WORLD WAR II (ITALY 1943-1944),MOLETTA RIVER II,GER 65TH INF DIV(2/3)(+),Germany
433,0,WORLD WAR II (ITALY 1943-1944),FIOCCIA,US 45TH INF DIV,USA
433,1,WORLD WAR II (ITALY 1943-1944),FIOCCIA,GER 114TH LT INF DIV(+),Germany
434,0,WORLD WAR II (ITALY 1944),SANTA MARIA INFANTE,GER 94TH INF DIV(-)(+),Germany
434,1,WORLD WAR II (ITALY 1944),SANTA MARIA INFANTE,US 88TH INF DIV(+),USA
435,0,WORLD WAR II (ITALY 1944),SAN MARTINO,GER 94TH INF DIV(-),Germany
435,1,WORLD WAR II (ITALY 1944),SAN MARTINO,US 85TH INF DIV(+),USA
436,0,WORLD WAR II (ITALY 1944),CASTELLONORATO,GER 94TH INF DIV(-)(+),Germany
436,1,WORLD WAR II (ITALY 1944),CASTELLONORATO,US 85TH INF DIV(+),USA
437,0,WORLD WAR II (ITALY 1944),SPIGNO,GER 94TH INF DIV(-)(+),Germany
437,1,WORLD WAR II (ITALY 1944),SPIGNO,US 88TH INF DIV(+),USA
438,0,WORLD WAR II (ITALY 1944),FORMIA,GER 94TH INF DIV(2/3)(+),Germany
438,1,WORLD WAR II (ITALY 1944),FORMIA,US 85TH INF DIV(+),USA
439,0,WORLD WAR II (ITALY 1944),MONTE GRANDE (ROME),GER 94TH INF DIV(-)(+),Germany
439,1,WORLD WAR II (ITALY 1944),MONTE GRANDE (ROME),US 88TH INF DIV(-)(+),USA
440,0,WORLD WAR II (ITALY 1944),ITRI-FONDI,GER 94TH INF DIV(-)(+),Germany
440,1,WORLD WAR II (ITALY 1944),ITRI-FONDI,US 88TH INF DIV(+),USA
441,0,WORLD WAR II (ITALY 1944),TERRACINA,GER 94TH INF DIV(-)(+),Germany
441,1,WORLD WAR II (ITALY 1944),TERRACINA,US 85TH INF DIV(-)(+),USA
442,0,WORLD WAR II (ITALY 1944),MOLETTA OFFENSIVE,GER 4TH PARA DIV,Germany
442,1,WORLD WAR II (ITALY 1944),MOLETTA OFFENSIVE,BR 5TH INF DIV(+),Great Britain
443,0,WORLD WAR II (ITALY 1944),ANZIO-ALBANO ROAD,GER 65TH INF DIV,Germany
443,1,WORLD WAR II (ITALY 1944),ANZIO-ALBANO ROAD,BR 1ST INF DIV(+),Great Britain
444,0,WORLD WAR II (ITALY 1944),ANZIO BREAKOUT,GER 3RD PZ GR DIV(-)(+),Germany
444,1,WORLD WAR II (ITALY 1944),ANZIO BREAKOUT,US 1ST INF DIV(+),USA
445,0,WORLD WAR II (ITALY 1944),CISTERNA,GER 362ND INF DIV (3/5)(+),Germany
445,1,WORLD WAR II (ITALY 1944),CISTERNA,US 3RD INF DIV(+),USA
446,0,WORLD WAR II (ITALY 1944),SEZZE,GER 29TH PZ GR DIV(1/2),Germany
446,1,WORLD WAR II (ITALY 1944),SEZZE,US 85TH INF DIV(+),USA
447,0,WORLD WAR II (ITALY 1944),VELLETRI,GER 362ND INF DIV & 3RD PZ GR DIV(1/8)(+),Germany
447,1,WORLD WAR II (ITALY 1944),VELLETRI,US 1ST ARMD DIV,USA
448,0,WORLD WAR II (ITALY 1944),CAMPOLEONE,GER 65TH INF DIV,Germany
448,1,WORLD WAR II (ITALY 1944),CAMPOLEONE,US 45TH INF DIV(+),USA
449,0,WORLD WAR II (ITALY 1944),VILLA CROCETTA,GER 3RD PZ GR DIV(7/8)(+),Germany
449,1,WORLD WAR II (ITALY 1944),VILLA CROCETTA,US 34TH INF DIV(+),USA
450,0,WORLD WAR II (ITALY 1944),ARDEA,GER 4TH PARA DIV(2/3),Germany
450,1,WORLD WAR II (ITALY 1944),ARDEA,BR 5TH INF DIV,Great Britain
451,0,WORLD WAR II (ITALY 1944),FOSSO DI CAMPOLEONE,GER 3RD PZ GR DIV(1/2)(+),Germany
451,1,WORLD WAR II (ITALY 1944),FOSSO DI CAMPOLEONE,US 1ST ARMD DIV & 45TH INF DIV(+),USA
452,0,WORLD WAR II (ITALY 1944),LANUVIO,GER 3RD PZ GR DIV(1/2),Germany
452,1,WORLD WAR II (ITALY 1944),LANUVIO,US 34TH INF DIV(-),USA
453,0,WORLD WAR II (ITALY 1944),LARIANO,GER HERMANN GOERING PZ DIV(1/3)(+),Germany
453,1,WORLD WAR II (ITALY 1944),LARIANO,US 85TH INF DIV(+),USA
454,0,WORLD WAR II (ITALY 1944),VIA ANZIATE,GER 65TH INF DIV(2/3)(+),Germany
454,1,WORLD WAR II (ITALY 1944),VIA ANZIATE,US 45TH INF DIV(+),USA
455,0,WORLD WAR II (ITALY 1944),VALMONTONE,GER HERMANN GOERING PZ DIV(2/3)(+),Germany
455,1,WORLD WAR II (ITALY 1944),VALMONTONE,US 3RD INF DIV(+),USA
456,0,WORLD WAR II (ITALY 1944),TARTO-TIBER,GER 4TH PARA DIV,Germany
456,1,WORLD WAR II (ITALY 1944),TARTO-TIBER,BR 1ST INF DIV & 5TH INF DIV(+),Great Britain
457,0,WORLD WAR II (ITALY 1944),IL GIOGIO PASS,GER 12TH PARA RGT,Germany
457,1,WORLD WAR II (ITALY 1944),IL GIOGIO PASS,US 85TH INF DIV(+),USA
458,0,WORLD WAR II (EUROPEAN THEATER),ST. LO,GER 352ND INF DIV (ELMS) & 3RD PARA DIV (ELMS),Germany
458,1,WORLD WAR II (EUROPEAN THEATER),ST. LO,US 29TH INF DIV(+),USA
459,0,WORLD WAR II (EUROPEAN THEATER),OPERATION GOODWOOD,GER 86TH CORPS(+),Germany
459,1,WORLD WAR II (EUROPEAN THEATER),OPERATION GOODWOOD,BR 2ND ARMY,Great Britain
460,0,WORLD WAR II (EUROPEAN THEATER),OPERATION COBRA,GER 84TH CORPS(-) & 2ND PARA CORPS(-),Germany
460,1,WORLD WAR II (EUROPEAN THEATER),OPERATION COBRA,US 7TH CORPS,USA
461,0,WORLD WAR II (EUROPEAN THEATER),MORTAIN,US 30TH INF DIV(+),USA
461,1,WORLD WAR II (EUROPEAN THEATER),MORTAIN,GER 47TH PZ CORPS,Germany
462,0,WORLD WAR II (EUROPEAN THEATER),CHARTRES,GER 1ST ARMY(-),Germany
462,1,WORLD WAR II (EUROPEAN THEATER),CHARTRES,US 7TH ARMD DIV,USA
463,0,WORLD WAR II (EUROPEAN THEATER),MELUN,GER 48TH INF DIV(-),Germany
463,1,WORLD WAR II (EUROPEAN THEATER),MELUN,US 7TH ARMD DIV,USA
464,0,WORLD WAR II (EUROPEAN THEATER),SEINE RIVER,GER 1ST ARMY(-),Germany
464,1,WORLD WAR II (EUROPEAN THEATER),SEINE RIVER,US 20TH CORPS,USA
465,0,WORLD WAR II (EUROPEAN THEATER),MOSELLE-METZ,GER 1ST ARMY(-),Germany
465,1,WORLD WAR II (EUROPEAN THEATER),MOSELLE-METZ,US 20TH CORPS,USA
466,0,WORLD WAR II (EUROPEAN THEATER),METZ,GER 1ST ARMY(-),Germany
466,1,WORLD WAR II (EUROPEAN THEATER),METZ,US 20TH CORPS,USA
467,0,WORLD WAR II (EUROPEAN THEATER),ARRACOURT,"US COMBAT COMMAND 'A', 4TH ARMD DIV(+)",USA
467,1,WORLD WAR II (EUROPEAN THEATER),ARRACOURT,GER 111TH & 113TH PZ BDES(+),Germany
468,0,WORLD WAR II (EUROPEAN THEATER),WESTWALL,GER 81ST CORPS,Germany
468,1,WORLD WAR II (EUROPEAN THEATER),WESTWALL,US 19TH CORPS,USA
469,0,WORLD WAR II (EUROPEAN THEATER),SCHMIDT,GER 74TH CORPS(-),Germany
469,1,WORLD WAR II (EUROPEAN THEATER),SCHMIDT,US 28TH INF DIV(+),USA
470,0,WORLD WAR II (EUROPEAN THEATER),SEILLE-NIED,GER 84TH CORPS(-)(+),Germany
470,1,WORLD WAR II (EUROPEAN THEATER),SEILLE-NIED,US 12TH CORPS,USA
471,0,WORLD WAR II (EUROPEAN THEATER),FORET DE CHATEAU-SALINS,GER 13TH SS PZ CORPS(-),Germany
471,1,WORLD WAR II (EUROPEAN THEATER),FORET DE CHATEAU-SALINS,US 4TH ARMD DIV(+),USA
472,0,WORLD WAR II (EUROPEAN THEATER),MORHANGE,GER 11TH PZ DIV(-)(+),Germany
472,1,WORLD WAR II (EUROPEAN THEATER),MORHANGE,"US COMBAT COMMAND 'B', 4TH ARMD DIV(+)",USA
473,0,WORLD WAR II (EUROPEAN THEATER),MORHANGE-FAULQUEMONT,GER 13TH SS PZ CORPS(-)(+),Germany
473,1,WORLD WAR II (EUROPEAN THEATER),MORHANGE-FAULQUEMONT,US 12TH CORPS,USA
474,0,WORLD WAR II (EUROPEAN THEATER),BOURGALTROFF,GER 11TH PZ DIV (-)(+),Germany
474,1,WORLD WAR II (EUROPEAN THEATER),BOURGALTROFF,"US COMBAT COMMAND 'A', 4TH ARMD DIV(+)",USA
475,0,WORLD WAR II (EUROPEAN THEATER),SARRE-ST. AVOLD,GER 13TH SS PZ CORPS(-)(+),Germany
475,1,WORLD WAR II (EUROPEAN THEATER),SARRE-ST. AVOLD,US 12TH CORPS,USA
476,0,WORLD WAR II (EUROPEAN THEATER),BAERENDORF I,GER PZ LEHR DIV(-)(+),Germany
476,1,WORLD WAR II (EUROPEAN THEATER),BAERENDORF I,"US COMBAT COMMAND 'B', 4TH ARMD DIV(-)",USA
477,0,WORLD WAR II (EUROPEAN THEATER),BAERENDORF II,GER PZ LEHR DIV(-),Germany
477,1,WORLD WAR II (EUROPEAN THEATER),BAERENDORF II,US 4TH ARMD DIV,USA
478,0,WORLD WAR II (EUROPEAN THEATER),BURBACH-DURSTEL,GER PZ LEHR DIV(+),Germany
478,1,WORLD WAR II (EUROPEAN THEATER),BURBACH-DURSTEL,US 4TH ARMD DIV(+),USA
479,0,WORLD WAR II (EUROPEAN THEATER),DURSTEL-FAERBERSVILLER,GER 13TH SS PZ CORPS (-)(+),Germany
479,1,WORLD WAR II (EUROPEAN THEATER),DURSTEL-FAERBERSVILLER,US 12TH CORPS,USA
480,0,WORLD WAR II (EUROPEAN THEATER),SARRE-UNION,GER 25TH PZ GR DIV(-)(+),Germany
480,1,WORLD WAR II (EUROPEAN THEATER),SARRE-UNION,US 4TH ARMD DIV(+),USA
481,0,WORLD WAR II (EUROPEAN THEATER),SARRE-SINGLING,GER 13TH SS PZ CORPS(-)(+),Germany
481,1,WORLD WAR II (EUROPEAN THEATER),SARRE-SINGLING,US 12TH CORPS,USA
482,0,WORLD WAR II (EUROPEAN THEATER),SINGLING-BINING,GER 25TH PZ GR DIV(-)(+),Germany
482,1,WORLD WAR II (EUROPEAN THEATER),SINGLING-BINING,US 4TH ARMD DIV(-)(+),USA
483,0,WORLD WAR II (EUROPEAN THEATER),SAUER RIVER,"US 12TH INF RGT, 4TH INF DIV(+)",USA
483,1,WORLD WAR II (EUROPEAN THEATER),SAUER RIVER,GER 212TH VOLKSGRENADIER DIV,Germany
484,0,WORLD WAR II (EUROPEAN THEATER),ST. VITH,"US COMBAT COMMAND 'B', 7TH ARMD DIV(+)",USA
484,1,WORLD WAR II (EUROPEAN THEATER),ST. VITH,GER 66TH CORPS(-),Germany
485,0,WORLD WAR II (EUROPEAN THEATER),BASTOGNE,US 10TH ARMD DIV(-)(+),USA
485,1,WORLD WAR II (EUROPEAN THEATER),BASTOGNE,GER 67TH PZ CORPS (ELMS),Germany
486,0,WORLD WAR II,SEDAN-MEUSE RIVER,FR 2ND ARMY(+),France
486,1,WORLD WAR II,SEDAN-MEUSE RIVER,GER 19TH PZ CORPS,Germany
487,0,WORLD WAR II,JITRA,BR 11TH INDIAN DIV,Great Britain
487,1,WORLD WAR II,JITRA,JAP 5TH INF DIV(-),Japan
488,0,"WORLD WAR II, EASTERN FRONT",ROVNO,SOV SOUTHWESTERN AG(-),USSR
488,1,"WORLD WAR II, EASTERN FRONT",ROVNO,GER 1ST PZ GROUP,Germany
489,0,"WORLD WAR II, EASTERN FRONT",DEFENSE OF MOSCOW,SOV WESTERN AG(+),USSR
489,1,"WORLD WAR II, EASTERN FRONT",DEFENSE OF MOSCOW,GER AG CENTER,Germany
490,0,"WORLD WAR II, EASTERN FRONT",MOSCOW COUNTEROFFENSIVE,GER AG CENTER,Germany
490,1,"WORLD WAR II, EASTERN FRONT",MOSCOW COUNTEROFFENSIVE,SOV KALININ AG(+),USSR
491,0,"WORLD WAR II, EASTERN FRONT",POGORELOYE GORODISHCHE,GER 9TH ARMY,Germany
491,1,"WORLD WAR II, EASTERN FRONT",POGORELOYE GORODISHCHE,SOV 20TH COMBINED ARMS ARMY,USSR
492,0,"WORLD WAR II, EASTERN FRONT",LENINGRAD (OPERATION SPARK),GER 18TH ARMY(-),Germany
492,1,"WORLD WAR II, EASTERN FRONT",LENINGRAD (OPERATION SPARK),SOV 2ND ASSAULT ARMY(+),USSR
493,0,"WORLD WAR II, EASTERN FRONT",OBOYAN-KURSK (PHASE I),SOV 6TH GUARDS ARMY,USSR
493,1,"WORLD WAR II, EASTERN FRONT",OBOYAN-KURSK (PHASE I),GER 48TH PZ CORPS,Germany
494,0,"WORLD WAR II, EASTERN FRONT",OPERATION CITADEL (SOUTHERN SECTOR),SOV 6TH & 7TH GDS ARMIES,USSR
494,1,"WORLD WAR II, EASTERN FRONT",OPERATION CITADEL (SOUTHERN SECTOR),GER 4TH PZ ARMY,Germany
495,0,"WORLD WAR II, EASTERN FRONT",OBOYAN-KURSK (PHASE II),SOV 6TH GDS ARMY(+),USSR
495,1,"WORLD WAR II, EASTERN FRONT",OBOYAN-KURSK (PHASE II),GER 48TH PZ CORPS,Germany
496,0,"WORLD WAR II, EASTERN FRONT",OBOYAN-KURSK (PHASE III),SOV 6TH GDS ARMY(+),USSR
496,1,"WORLD WAR II, EASTERN FRONT",OBOYAN-KURSK (PHASE III),GER 48TH PZ CORPS,Germany
497,0,"WORLD WAR II, EASTERN FRONT",PROKHOROVKA,GER 2ND SS PZ CORPS,Germany
497,1,"WORLD WAR II, EASTERN FRONT",PROKHOROVKA,SOV STEPPE ARMY GROUP,USSR
498,0,"WORLD WAR II, EASTERN FRONT",KURSK COUNTEROFFENSIVE (SOUTHERN SECTOR),GER 4TH PZ ARMY(+),Germany
498,1,"WORLD WAR II, EASTERN FRONT",KURSK COUNTEROFFENSIVE (SOUTHERN SECTOR),SOV VORONEZH AG(+),USSR
499,0,"WORLD WAR II, EASTERN FRONT",BELGOROD,GER 167TH INF DIV,Germany
499,1,"WORLD WAR II, EASTERN FRONT",BELGOROD,SOV 53RD ARMY,USSR
500,0,"WORLD WAR II, EASTERN FRONT",MELITOPOL,GER 6TH FIELD ARMY,Germany
500,1,"WORLD WAR II, EASTERN FRONT",MELITOPOL,SOV 4TH UKRANIAN AG,USSR
501,0,"WORLD WAR II, EASTERN FRONT",KORSUN-SCHEVCHENKOVSKIY,GER 1ST PZ ARMY(-)(+),Germany
501,1,"WORLD WAR II, EASTERN FRONT",KORSUN-SCHEVCHENKOVSKIY,SOV FIRST UKRAINIAN AG(+),USSR
502,0,"WORLD WAR II, EASTERN FRONT",NIKOPOL BRIDGEHEAD,GER 335TH INF DIV(+),Germany
502,1,"WORLD WAR II, EASTERN FRONT",NIKOPOL BRIDGEHEAD,SOV 109TH RIFLE DIV(+),USSR
503,0,"WORLD WAR II, EASTERN FRONT",SEVASTOPOL,GER 17TH FIELD ARMY,Germany
503,1,"WORLD WAR II, EASTERN FRONT",SEVASTOPOL,SOV 4TH UKRANIAN AG,USSR
504,0,"WORLD WAR II, EASTERN FRONT",BEREZINA RIVER,GER 299TH INF DIV(+),Germany
504,1,"WORLD WAR II, EASTERN FRONT",BEREZINA RIVER,SOV 3RD GDS MECH CORPS,USSR
505,0,"WORLD WAR II, EASTERN FRONT",LVOV-SANDOMIERZ,GER AG NORTHERN UKRAINE,Germany
505,1,"WORLD WAR II, EASTERN FRONT",LVOV-SANDOMIERZ,SOV 1ST UKRAINIAN AG,USSR
506,0,"WORLD WAR II, EASTERN FRONT",BRODY (PHASE I),GER 913TH INF RGT(+),Germany
506,1,"WORLD WAR II, EASTERN FRONT",BRODY (PHASE I),SOV 15TH RIFLE CORPS,USSR
507,0,"WORLD WAR II, EASTERN FRONT",BRODY (PHASE II),GER 349TH INF DIV(+),Germany
507,1,"WORLD WAR II, EASTERN FRONT",BRODY (PHASE II),SOV 15TH RIFLE CORPS,USSR
508,0,"WORLD WAR II, EASTERN FRONT","VISTULA RIVER, CROSSING, PHASE I","GER 171ST, 214TH & 26TH INF DIVS",Germany
508,1,"WORLD WAR II, EASTERN FRONT","VISTULA RIVER, CROSSING, PHASE I",SOV 91ST RIFLE CORPS,USSR
509,0,"WORLD WAR II, EASTERN FRONT","VISTULA RIVER, PULAWY, PHASE II","GER 171ST, 214TH & 17TH INF DIVS",Germany
509,1,"WORLD WAR II, EASTERN FRONT","VISTULA RIVER, PULAWY, PHASE II",SOV 91ST RIFLE CORPS,USSR
510,0,"WORLD WAR II, EASTERN FRONT",YASSY-KISHINEV OPERATION,GER & ROM AG SOUTHERN UKRAINE,Germany
510,1,"WORLD WAR II, EASTERN FRONT",YASSY-KISHINEV OPERATION,SOV 2ND AG(+),USSR
511,0,"WORLD WAR II, EASTERN FRONT",VISTULA-ODER,GER AG 'A',Germany
511,1,"WORLD WAR II, EASTERN FRONT",VISTULA-ODER,SOV 1ST BYELORUSSIAN AG(+),USSR
512,0,"WORLD WAR II, EASTERN FRONT",EAST PRUSSIA,GER AG CENTER,Germany
512,1,"WORLD WAR II, EASTERN FRONT",EAST PRUSSIA,SOV 2ND BYELORUSSIAN AG(+),USSR
513,0,"WORLD WAR II, EASTERN FRONT",CIECHANOW (PHASE I),GER 7TH INF DIV,Germany
513,1,"WORLD WAR II, EASTERN FRONT",CIECHANOW (PHASE I),SOV 90TH RIFLE DIV,USSR
514,0,"WORLD WAR II, EASTERN FRONT",CIECHANOW (PHASE II),GER 7TH INF DIV,Germany
514,1,"WORLD WAR II, EASTERN FRONT",CIECHANOW (PHASE II),SOV 90TH RIFLE DIV,USSR
515,0,"WORLD WAR II, EASTERN FRONT",SEELOW HEIGHTS,GER 303RD INF RGT(+),Germany
515,1,"WORLD WAR II, EASTERN FRONT",SEELOW HEIGHTS,SOV 57TH GDS RIFLE DIV(+),USSR
516,0,"WORLD WAR II, EASTERN FRONT",MUTANKIANG,JAP 5TH ARMY,Japan
516,1,"WORLD WAR II, EASTERN FRONT",MUTANKIANG,SOV 5TH COMBINED ARMS ARMY,USSR
517,0,"WORLD WAR II (PACIFIC, 1943-1945)",TARAWA-BETIO,JAP GILBERT ISLANDS GARRISON FORCE(-),Japan
517,1,"WORLD WAR II (PACIFIC, 1943-1945)",TARAWA-BETIO,US 2ND MAR DIV(-),USA
518,0,"WORLD WAR II (PACIFIC, 1943-1945)",IWO JIMA - INTO THE MAIN DEFENSES,JAP 2ND IND MIXED BDE(+),Japan
518,1,"WORLD WAR II (PACIFIC, 1943-1945)",IWO JIMA - INTO THE MAIN DEFENSES,US 5TH AMPH CORPS,USA
519,0,"WORLD WAR II (PACIFIC, 1943-1945)",IWO JIMA - SURIBACHI,JAP 2ND IND MIXED BDE(-)(+),Japan
519,1,"WORLD WAR II (PACIFIC, 1943-1945)",IWO JIMA - SURIBACHI,US 28TH MAR RGT,USA
520,0,"WORLD WAR II (PACIFIC, 1943-1945)",IWO JIMA - FINAL PHASE,JAP CHICHI JIMA DEFENSE FORCE,Japan
520,1,"WORLD WAR II (PACIFIC, 1943-1945)",IWO JIMA - FINAL PHASE,US 3RD MAR DIV(+),USA
521,0,"WORLD WAR II, OKINAWA",ADVANCE FROM THE BEACHHEAD,JAP 1ST SPEC ESTAB RGT,Japan
521,1,"WORLD WAR II, OKINAWA",ADVANCE FROM THE BEACHHEAD,US 7TH INF DIV(+),USA
522,0,"WORLD WAR II, OKINAWA",ADVANCE THROUGH THE OUTPOSTS,JAP 62ND DIV(-),Japan
522,1,"WORLD WAR II, OKINAWA",ADVANCE THROUGH THE OUTPOSTS,US 7TH INF DIV(+),USA
523,0,"WORLD WAR II, OKINAWA",TOMB HILL-OUKI,JAP 11TH IND INF BN(+),Japan
523,1,"WORLD WAR II, OKINAWA",TOMB HILL-OUKI,US 7TH INF DIV(+),USA
524,0,"WORLD WAR II, OKINAWA",SKYLINE RIDGE-ROCKY CRAGS,JAP 11TH IND INF BN(+),Japan
524,1,"WORLD WAR II, OKINAWA",SKYLINE RIDGE-ROCKY CRAGS,US 7TH INF DIV(+),USA
525,0,"WORLD WAR II, OKINAWA",KOCHI RIDGE-ONAGA I,JAP 22ND INF RGT,Japan
525,1,"WORLD WAR II, OKINAWA",KOCHI RIDGE-ONAGA I,US 7TH INF DIV(+),USA
526,0,"WORLD WAR II, OKINAWA",KOCHI RIDGE-ONAGA II,JAP 22ND INF RGT,Japan
526,1,"WORLD WAR II, OKINAWA",KOCHI RIDGE-ONAGA II,US 7TH INF DIV(+),USA
527,0,"WORLD WAR II, OKINAWA",KOCHI RIDGE-ONAGA III,JAP 22ND INF RGT(+),Japan
527,1,"WORLD WAR II, OKINAWA",KOCHI RIDGE-ONAGA III,US 7TH INF DIV(+),USA
528,0,"WORLD WAR II, OKINAWA",JAPANESE COUNTERATTACK,US 7TH INF DIV(+),USA
528,1,"WORLD WAR II, OKINAWA",JAPANESE COUNTERATTACK,JAP 24TH DIV(-),Japan
529,0,"WORLD WAR II, OKINAWA",KOCHI RIDGE IV,JAP 24TH DIV(-),Japan
529,1,"WORLD WAR II, OKINAWA",KOCHI RIDGE IV,US 7TH INF DIV(+),USA
530,0,"WORLD WAR II, OKINAWA",SHURI ENVELOPMENT (PHASE I),JAP 3RD SPEC ESTAB RGT(+),Japan
530,1,"WORLD WAR II, OKINAWA",SHURI ENVELOPMENT (PHASE I),US 7TH INF DIV(+),USA
531,0,"WORLD WAR II, OKINAWA",JAPANESE COUNTERATTACKS,US 7TH INF DIV(+),USA
531,1,"WORLD WAR II, OKINAWA",JAPANESE COUNTERATTACKS,JAP 24TH DIV(-),Japan
532,0,"WORLD WAR II, OKINAWA",SHURI ENVELOPMENT (PHASE II),JAP 24TH DIV(-)(+),Japan
532,1,"WORLD WAR II, OKINAWA",SHURI ENVELOPMENT (PHASE II),US 7TH INF DIV(+),USA
533,0,"WORLD WAR II, OKINAWA",SHURI ENVELOPMENT (PHASE III),JAP 24TH DIV(-)(+),Japan
533,1,"WORLD WAR II, OKINAWA",SHURI ENVELOPMENT (PHASE III),US 7TH INF DIV(+),USA
534,0,"WORLD WAR II, OKINAWA",HILL 95-I,JAP 44TH IND MIXED BDE(-),Japan
534,1,"WORLD WAR II, OKINAWA",HILL 95-I,US 7TH INF DIV(+),USA
535,0,"WORLD WAR II, OKINAWA",HILL 95-II,JAP 44TH IND MIXED BDE,Japan
535,1,"WORLD WAR II, OKINAWA",HILL 95-II,US 7TH INF DIV(+),USA
536,0,"WORLD WAR II, OKINAWA",YAEJU-DAKE,JAP 44TH IND MIXED BDE(-),Japan
536,1,"WORLD WAR II, OKINAWA",YAEJU-DAKE,US 7TH INF DIV(+),USA
537,0,"WORLD WAR II, OKINAWA",HILLS 153 AND 115,JAP 44TH IND MIXED BDE(-),Japan
537,1,"WORLD WAR II, OKINAWA",HILLS 153 AND 115,US 7TH INF DIV(+),USA
538,0,"WORLD WAR II, OKINAWA",ADVANCE FROM THE BEACH,JAP 1ST SPEC EST RGT(-),Japan
538,1,"WORLD WAR II, OKINAWA",ADVANCE FROM THE BEACH,US 96TH DIV(+),USA
539,0,"WORLD WAR II, OKINAWA",ADVANCE TO SHURI LINE OUTPOSTS,JAP 12TH IND INF BN(-)(+),Japan
539,1,"WORLD WAR II, OKINAWA",ADVANCE TO SHURI LINE OUTPOSTS,US 96TH DIV(+),USA
540,0,"WORLD WAR II, OKINAWA",KAKAZU AND TOMBSTONE RIDGES,JAP 12TH IND INF BN(+),Japan
540,1,"WORLD WAR II, OKINAWA",KAKAZU AND TOMBSTONE RIDGES,US 96TH DIV(+),USA
541,0,"WORLD WAR II, OKINAWA",NISHIBARU RIDGE-TANABARU ESCARPMENT,JAP 12TH IND INF BN(+),Japan
541,1,"WORLD WAR II, OKINAWA",NISHIBARU RIDGE-TANABARU ESCARPMENT,US 96TH DIV(+),USA
542,0,"WORLD WAR II, OKINAWA",MAEDA ESCARPMENT,JAP 62ND DIV(-)(+),Japan
542,1,"WORLD WAR II, OKINAWA",MAEDA ESCARPMENT,US 96TH DIV(+),USA
543,0,"WORLD WAR II, OKINAWA",ATTACK ON SHURI LINE'S EASTERN FLANK I,JAP 24TH INF DIV(-)(+),Japan
543,1,"WORLD WAR II, OKINAWA",ATTACK ON SHURI LINE'S EASTERN FLANK I,US 96TH DIV(+),USA
544,0,"WORLD WAR II, OKINAWA",ATTACK ON SHURI LINE'S EASTERN FLANK II,JAP 24TH INF DIV(-)(+),Japan
544,1,"WORLD WAR II, OKINAWA",ATTACK ON SHURI LINE'S EASTERN FLANK II,US 96TH DIV(+),USA
545,0,"WORLD WAR II, OKINAWA",ATTACK ON SHURI LINE'S EASTERN FLANK III,JAP 24TH INF DIV(+),Japan
545,1,"WORLD WAR II, OKINAWA",ATTACK ON SHURI LINE'S EASTERN FLANK III,US 96TH DIV(+),USA
546,0,"WORLD WAR II, OKINAWA",ADVANCE TO YUZA-DAKE/YAEJU-DAKE ESCARPMENT,JAP 24TH INF DIV(-),Japan
546,1,"WORLD WAR II, OKINAWA",ADVANCE TO YUZA-DAKE/YAEJU-DAKE ESCARPMENT,US 96TH DIV(+),USA
547,0,"WORLD WAR II, OKINAWA",ATTACK ON YUZA-DAKE/YAEJU-DAKE ESCARPMENT,JAP 24TH INF DIV(-),Japan
547,1,"WORLD WAR II, OKINAWA",ATTACK ON YUZA-DAKE/YAEJU-DAKE ESCARPMENT,US 96TH DIV(+),USA
548,0,"WORLD WAR II, OKINAWA",CAPTURE OF YUZA-DAKE/YAEJU-DAKE ESCARPMENT,JAP 44TH IND MIXED BDE(-)(+),Japan
548,1,"WORLD WAR II, OKINAWA",CAPTURE OF YUZA-DAKE/YAEJU-DAKE ESCARPMENT,US 96TH DIV(+),USA
549,0,"ARAB-ISRAELI WAR, 1967 (SIX-DAY WAR)",JENIN,JOR 25TH INF BDE,Jordan
549,1,"ARAB-ISRAELI WAR, 1967 (SIX-DAY WAR)",JENIN,IS PELED ARMD DIV(-),Israel
550,0,"ARAB-ISRAELI WAR, 1967 (SIX-DAY WAR)",JERUSALEM,JOR 27TH INF BDE (JERUSALEM BDE)(+),Jordan
550,1,"ARAB-ISRAELI WAR, 1967 (SIX-DAY WAR)",JERUSALEM,IS GUR PARA BDE(+),Israel
551,0,"ARAB-ISRAELI WAR, 1967 (SIX-DAY WAR)",KABATIYA,JOR 40TH ARMD BDE(-)(+),Jordan
551,1,"ARAB-ISRAELI WAR, 1967 (SIX-DAY WAR)",KABATIYA,IS BAR KOCHVA'S ARMD BDE(+),Israel
552,0,"ARAB-ISRAELI WAR, 1967 (SIX-DAY WAR)",TILFIT-ZABABIDA,JOR 40TH ARMD BDE(-)(+),Jordan
552,1,"ARAB-ISRAELI WAR, 1967 (SIX-DAY WAR)",TILFIT-ZABABIDA,IS RAM ARMD BDE,Israel
553,0,"ARAB-ISRAELI WAR, 1967 (SIX-DAY WAR)",NABLUS,JOR 25TH INF BDE,Jordan
553,1,"ARAB-ISRAELI WAR, 1967 (SIX-DAY WAR)",NABLUS,IS PELED ARMD DIV,Israel
554,0,"ARAB-ISRAELI WAR, 1967 (SIX-DAY WAR)",RAFAH,EG 7TH INF DIV(+),Egypt
554,1,"ARAB-ISRAELI WAR, 1967 (SIX-DAY WAR)",RAFAH,IS TAL DIV,Israel
555,0,"ARAB-ISRAELI WAR, 1967 (SIX-DAY WAR)",BIR LAHFAN,EG 3RD INF DIV,Egypt
555,1,"ARAB-ISRAELI WAR, 1967 (SIX-DAY WAR)",BIR LAHFAN,IS YOFFE DIV,Israel
556,0,"ARAB-ISRAELI WAR, 1967 (SIX-DAY WAR)",ABU AGEILA-UM KATEF,EG 2ND INF DIV,Egypt
556,1,"ARAB-ISRAELI WAR, 1967 (SIX-DAY WAR)",ABU AGEILA-UM KATEF,IS SHARON DIV,Israel
557,0,"ARAB-ISRAELI WAR, 1967 (SIX-DAY WAR)",EL ARISH,EG 7TH INF DIV(-),Egypt
557,1,"ARAB-ISRAELI WAR, 1967 (SIX-DAY WAR)",EL ARISH,IS TAL DIV(-),Israel
558,0,"ARAB-ISRAELI WAR, 1967 (SIX-DAY WAR)",JEBEL LIBNI,EG 3RD INF DIV(-),Egypt
558,1,"ARAB-ISRAELI WAR, 1967 (SIX-DAY WAR)",JEBEL LIBNI,IS YOFFE DIV(-)(+),Israel
559,0,"ARAB-ISRAELI WAR, 1967 (SIX-DAY WAR)",GAZA STRIP,PALES 20TH PLA DIV(+),Palestine
559,1,"ARAB-ISRAELI WAR, 1967 (SIX-DAY WAR)",GAZA STRIP,IS RESHEF TASK FORCE,Israel
560,0,"ARAB-ISRAELI WAR, 1967 (SIX-DAY WAR)",BIR HASSNA-BIR THAMADA,EG 3RD INF DIV,Egypt
560,1,"ARAB-ISRAELI WAR, 1967 (SIX-DAY WAR)",BIR HASSNA-BIR THAMADA,IS YOFFE DIV,Israel
561,0,"ARAB-ISRAELI WAR, 1967 (SIX-DAY WAR)",MITLA PASS,IS YOFFE DIV(-),Israel
561,1,"ARAB-ISRAELI WAR, 1967 (SIX-DAY WAR)",MITLA PASS,EG 3RD INF DIV(+),Egypt
562,0,"ARAB-ISRAELI WAR, 1967 (SIX-DAY WAR)",BIR HAMMA-BIR GIFGAFA,EG 3RD INF DIV & 4TH ARMD DIV(-),Egypt
562,1,"ARAB-ISRAELI WAR, 1967 (SIX-DAY WAR)",BIR HAMMA-BIR GIFGAFA,IS TAL DIV,Israel
563,0,"ARAB-ISRAELI WAR, 1967 (SIX-DAY WAR)",NAKHL,EG 6TH MECH DIV,Egypt
563,1,"ARAB-ISRAELI WAR, 1967 (SIX-DAY WAR)",NAKHL,IS SHARON DIV,Israel
564,0,"ARAB-ISRAELI WAR, 1967 (SIX-DAY WAR)",BIR GIFGAFA,IS TAL DIV,Israel
564,1,"ARAB-ISRAELI WAR, 1967 (SIX-DAY WAR)",BIR GIFGAFA,EG ARMD BDE,Egypt
565,0,"ARAB-ISRAELI WAR, 1967 (SIX-DAY WAR)",TEL FAHAR-BANIAS,SYR 11TH INF BDE(+),Syria
565,1,"ARAB-ISRAELI WAR, 1967 (SIX-DAY WAR)",TEL FAHAR-BANIAS,IS GOLANI BDE,Israel
566,0,"ARAB-ISRAELI WAR, 1967 (SIX-DAY WAR)",RAWIYEH,SYR 8TH INF BDE(+),Syria
566,1,"ARAB-ISRAELI WAR, 1967 (SIX-DAY WAR)",RAWIYEH,IS RAM BDE,Israel
567,0,"ARAB-ISRAELI WAR, 1967 (SIX-DAY WAR)",ZAOURA-KALA,SYR 11TH INF BDE(+),Syria
567,1,"ARAB-ISRAELI WAR, 1967 (SIX-DAY WAR)",ZAOURA-KALA,IS MENDLER'S BDE,Israel
568,0,"ARAB-ISRAELI WAR, 1968",KERAMA,JOR 1ST INF DIV,Jordan
568,1,"ARAB-ISRAELI WAR, 1968",KERAMA,IS GONEN TASK FORCE,Israel
569,0,"ARAB-ISRAELI WAR, 1973 (OCTOBER WAR)","SUEZ CANAL ASSAULT, NORTH",IS SINAI DEF FORCE,Israel
569,1,"ARAB-ISRAELI WAR, 1973 (OCTOBER WAR)","SUEZ CANAL ASSAULT, NORTH",EG 2ND ARMY,Egypt
570,0,"ARAB-ISRAELI WAR, 1973 (OCTOBER WAR)","SUEZ CANAL ASSAULT, SOUTH",IS SINAI DEF FORCE,Israel
570,1,"ARAB-ISRAELI WAR, 1973 (OCTOBER WAR)","SUEZ CANAL ASSAULT, SOUTH",EG 3RD ARMY,Egypt
571,0,"ARAB-ISRAELI WAR, 1973 (OCTOBER WAR)",SECOND ARMY BUILDUP,IS SINAI DEF FORCE,Israel
571,1,"ARAB-ISRAELI WAR, 1973 (OCTOBER WAR)",SECOND ARMY BUILDUP,EG 2ND ARMY,Egypt
572,0,"ARAB-ISRAELI WAR, 1973 (OCTOBER WAR)",THIRD ARMY BUILDUP,IS SINAI DEF FORCE,Israel
572,1,"ARAB-ISRAELI WAR, 1973 (OCTOBER WAR)",THIRD ARMY BUILDUP,EG 3RD ARMY,Egypt
573,0,"ARAB-ISRAELI WAR, 1973 (OCTOBER WAR)",KANTARA-FIRDAN,EG 2ND ARMY,Egypt
573,1,"ARAB-ISRAELI WAR, 1973 (OCTOBER WAR)",KANTARA-FIRDAN,IS ADAN DIV,Israel
574,0,"ARAB-ISRAELI WAR, 1973 (OCTOBER WAR)","EGYPTIAN OFFENSIVE, NORTH",IS SASSON FORCE & SHARON DIV,Israel
574,1,"ARAB-ISRAELI WAR, 1973 (OCTOBER WAR)","EGYPTIAN OFFENSIVE, NORTH",EG 2ND ARMY,Egypt
575,0,"ARAB-ISRAELI WAR, 1973 (OCTOBER WAR)","EGYPTIAN OFFENSIVE, SOUTH",IS MAGEN DIV(-)(+),Israel
575,1,"ARAB-ISRAELI WAR, 1973 (OCTOBER WAR)","EGYPTIAN OFFENSIVE, SOUTH",EG 3RD ARMY,Egypt
576,0,"ARAB-ISRAELI WAR, 1973 (OCTOBER WAR)",DEVERSOIR (CHINESE FARM I),EG 16TH DIV(1/2) & 21ST DIV(1/2),Egypt
576,1,"ARAB-ISRAELI WAR, 1973 (OCTOBER WAR)",DEVERSOIR (CHINESE FARM I),IS SHARON DIV,Israel
577,0,"ARAB-ISRAELI WAR, 1973 (OCTOBER WAR)",DEVERSOIR (CHINESE FARM II),EG 16TH DIV(-)(+),Egypt
577,1,"ARAB-ISRAELI WAR, 1973 (OCTOBER WAR)",DEVERSOIR (CHINESE FARM II),IS ADAN DIV(+),Israel
578,0,"ARAB-ISRAELI WAR, 1973 (OCTOBER WAR)",DEVERSOIR WEST,EG 2ND ARMY(-),Egypt
578,1,"ARAB-ISRAELI WAR, 1973 (OCTOBER WAR)",DEVERSOIR WEST,IS ADAN DIV(+),Israel
579,0,"ARAB-ISRAELI WAR, 1973 (OCTOBER WAR)",ISMAILIA,EG 2ND ARMY(-),Egypt
579,1,"ARAB-ISRAELI WAR, 1973 (OCTOBER WAR)",ISMAILIA,IS SHARON DIV,Israel
580,0,"ARAB-ISRAELI WAR, 1973 (OCTOBER WAR)",JEBEL GENEIFA,EG 3RD ARMY(-),Egypt
580,1,"ARAB-ISRAELI WAR, 1973 (OCTOBER WAR)",JEBEL GENEIFA,IS ADAN DIV(+),Israel
581,0,"ARAB-ISRAELI WAR, 1973 (OCTOBER WAR)",SHALLUFA I,EG 3RD ARMY(-),Egypt
581,1,"ARAB-ISRAELI WAR, 1973 (OCTOBER WAR)",SHALLUFA I,IS ADAN DIV(+),Israel
582,0,"ARAB-ISRAELI WAR, 1973 (OCTOBER WAR)",SHALLUFA II,EG 3RD ARMY(-),Egypt
582,1,"ARAB-ISRAELI WAR, 1973 (OCTOBER WAR)",SHALLUFA II,IS ADAN DIV(+),Israel
583,0,"ARAB-ISRAELI WAR, 1973 (OCTOBER WAR)",SUEZ,EG 3RD ARMY(-),Egypt
583,1,"ARAB-ISRAELI WAR, 1973 (OCTOBER WAR)",SUEZ,IS ADAN DIV(+),Israel
584,0,"ARAB-ISRAELI WAR, 1973 (OCTOBER WAR)",ADABIYA,EG 3RD ARMY(-),Egypt
584,1,"ARAB-ISRAELI WAR, 1973 (OCTOBER WAR)",ADABIYA,IS MAGEN DIV,Israel
585,0,"ARAB-ISRAELI WAR, 1973 (OCTOBER WAR)",KUNEITRA,IS 7TH ARMD BDE(-)(+),Israel
585,1,"ARAB-ISRAELI WAR, 1973 (OCTOBER WAR)",KUNEITRA,SYR 9TH INF DIV(+),Syria
586,0,"ARAB-ISRAELI WAR, 1973 (OCTOBER WAR)",AHMADIYEH,IS 7TH ARMD BDE(-)(+),Israel
586,1,"ARAB-ISRAELI WAR, 1973 (OCTOBER WAR)",AHMADIYEH,SYR 7TH INF DIV(+),Syria
587,0,"ARAB-ISRAELI WAR, 1973 (OCTOBER WAR)",RAFID,IS 188TH ARMD BDE(-)(+),Israel
587,1,"ARAB-ISRAELI WAR, 1973 (OCTOBER WAR)",RAFID,SYR 5TH INF DIV(+),Syria
588,0,"ARAB-ISRAELI WAR, 1973 (OCTOBER WAR)",YEHUDA-EL AL,IS 240TH ARMD DIV,Israel
588,1,"ARAB-ISRAELI WAR, 1973 (OCTOBER WAR)",YEHUDA-EL AL,SYR 5TH INF DIV(+),Syria
589,0,"ARAB-ISRAELI WAR, 1973 (OCTOBER WAR)",NAFEKH,IS 79TH ARMD BDE(+),Israel
589,1,"ARAB-ISRAELI WAR, 1973 (OCTOBER WAR)",NAFEKH,SYR 1ST ARMD DIV,Syria
590,0,"ARAB-ISRAELI WAR, 1973 (OCTOBER WAR)",TEL FARRIS,SYR 5TH INF DIV(+),Syria
590,1,"ARAB-ISRAELI WAR, 1973 (OCTOBER WAR)",TEL FARRIS,IS 146TH ARMD DIV(+),Israel
591,0,"ARAB-ISRAELI WAR, 1973 (OCTOBER WAR)",HUSHNIYAH,SYR 9TH INF DIV(-)(+),Syria
591,1,"ARAB-ISRAELI WAR, 1973 (OCTOBER WAR)",HUSHNIYAH,IS 240TH ARMD DIV(-)(+),Israel
592,0,"ARAB-ISRAELI WAR, 1973 (OCTOBER WAR)",MOUNT HERMONIT,IS 7TH ARMD BDE(+),Israel
592,1,"ARAB-ISRAELI WAR, 1973 (OCTOBER WAR)",MOUNT HERMONIT,SYR 7TH INF DIV(+),Syria
593,0,"ARAB-ISRAELI WAR, 1973 (OCTOBER WAR)",MOUNT HERMON I,SYR PARA BDE(-),Syria
593,1,"ARAB-ISRAELI WAR, 1973 (OCTOBER WAR)",MOUNT HERMON I,IS GOLANI BDE(-),Israel
594,0,"ARAB-ISRAELI WAR, 1973 (OCTOBER WAR)",TEL SHAMS,SYR 7TH INF DIV(-)(+),Syria
594,1,"ARAB-ISRAELI WAR, 1973 (OCTOBER WAR)",TEL SHAMS,IS 36TH MECH DIV,Israel
595,0,"ARAB-ISRAELI WAR, 1973 (OCTOBER WAR)",TEL SHAAR,SYR 1ST ARMD DIV(+),Syria
595,1,"ARAB-ISRAELI WAR, 1973 (OCTOBER WAR)",TEL SHAAR,IS 240TH ARMD DIV,Israel
596,0,"ARAB-ISRAELI WAR, 1973 (OCTOBER WAR)",TEL EL HARA,IS 240TH ARMD DIV,Israel
596,1,"ARAB-ISRAELI WAR, 1973 (OCTOBER WAR)",TEL EL HARA,IR 3RD ARMD DIV,Iraq
597,0,"ARAB-ISRAELI WAR, 1973 (OCTOBER WAR)",KFAR SHAMS-TEL ANTAR,IS 3RD ARMD DIV,Israel
597,1,"ARAB-ISRAELI WAR, 1973 (OCTOBER WAR)",KFAR SHAMS-TEL ANTAR,IS 240TH ARMD DIV(-),Israel
598,0,"ARAB-ISRAELI WAR, 1973 (OCTOBER WAR)",NABA,IS 240TH ARMD DIV,Israel
598,1,"ARAB-ISRAELI WAR, 1973 (OCTOBER WAR)",NABA,JOR 40TH ARMD BDE(+),Jordan
599,0,"ARAB-ISRAELI WAR, 1973 (OCTOBER WAR)",ARAB COUNTEROFFENSIVE,IS 146TH ARMD DIV,Israel
599,1,"ARAB-ISRAELI WAR, 1973 (OCTOBER WAR)",ARAB COUNTEROFFENSIVE,SYR 9TH INF DIV(-)(+),Syria
600,0,"ARAB-ISRAELI WAR, 1973 (OCTOBER WAR)",MOUNT HERMON II,SYR PARA BDE,Syria
600,1,"ARAB-ISRAELI WAR, 1973 (OCTOBER WAR)",MOUNT HERMON II,IS GOLANI BDE,Israel
601,0,"ARAB-ISRAELI WAR, 1973 (OCTOBER WAR)",MOUNT HERMON III,SYR PARA BDE,Syria
601,1,"ARAB-ISRAELI WAR, 1973 (OCTOBER WAR)",MOUNT HERMON III,IS GOLANI BDE(+),Israel
602,0,WORLD WAR II,SIDI BOU ZID I,"US CCA, 1ST ARM DIV (+)",USA
602,1,WORLD WAR II,SIDI BOU ZID I,GER ELMS 10TH AND 21ST PNZR DIV,Germany
603,0,WORLD WAR II,SIDI BOU ZID II,GER ELMS 10TH AND 21ST PD,Germany
603,1,WORLD WAR II,SIDI BOU ZID II,"US CC C, 1ST ARMD DIV",USA
604,0,WORLD WAR II,KASSERINE PASS,US 26TH RCT (-)(+),USA
604,1,WORLD WAR II,KASSERINE PASS,GER AFRIKA KORPS (-),Germany
605,0,WORLD WAR II,RAPIDO NORTH I,"GER 1ST/129TH PGR, 15TH PGD",Germany
605,1,WORLD WAR II,RAPIDO NORTH I,"US 141ST RCT (+), 36TH INF DIV",USA
606,0,WORLD WAR II,RAPIDO NORTH II,"GER 1ST/129TH PGR, 15TH PGD",Germany
606,1,WORLD WAR II,RAPIDO NORTH II,"US 141ST RCT (+), 36TH INF DIV",USA
607,0,WORLD WAR II,RAPIDO SOUTH I,"GER 3RD/104TH PGR, 15TH PGD",Germany
607,1,WORLD WAR II,RAPIDO SOUTH I,"US 143RD RCT (+), 36TH INF DIV",USA
608,0,WORLD WAR II,RAPIDO SOUTH II,"GER 3RD/104TH PGR, 15TH PGD",Germany
608,1,WORLD WAR II,RAPIDO SOUTH II,"US 143RD RCT (+), 36TH INF DIV",USA
609,0,WORLD WAR II,BOWLING ALLEY I,"US 2ND/157TH INF (+), 45TH ID",USA
609,1,WORLD WAR II,BOWLING ALLEY I,GER LXXVI PNZ CORPS (-),Germany
610,0,WORLD WAR II,BOWLING ALLEY II,"US 179TH INF (-)(+), 45TH ID",USA
610,1,WORLD WAR II,BOWLING ALLEY II,GER LXXVI PNZ CORPS (-),Germany
611,0,WORLD WAR II,BOWLING ALLEY III,"US 180TH INF (-)(+), 45TH ID",USA
611,1,WORLD WAR II,BOWLING ALLEY III,GER LXXVI PNZ CORPS (-),Germany
612,0,WORLD WAR II,MORTAIN I,"US 117TH INF (-)(+), 30TH ID",USA
612,1,WORLD WAR II,MORTAIN I,GER ELMS 1ST SS AND 2ND PNZ DIVS,Germany
613,0,WORLD WAR II,MORTAIN II,"US 120TH INF (-)(+), 30TH ID",USA
613,1,WORLD WAR II,MORTAIN II,GER ELMS 2ND SS PD AND 17TH SS PGD,Germany
614,0,WORLD WAR II,SCHMIDT I,GER LXXIV CORPS (-),Germany
614,1,WORLD WAR II,SCHMIDT I,"US 112TH INF (+), 28TH ID",USA
615,0,WORLD WAR II,SCHMIDT II,GER LXXIV CORPS (-),Germany
615,1,WORLD WAR II,SCHMIDT II,"US 110TH INF (+), 28TH ID",USA
616,0,WORLD WAR II,SCHMIDT III,GER LXXIV CORPS (-),Germany
616,1,WORLD WAR II,SCHMIDT III,"US 109TH INF (+), 28TH ID",USA
617,0,WORLD WAR II,WAHLERSCHEID,GER LXXIV CORPS (-),Germany
617,1,WORLD WAR II,WAHLERSCHEID,"US 9TH INF(+), 2ND ID",USA
618,0,WORLD WAR II,KRINKELT-ROCHERATH I,"US 3RD/23RD INF, 2ND ID",USA
618,1,WORLD WAR II,KRINKELT-ROCHERATH I,GER 12TH SS PNZDIV (-)(+),Germany
619,0,WORLD WAR II,KRINKELT-ROCHERATH II,"US 38TH INF (-)(+), 2ND ID",USA
619,1,WORLD WAR II,KRINKELT-ROCHERATH II,GER 12TH SS PNZDIV (-)(+),Germany
620,0,WORLD WAR II,SCHNEE EIFEL CENTER,"US 423RD INF, 106TH ID",USA
620,1,WORLD WAR II,SCHNEE EIFEL CENTER,"GER 293RD VGRGT, 18TH VGD",Germany
621,0,WORLD WAR II,SCHNEE EIFEL SOUTH,"US 424TH INF (+), 106TH ID",USA
621,1,WORLD WAR II,SCHNEE EIFEL SOUTH,GER 62ND VGDIV (+),Germany
622,0,WORLD WAR II,SCHNEE EIFEL NORTH I,US 14TH CAV GRP (+),USA
622,1,WORLD WAR II,SCHNEE EIFEL NORTH I,GER 18TH VGDIV (-)(+),Germany
623,0,WORLD WAR II,SCHNEE EIFEL NORTH II,"US 422ND INF, (-)(+), 106TH ID",USA
623,1,WORLD WAR II,SCHNEE EIFEL NORTH II,GER 18TH VGDIV (-)(+),Germany
624,0,WORLD WAR II,OUR RIVER CENTER,"US 11OTH INF (-)(+), 28TH ID",USA
624,1,WORLD WAR II,OUR RIVER CENTER,GER XLVII PNZ CORPS,Germany
625,0,WORLD WAR II,OUR RIVER NORTH,"US 112TH INF (+), 28TH ID",USA
625,1,WORLD WAR II,OUR RIVER NORTH,GER LVIII PNZ CORPS,Germany
626,0,KOREAN WAR,PUSAN PERIMETER,US DIV,USA
626,1,KOREAN WAR,PUSAN PERIMETER,NKOR CORP,North Korea
627,0,KOREAN WAR,PUSAN BREAKOUT,NKOR CORP,North Korea
627,1,KOREAN WAR,PUSAN BREAKOUT,US DIV,USA
628,0,KOREAN WAR,NAM RIVER,NKOR ARMY,North Korea
628,1,KOREAN WAR,NAM RIVER,US DIV,USA
629,0,KOREAN WAR,KUNSON,NKOR ARMY,North Korea
629,1,KOREAN WAR,KUNSON,US DIV,USA
630,0,KOREAN WAR,BUTTE LINE,NKOR ARMY,North Korea
630,1,KOREAN WAR,BUTTE LINE,US DIV,USA
631,0,KOREAN WAR,HAN RIVER,NKOR ARMY,North Korea
631,1,KOREAN WAR,HAN RIVER,US DIV,USA
632,0,KOREAN WAR,CHAN RIVER,NKOR ARMY,North Korea
632,1,KOREAN WAR,CHAN RIVER,US DIV,USA
633,0,KOREAN WAR,PIERCE LINE,NKOR ARMY,North Korea
633,1,KOREAN WAR,PIERCE LINE,US DIV,USA
634,0,KOREAN WAR,KANSAS LINE,US DIV,USA
634,1,KOREAN WAR,KANSAS LINE,NKOR ARMY,North Korea
635,0,KOREAN WAR,IRON TRIANGLE,US DIV,USA
635,1,KOREAN WAR,IRON TRIANGLE,NKOR ARMY,North Korea
636,0,KOREAN WAR,BAYONETTE LINE,NKOR ARMY,North Korea
636,1,KOREAN WAR,BAYONETTE LINE,US DIV,USA
637,0,WORLD WAR II,TARGUL FRUMOS,GER DIV,Germany
637,1,WORLD WAR II,TARGUL FRUMOS,USSR ARMY,USSR
638,0,"ARAB-ISRAELI, 1948",MISHMAR HAYARDEN 1,IS RGT,Israel
638,1,"ARAB-ISRAELI, 1948",MISHMAR HAYARDEN 1,SYR RGT,Syria
639,0,"ARAB-ISRAELI, 1948",MISHMAR HAYARDEN 2,IS RGT,Israel
639,1,"ARAB-ISRAELI, 1948",MISHMAR HAYARDEN 2,SYR RGT,Syria
640,0,"ARAB-ISRAELI, 1948",HIRAM,SYR RGT,Syria
640,1,"ARAB-ISRAELI, 1948",HIRAM,IS DIV,Israel
641,0,"ARAB-ISRAELI, 1967",BANIAS-MASAADA,SYR RGT,Syria
641,1,"ARAB-ISRAELI, 1967",BANIAS-MASAADA,IS RGT,Israel
642,0,"ARAB-ISRAELI, 1967",BOUTMIYA,SYR DIV,Syria
642,1,"ARAB-ISRAELI, 1967",BOUTMIYA,IS DIV,Israel
643,0,"ARAB-ISRAELI, 1967",KUNEITRA,SYR DIV,Syria
643,1,"ARAB-ISRAELI, 1967",KUNEITRA,IS DIV,Israel
644,0,WORLD WAR II,TARTO-TIBER,GER DIV,Germany
644,1,WORLD WAR II,TARTO-TIBER,BRIT CORP,Great Britain
645,0,"ISRAEL-LEBANON, 1982",BEKKA VALLEY,SYR DIV,Syria
645,1,"ISRAEL-LEBANON, 1982",BEKKA VALLEY,IS CORP,Israel
646,0,"ARAB-ISRAELI, 1948",ACRE,EGY RGT,Egypt
646,1,"ARAB-ISRAELI, 1948",ACRE,IS RGT,Israel
647,0,"ARAB-ISRAELI, 1948",DEATH TO INVADER,EGY RGT,Egypt
647,1,"ARAB-ISRAELI, 1948",DEATH TO INVADER,IS RGT,Israel
648,0,"ARAB-ISRAELI, 1948",EL AUJA (AYIN),EGY DIV,Egypt
648,1,"ARAB-ISRAELI, 1948",EL AUJA (AYIN),IS DIV,Israel
649,0,"ARAB-ISRAELI, 1948",AGEILA-RAFAH (AYIN),EGY DIV,Egypt
649,1,"ARAB-ISRAELI, 1948",AGEILA-RAFAH (AYIN),IS DIV,Israel
650,0,"ARAB-ISRAELI, 1956",ABU AGELIA-UM KATEF,EGY RGT,Egypt
650,1,"ARAB-ISRAELI, 1956",ABU AGELIA-UM KATEF,IS DIV,Israel
651,0,"ARAB-ISRAELI, 1956",BIR RUD SALIM,EGY RGT,Egypt
651,1,"ARAB-ISRAELI, 1956",BIR RUD SALIM,IS RGT,Israel
652,0,"ARAB-ISRAELI, 1956",RAFAH-EL ARISH,EGY DIV,Egypt
652,1,"ARAB-ISRAELI, 1956",RAFAH-EL ARISH,IS DIV,Israel
653,0,"ARAB-ISRAELI, 1956",GAZA-KHAN YUNIS,EGY RGT,Egypt
653,1,"ARAB-ISRAELI, 1956",GAZA-KHAN YUNIS,IS RGT,Israel
654,0,VIET NAM,QUANG TRI,SVN DIV,South Vietnam
654,1,VIET NAM,QUANG TRI,NVN CORP,North Vietnam
655,0,"ARAB-ISRAELI, 1948",JERUSALEM (JEBUSSI),JOR RGT,Jordan
655,1,"ARAB-ISRAELI, 1948",JERUSALEM (JEBUSSI),IS RGT,Israel
656,0,"ARAB-ISRAELI, 1948",JERUSALEM CORRIDOR,JOR RGT,Jordan
656,1,"ARAB-ISRAELI, 1948",JERUSALEM CORRIDOR,IS DIV,Israel
657,0,WORLD WAR II,ARDENNES ,FR ARMY,France
657,1,WORLD WAR II,ARDENNES ,GER ARMY GRP,Germany
658,0,WORLD WAR II,CAMBRAI,FR DIV,France
658,1,WORLD WAR II,CAMBRAI,GER DIV,Germany
659,0,WORLD WAR II,ARRAS,GER RGT,Germany
659,1,WORLD WAR II,ARRAS,BRIT RGT,Great Britain
660,0,WORLD WAR II,BOOS,GER CO,Germany
660,1,WORLD WAR II,BOOS,FR CO,France
