"cow_warno"	"cow_warname"	"war"	"isqno"	"name"	"start_date"	"end_date"	"comment"
303	"First Bolivar Expedition of 1817-1819"	"LATIN AMERICAN WARS OF INDEPENDENCE"	150	"BOYACA"	"1819-08-07"	"1819-08-08"	
308	"Second Bol�var Expedition of 1821-1822"	"LATIN AMERICAN WARS OF INDEPENDENCE"	151	"CARABOBO"	"1821-06-25"	"1821-06-26"	
308	"Second Bol�var Expedition of 1821-1822"	"LATIN AMERICAN WARS OF INDEPENDENCE"	152	"BOMBONA"	"1822-04-07"	"1822-04-08"	
308	"Second Bol�var Expedition of 1821-1822"	"LATIN AMERICAN WARS OF INDEPENDENCE"	153	"PICHINCHA"	"1822-05-24"	"1822-05-24"	
312	"Liberation of Peru of 1824-1825"	"LATIN AMERICAN WARS OF INDEPENDENCE"	154	"JUNIN"	"1824-08-06"	"1824-08-07"	
312	"Liberation of Peru of 1824-1825"	"LATIN AMERICAN WARS OF INDEPENDENCE"	155	"AYACUCHO"	"1824-12-09"	"1824-12-09"	
527	"Texan War of 1835-1836"	"WAR OF TEXAN INDEPENDENCE"	156	"SAN JACINTO"	"1836-04-21"	"1836-04-21"	
7	"Mexican-American War of 1846-1847"	"US-MEXICAN WAR"	157	"PALO ALTO"	"1846-05-08"	"1846-05-08"	
7	"Mexican-American War of 1846-1847"	"US-MEXICAN WAR"	158	"RESACA DE LA PALMA"	"1846-05-09"	"1846-05-09"	
7	"Mexican-American War of 1846-1847"	"US-MEXICAN WAR"	159	"BUENA VISTA"	"1847-02-22"	"1847-02-23"	
7	"Mexican-American War of 1846-1847"	"US-MEXICAN WAR"	160	"CERRO GORDO"	"1847-04-17"	"1847-04-18"	
7	"Mexican-American War of 1846-1847"	"US-MEXICAN WAR"	162	"CHURUBUSCO"	"1847-08-20"	"1847-08-20"	
7	"Mexican-American War of 1846-1847"	"US-MEXICAN WAR"	161	"CONTRERAS"	"1847-08-20"	"1847-08-20"	
7	"Mexican-American War of 1846-1847"	"US-MEXICAN WAR"	163	"MOLINO DEL REY"	"1847-09-08"	"1847-09-08"	
7	"Mexican-American War of 1846-1847"	"US-MEXICAN WAR"	164	"CHAPULTEPEC"	"1847-09-13"	"1847-09-13"	
22	"Crimean War of 1853-1856"	"CRIMEAN WAR"	165	"THE ALMA"	"1854-09-20"	"1854-09-20"	
22	"Crimean War of 1853-1856"	"CRIMEAN WAR"	166	"INKERMAN"	"1854-11-05"	"1854-11-05"	
28	"War of Italian Unification of 1859"	"WAR OF AUSTRIA WITH FRANCE AND PIEDMONT"	167	"MAGENTA"	"1859-06-04"	"1859-06-04"	
28	"War of Italian Unification of 1859"	"WAR OF AUSTRIA WITH FRANCE AND PIEDMONT"	168	"SOLFERINO"	"1859-06-24"	"1859-06-24"	
572	"U.S. Civil War of 1861-1865"	"AMERICAN CIVIL WAR"	171	"FIRST BULL RUN (MANASSAS)"	"1861-07-21"	"1861-07-21"	
572	"U.S. Civil War of 1861-1865"	"AMERICAN CIVIL WAR"	172	"WILSON'S CREEK"	"1861-08-10"	"1861-08-10"	
572	"U.S. Civil War of 1861-1865"	"AMERICAN CIVIL WAR"	173	"BELMONT"	"1861-11-07"	"1861-11-07"	
572	"U.S. Civil War of 1861-1865"	"AMERICAN CIVIL WAR"	174	"MILL SPRINGS"	"1862-01-19"	"1862-01-19"	
572	"U.S. Civil War of 1861-1865"	"AMERICAN CIVIL WAR"	175	"FORT DONELSON"	"1862-02-15"	"1862-02-15"	
572	"U.S. Civil War of 1861-1865"	"AMERICAN CIVIL WAR"	176	"PEA RIDGE"	"1862-03-07"	"1862-03-08"	
572	"U.S. Civil War of 1861-1865"	"AMERICAN CIVIL WAR"	177	"KERNSTOWN"	"1862-03-23"	"1862-03-23"	
572	"U.S. Civil War of 1861-1865"	"AMERICAN CIVIL WAR"	178	"SHILOH"	"1862-04-06"	"1862-04-07"	
572	"U.S. Civil War of 1861-1865"	"AMERICAN CIVIL WAR"	179	"FRONT ROYAL"	"1862-05-23"	"1862-05-23"	
572	"U.S. Civil War of 1861-1865"	"AMERICAN CIVIL WAR"	180	"FIRST WINCHESTER"	"1862-05-25"	"1862-05-25"	
572	"U.S. Civil War of 1861-1865"	"AMERICAN CIVIL WAR"	183	"SEVEN PINES (FAIR OAKS)"	"1862-05-31"	"1862-06-01"	
572	"U.S. Civil War of 1861-1865"	"AMERICAN CIVIL WAR"	181	"CROSS KEYS"	"1862-06-08"	"1862-06-08"	
572	"U.S. Civil War of 1861-1865"	"AMERICAN CIVIL WAR"	182	"PORT REPUBLIC"	"1862-06-09"	"1862-06-09"	
572	"U.S. Civil War of 1861-1865"	"AMERICAN CIVIL WAR"	184	"MECHANICSVILLE"	"1862-06-26"	"1862-06-26"	
572	"U.S. Civil War of 1861-1865"	"AMERICAN CIVIL WAR"	185	"GAINES'S MILL"	"1862-06-27"	"1862-06-27"	
572	"U.S. Civil War of 1861-1865"	"AMERICAN CIVIL WAR"	186	"GLENDALE-FRAYSER'S FARM"	"1862-06-29"	"1862-06-30"	
572	"U.S. Civil War of 1861-1865"	"AMERICAN CIVIL WAR"	187	"MALVERN HILL"	"1862-07-01"	"1862-07-01"	
572	"U.S. Civil War of 1861-1865"	"AMERICAN CIVIL WAR"	188	"CEDAR MOUNTAIN"	"1862-08-09"	"1862-08-09"	
572	"U.S. Civil War of 1861-1865"	"AMERICAN CIVIL WAR"	189	"SECOND BULL RUN (MANASSAS)"	"1862-08-29"	"1862-08-30"	
572	"U.S. Civil War of 1861-1865"	"AMERICAN CIVIL WAR"	190	"SOUTH MOUNTAIN"	"1862-09-14"	"1862-09-14"	
572	"U.S. Civil War of 1861-1865"	"AMERICAN CIVIL WAR"	191	"ANTIETAM (SHARPSBURG)"	"1862-09-17"	"1862-09-17"	
572	"U.S. Civil War of 1861-1865"	"AMERICAN CIVIL WAR"	192	"CORINTH"	"1862-10-03"	"1862-10-04"	
572	"U.S. Civil War of 1861-1865"	"AMERICAN CIVIL WAR"	193	"PERRYVILLE"	"1862-10-08"	"1862-10-08"	
572	"U.S. Civil War of 1861-1865"	"AMERICAN CIVIL WAR"	194	"FREDERICKSBURG"	"1862-12-13"	"1862-12-13"	
572	"U.S. Civil War of 1861-1865"	"AMERICAN CIVIL WAR"	195	"MURFREESBORO (STONE'S RIVER)"	"1862-12-31"	"1863-01-02"	
572	"U.S. Civil War of 1861-1865"	"AMERICAN CIVIL WAR"	196	"CHANCELLORSVILLE"	"1863-05-01"	"1863-05-02"	
572	"U.S. Civil War of 1861-1865"	"AMERICAN CIVIL WAR"	197	"CHAMPION'S HILL"	"1863-05-16"	"1863-05-16"	
572	"U.S. Civil War of 1861-1865"	"AMERICAN CIVIL WAR"	198	"BRANDY STATION"	"1863-06-09"	"1863-06-09"	
572	"U.S. Civil War of 1861-1865"	"AMERICAN CIVIL WAR"	199	"GETTYSBURG"	"1863-07-01"	"1863-07-03"	
572	"U.S. Civil War of 1861-1865"	"AMERICAN CIVIL WAR"	200	"CHICKAMAUGA"	"1863-09-19"	"1863-09-20"	
572	"U.S. Civil War of 1861-1865"	"AMERICAN CIVIL WAR"	201	"CHATTANOOGA"	"1863-11-24"	"1863-11-25"	
572	"U.S. Civil War of 1861-1865"	"AMERICAN CIVIL WAR"	202	"THE WILDERNESS"	"1864-05-05"	"1864-05-06"	
572	"U.S. Civil War of 1861-1865"	"AMERICAN CIVIL WAR"	203	"SPOTSYLVANIA"	"1864-05-08"	"1864-05-09"	
572	"U.S. Civil War of 1861-1865"	"AMERICAN CIVIL WAR"	204	"NEW MARKET"	"1864-05-15"	"1864-05-15"	
572	"U.S. Civil War of 1861-1865"	"AMERICAN CIVIL WAR"	205	"COLD HARBOR"	"1864-06-03"	"1864-06-03"	
572	"U.S. Civil War of 1861-1865"	"AMERICAN CIVIL WAR"	209	"PETERSBURG"	"1864-06-15"	"1864-06-18"	
572	"U.S. Civil War of 1861-1865"	"AMERICAN CIVIL WAR"	206	"KENESAW MOUNTAIN"	"1864-06-27"	"1864-06-27"	
572	"U.S. Civil War of 1861-1865"	"AMERICAN CIVIL WAR"	207	"PEACHTREE CREEK"	"1864-07-20"	"1864-07-20"	
572	"U.S. Civil War of 1861-1865"	"AMERICAN CIVIL WAR"	208	"ATLANTA"	"1864-07-22"	"1864-07-22"	
572	"U.S. Civil War of 1861-1865"	"AMERICAN CIVIL WAR"	210	"GLOBE TAVERN"	"1864-08-18"	"1864-08-19"	
572	"U.S. Civil War of 1861-1865"	"AMERICAN CIVIL WAR"	211	"OPEQUON CREEK (THIRD WINCHESTER)"	"1864-09-19"	"1864-09-19"	
572	"U.S. Civil War of 1861-1865"	"AMERICAN CIVIL WAR"	212	"CEDAR CREEK"	"1864-10-19"	"1864-10-19"	
572	"U.S. Civil War of 1861-1865"	"AMERICAN CIVIL WAR"	213	"FRANKLIN"	"1864-11-30"	"1864-11-30"	
572	"U.S. Civil War of 1861-1865"	"AMERICAN CIVIL WAR"	214	"NASHVILLE"	"1864-12-15"	"1864-12-16"	
572	"U.S. Civil War of 1861-1865"	"AMERICAN CIVIL WAR"	215	"BENTONVILLE"	"1865-03-19"	"1865-03-21"	
572	"U.S. Civil War of 1861-1865"	"AMERICAN CIVIL WAR"	216	"DINWIDDIE COURTHOUSE & WHITE OAK ROAD"	"1865-03-29"	"1865-03-30"	
572	"U.S. Civil War of 1861-1865"	"AMERICAN CIVIL WAR"	217	"FIVE FORKS"	"1865-04-01"	"1865-04-01"	
572	"U.S. Civil War of 1861-1865"	"AMERICAN CIVIL WAR"	218	"SELMA"	"1865-04-02"	"1865-04-03"	
572	"U.S. Civil War of 1861-1865"	"AMERICAN CIVIL WAR"	219	"SAYLOR'S CREEK"	"1865-04-06"	"1865-04-06"	
55	"Seven Weeks War of 1866"	"AUSTRO-ITALIAN WAR"	170	"CUSTOZZA II"	"1866-06-24"	"1866-06-24"	
55	"Seven Weeks War of 1866"	"AUSTRO-PRUSSIAN (SEVEN WEEK'S) WAR"	169	"SADOWA (KOENIGGRATZ)"	"1866-07-03"	"1866-07-03"	
58	"Franco-Prussian War of 1870-1871"	"FRANCO-PRUSSIAN WAR"	220	"WEISSENBURG"	"1870-08-04"	"1870-08-04"	
58	"Franco-Prussian War of 1870-1871"	"FRANCO-PRUSSIAN WAR"	222	"SPICHERN"	"1870-08-06"	"1870-08-06"	
58	"Franco-Prussian War of 1870-1871"	"FRANCO-PRUSSIAN WAR"	221	"FROESCHWILLER"	"1870-08-06"	"1870-08-06"	
58	"Franco-Prussian War of 1870-1871"	"FRANCO-PRUSSIAN WAR"	223	"MARS LA TOUR"	"1870-08-16"	"1870-08-16"	
58	"Franco-Prussian War of 1870-1871"	"FRANCO-PRUSSIAN WAR"	224	"GRAVELOTTE-ST. PRIVAT"	"1870-08-18"	"1870-08-18"	
58	"Franco-Prussian War of 1870-1871"	"FRANCO-PRUSSIAN WAR"	225	"SEDAN"	"1870-09-01"	"1870-09-01"	
58	"Franco-Prussian War of 1870-1871"	"FRANCO-PRUSSIAN WAR"	226	"COULMIERS"	"1870-11-09"	"1870-11-09"	
58	"Franco-Prussian War of 1870-1871"	"FRANCO-PRUSSIAN WAR"	227	"ORLEANS"	"1870-12-02"	"1870-12-03"	
58	"Franco-Prussian War of 1870-1871"	"FRANCO-PRUSSIAN WAR"	228	"LE MANS"	"1871-01-11"	"1871-01-12"	
58	"Franco-Prussian War of 1870-1871"	"FRANCO-PRUSSIAN WAR"	229	"BELFORT"	"1871-01-15"	"1871-01-16"	
380	"Second British-Zulu War of 1879"	"ZULU WAR"	230	"ISANDHLWANA"	"1879-01-22"	"1879-01-22"	
380	"Second British-Zulu War of 1879"	"ZULU WAR"	231	"ULUNDI"	"1879-07-04"	"1879-07-04"	
382	"First Boer War of 1880-1881"	"TRANSVAAL REVOLT"	232	"MAJUBA HILL"	"1881-02-27"	"1881-02-27"	
65	"Conquest of Egypt of 1882"	"EGYPT AND THE SUDAN"	233	"TEL EL-KEBIR"	"1882-09-13"	"1882-09-13"	
407	"Second Italian-Ethiopian War of 1895-1896"	"ITALO-ETHIOPIAN WAR"	235	"ADOWA"	"1896-03-01"	"1896-03-02"	
79	"Spanish-American War of 1898"	"SPANISH-AMERICAN WAR"	241	"SAN JUAN HILL AND EL CANEY"	"1898-07-01"	"1898-07-01"	
409	"Second Second British-Mahdi War of 1896-1899"	"EGYPT AND THE SUDAN"	234	"OMDURMAN"	"1898-09-02"	"1898-09-02"	
416	"Second Boer War of 1899-1902"	"BOER WAR"	236	"MODDER RIVER"	"1899-11-28"	"1899-11-28"	
416	"Second Boer War of 1899-1902"	"BOER WAR"	237	"MAGERSFONTEIN"	"1899-12-11"	"1899-12-11"	
416	"Second Boer War of 1899-1902"	"BOER WAR"	238	"COLENSO"	"1899-12-15"	"1899-12-15"	
416	"Second Boer War of 1899-1902"	"BOER WAR"	239	"SPION KOP"	"1900-01-24"	"1900-01-24"	
416	"Second Boer War of 1899-1902"	"BOER WAR"	240	"PAARDEBURG"	"1900-02-18"	"1900-02-18"	
85	"Russo-Japanese War of 1904-1905"	"RUSSO-JAPANESE WAR"	242	"THE YALU"	"1904-04-30"	"1904-05-01"	
85	"Russo-Japanese War of 1904-1905"	"RUSSO-JAPANESE WAR"	243	"TELISSU"	"1904-06-14"	"1904-06-15"	
85	"Russo-Japanese War of 1904-1905"	"RUSSO-JAPANESE WAR"	244	"LIAOYANG"	"1904-08-25"	"1904-08-26"	
85	"Russo-Japanese War of 1904-1905"	"RUSSO-JAPANESE WAR"	245	"THE SHA-HO"	"1904-10-05"	"1904-10-06"	
85	"Russo-Japanese War of 1904-1905"	"RUSSO-JAPANESE WAR"	246	"SANDEPU"	"1905-01-26"	"1905-01-27"	
85	"Russo-Japanese War of 1904-1905"	"RUSSO-JAPANESE WAR"	247	"MUKDEN"	"1905-02-21"	"1905-02-22"	
100	"First Balkan War of 1912-1913"	"THE BALKAN WARS"	248	"KUMANOVO"	"1912-10-23"	"1912-10-24"	
100	"First Balkan War of 1912-1913"	"THE BALKAN WARS"	249	"LULE BURGAS"	"1912-10-28"	"1912-10-29"	
100	"First Balkan War of 1912-1913"	"THE BALKAN WARS"	250	"PRELIP"	"1912-11-01"	"1912-11-02"	
100	"First Balkan War of 1912-1913"	"THE BALKAN WARS"	251	"MONASTIR"	"1912-11-05"	"1912-11-06"	
100	"First Balkan War of 1912-1913"	"THE BALKAN WARS"	252	"ADRIANOPLE"	"1913-03-23"	"1913-03-24"	
106	"World War I of 1914-1918"	"WORLD WAR I (SERBIAN FRONT 1914)"	287	"THE JADAR"	"1914-08-12"	"1914-08-13"	
106	"World War I of 1914-1918"	"WORLD WAR I (WESTERN FRONT 1914)"	262	"ALSACE-LORRAINE I"	"1914-08-15"	"1914-08-16"	
106	"World War I of 1914-1918"	"WORLD WAR I (EASTERN FRONT 1914)"	278	"STALLUPONEN"	"1914-08-17"	"1914-08-17"	
106	"World War I of 1914-1918"	"WORLD WAR I (EASTERN FRONT 1914)"	279	"GUMBINNEN"	"1914-08-20"	"1914-08-20"	
106	"World War I of 1914-1918"	"WORLD WAR I (WESTERN FRONT 1914)"	263	"ALSACE-LORRAINE II"	"1914-08-20"	"1914-08-21"	
106	"World War I of 1914-1918"	"WORLD WAR I (WESTERN FRONT 1914)"	264	"THE ARDENNES"	"1914-08-22"	"1914-08-23"	
106	"World War I of 1914-1918"	"WORLD WAR I (WESTERN FRONT 1914)"	265	"THE SAMBRE"	"1914-08-22"	"1914-08-23"	
106	"World War I of 1914-1918"	"WORLD WAR I (EASTERN FRONT 1914)"	282	"KRASNIK"	"1914-08-23"	"1914-08-24"	
106	"World War I of 1914-1918"	"WORLD WAR I (WESTERN FRONT 1914)"	266	"MONS"	"1914-08-23"	"1914-08-23"	
106	"World War I of 1914-1918"	"WORLD WAR I (EASTERN FRONT 1914)"	280	"TANNENBERG"	"1914-08-26"	"1914-08-27"	
106	"World War I of 1914-1918"	"WORLD WAR I (EASTERN FRONT 1914)"	284	"GNILA LIPA"	"1914-08-26"	"1914-08-27"	
106	"World War I of 1914-1918"	"WORLD WAR I (EASTERN FRONT 1914)"	283	"KOMAROV"	"1914-08-26"	"1914-08-27"	
106	"World War I of 1914-1918"	"WORLD WAR I (WESTERN FRONT 1914)"	267	"LE CATEAU"	"1914-08-26"	"1914-08-26"	
106	"World War I of 1914-1918"	"WORLD WAR I (WESTERN FRONT 1914)"	268	"GUISE"	"1914-08-29"	"1914-08-29"	
106	"World War I of 1914-1918"	"WORLD WAR I (EASTERN FRONT 1914)"	285	"RAVA RUSSKA"	"1914-09-03"	"1914-09-04"	
106	"World War I of 1914-1918"	"WORLD WAR I (WESTERN FRONT 1914)"	269	"HEIGHTS OF NANCY"	"1914-09-03"	"1914-09-04"	
106	"World War I of 1914-1918"	"WORLD WAR I (WESTERN FRONT 1914)"	270	"OURCQ I"	"1914-09-05"	"1914-09-06"	
106	"World War I of 1914-1918"	"WORLD WAR I (WESTERN FRONT 1914)"	271	"OURCQ II"	"1914-09-06"	"1914-09-07"	
106	"World War I of 1914-1918"	"WORLD WAR I (WESTERN FRONT 1914)"	272	"PETIT MORIN"	"1914-09-06"	"1914-09-07"	
106	"World War I of 1914-1918"	"WORLD WAR I (WESTERN FRONT 1914)"	276	"GAP OF REVIGNY"	"1914-09-06"	"1914-09-07"	
106	"World War I of 1914-1918"	"WORLD WAR I (WESTERN FRONT 1914)"	275	"VITRY LE FRANCOIS"	"1914-09-06"	"1914-09-07"	
106	"World War I of 1914-1918"	"WORLD WAR I (WESTERN FRONT 1914)"	273	"TWO MORINS"	"1914-09-06"	"1914-09-07"	
106	"World War I of 1914-1918"	"WORLD WAR I (WESTERN FRONT 1914)"	274	"MARSHES OF ST.GOND"	"1914-09-06"	"1914-09-07"	
106	"World War I of 1914-1918"	"WORLD WAR I (EASTERN FRONT 1914)"	281	"MASURIAN LAKES"	"1914-09-09"	"1914-09-10"	
106	"World War I of 1914-1918"	"WORLD WAR I (WESTERN FRONT 1914)"	277	"THE AISNE"	"1914-09-13"	"1914-09-14"	
106	"World War I of 1914-1918"	"WORLD WAR I (EASTERN FRONT 1914)"	286	"LODZ"	"1914-11-12"	"1914-11-13"	
106	"World War I of 1914-1918"	"WORLD WAR I (SERBIAN FRONT 1914)"	288	"THE KOLUBRA"	"1914-12-03"	"1914-12-04"	
106	"World War I of 1914-1918"	"WORLD WAR I"	294	"WINTER BATTLE (MASURIA)"	"1915-02-07"	"1915-02-08"	
106	"World War I of 1914-1918"	"WORLD WAR I"	289	"EASTERN CHAMPAGNE"	"1915-02-15"	"1915-02-16"	
106	"World War I of 1914-1918"	"WORLD WAR I"	290	"NEUVE CHAPELLE"	"1915-03-10"	"1915-03-13"	
106	"World War I of 1914-1918"	"WORLD WAR I"	291	"YPRES II"	"1915-04-22"	"1915-04-23"	
106	"World War I of 1914-1918"	"WORLD WAR I (TURKISH FRONTS 1915)"	300	"FIRST DARDANELLES LANDING"	"1915-04-25"	"1915-04-25"	
106	"World War I of 1914-1918"	"WORLD WAR I"	295	"GOLICE-TARNOW (OPENING PHASE)"	"1915-05-02"	"1915-05-03"	
106	"World War I of 1914-1918"	"WORLD WAR I"	292	"FESTUBERT"	"1915-05-16"	"1915-05-17"	
106	"World War I of 1914-1918"	"WORLD WAR I (ITALIAN FRONT 1915)"	296	"FIRST ISONZO"	"1915-06-23"	"1915-06-24"	
106	"World War I of 1914-1918"	"WORLD WAR I (ITALIAN FRONT 1915)"	297	"SECOND ISONZO"	"1915-07-18"	"1915-07-19"	
106	"World War I of 1914-1918"	"WORLD WAR I (TURKISH FRONTS 1915)"	301	"SUVLA BAY"	"1915-08-07"	"1915-08-08"	
106	"World War I of 1914-1918"	"WORLD WAR I"	293	"LOOS"	"1915-09-25"	"1915-09-26"	
106	"World War I of 1914-1918"	"WORLD WAR I (TURKISH FRONTS 1915)"	302	"KUT-EL-AMARA"	"1915-09-27"	"1915-09-28"	
106	"World War I of 1914-1918"	"WORLD WAR I (ITALIAN FRONT 1915)"	298	"THIRD ISONZO"	"1915-10-18"	"1915-10-19"	
106	"World War I of 1914-1918"	"WORLD WAR I (ITALIAN FRONT 1915)"	299	"FOURTH ISONZO"	"1915-11-10"	"1915-11-11"	
106	"World War I of 1914-1918"	"WORLD WAR I (TURKISH FRONTS 1915)"	303	"CTESIPHON"	"1915-11-22"	"1915-11-23"	
106	"World War I of 1914-1918"	"WORLD WAR I"	309	"CAUCASUS WINTER OFFENSIVE"	"1916-01-10"	"1916-01-11"	
106	"World War I of 1914-1918"	"WORLD WAR I"	312	"FIFTH ISONZO"	"1916-03-11"	"1916-03-12"	
106	"World War I of 1914-1918"	"WORLD WAR I"	310	"LAKE NAROTCH"	"1916-03-18"	"1916-03-19"	
106	"World War I of 1914-1918"	"WORLD WAR I"	313	"ASIAGO"	"1916-05-15"	"1916-05-16"	
106	"World War I of 1914-1918"	"WORLD WAR I"	311	"1916 BRUSILOV OFFENSIVE"	"1916-06-04"	"1916-06-05"	
106	"World War I of 1914-1918"	"WORLD WAR I"	314	"TRENTINO COUNTER-OFFENSIVE"	"1916-06-16"	"1916-06-17"	
106	"World War I of 1914-1918"	"WORLD WAR I"	305	"SOMME-FOURTH ARMY ATTACK"	"1916-07-01"	"1916-07-01"	
106	"World War I of 1914-1918"	"WORLD WAR I"	304	"FIRST SOMME"	"1916-07-01"	"1916-07-02"	
106	"World War I of 1914-1918"	"WORLD WAR I"	306	"SOMME-OVILLERS"	"1916-07-01"	"1916-07-01"	
106	"World War I of 1914-1918"	"WORLD WAR I"	307	"SOMME-BAZENTIN RIDGE"	"1916-07-14"	"1916-07-14"	
106	"World War I of 1914-1918"	"WORLD WAR I"	315	"SIXTH ISONZO (GORIZIA)"	"1916-08-06"	"1916-08-07"	
106	"World War I of 1914-1918"	"WORLD WAR I"	308	"SOMME-FLERS-COURCELETTE"	"1916-09-15"	"1916-09-15"	
106	"World War I of 1914-1918"	"WORLD WAR I (TURKISH FRONTS 1917)"	325	"TIGRIS CROSSING"	"1917-02-22"	"1917-02-24"	
106	"World War I of 1914-1918"	"WORLD WAR I (TURKISH FRONTS 1917)"	326	"GAZA I"	"1917-03-26"	"1917-03-27"	
106	"World War I of 1914-1918"	"WORLD WAR I"	316	"ARRAS"	"1917-04-09"	"1917-04-10"	
106	"World War I of 1914-1918"	"WORLD WAR I"	317	"AISNE II"	"1917-04-16"	"1917-04-17"	
106	"World War I of 1914-1918"	"WORLD WAR I (TURKISH FRONTS 1917)"	327	"GAZA II"	"1917-04-17"	"1917-04-19"	
106	"World War I of 1914-1918"	"WORLD WAR I"	322	"TENTH ISONZO"	"1917-05-12"	"1917-05-13"	
106	"World War I of 1914-1918"	"WORLD WAR I"	318	"MESSINES"	"1917-06-07"	"1917-06-08"	
106	"World War I of 1914-1918"	"WORLD WAR I"	319	"YPRES III"	"1917-07-31"	"1917-08-01"	
106	"World War I of 1914-1918"	"WORLD WAR I"	323	"ELEVENTH ISONZO"	"1917-08-18"	"1917-08-19"	
106	"World War I of 1914-1918"	"WORLD WAR I"	324	"CAPORETTO (TWELFTH ISONZO)"	"1917-10-24"	"1917-10-25"	
106	"World War I of 1914-1918"	"WORLD WAR I (TURKISH FRONTS 1917)"	328	"GAZA III"	"1917-10-31"	"1917-11-01"	
106	"World War I of 1914-1918"	"WORLD WAR I (TURKISH FRONTS 1917)"	329	"JUNCTION STATION"	"1917-11-13"	"1917-11-14"	
106	"World War I of 1914-1918"	"WORLD WAR I"	320	"CAMBRAI I"	"1917-11-20"	"1917-11-21"	
106	"World War I of 1914-1918"	"WORLD WAR I"	321	"CAMBRAI II"	"1917-11-30"	"1917-12-01"	
106	"World War I of 1914-1918"	"WORLD WAR I (WESTERN FRONT 1918)"	330	"SECOND SOMME-PHASE I (SOMME-PERONNE)"	"1918-03-21"	"1918-03-22"	
106	"World War I of 1914-1918"	"WORLD WAR I (WESTERN FRONT 1918)"	331	"SECOND SOMME-PHASE II (SOMME-MONTDIDIER)"	"1918-03-27"	"1918-03-28"	
106	"World War I of 1914-1918"	"WORLD WAR I (WESTERN FRONT 1918)"	332	"LYS"	"1918-04-09"	"1918-04-10"	
106	"World War I of 1914-1918"	"WORLD WAR I (WESTERN FRONT 1918)"	333	"YVONNE & ODETTE POSITIONS (SECTOR TOULON)"	"1918-04-14"	"1918-04-14"	
106	"World War I of 1914-1918"	"WORLD WAR I (WESTERN FRONT 1918)"	334	"CHEMIN-DES-DAMES"	"1918-05-27"	"1918-05-28"	
106	"World War I of 1914-1918"	"WORLD WAR I (WESTERN FRONT 1918)"	335	"CANTIGNY"	"1918-05-28"	"1918-05-28"	
106	"World War I of 1914-1918"	"WORLD WAR I (WESTERN FRONT 1918)"	336	"BELLEAU WOOD"	"1918-06-06"	"1918-06-06"	
106	"World War I of 1914-1918"	"WORLD WAR I (WESTERN FRONT 1918)"	337	"HILL 142"	"1918-06-06"	"1918-06-06"	
106	"World War I of 1914-1918"	"WORLD WAR I (WESTERN FRONT 1918)"	339	"BOURESCHES I"	"1918-06-06"	"1918-06-06"	
106	"World War I of 1914-1918"	"WORLD WAR I (WESTERN FRONT 1918)"	338	"WEST WOOD I"	"1918-06-06"	"1918-06-06"	
106	"World War I of 1914-1918"	"WORLD WAR I (WESTERN FRONT 1918)"	340	"HILL 192"	"1918-06-06"	"1918-06-06"	
106	"World War I of 1914-1918"	"WORLD WAR I (WESTERN FRONT 1918)"	350	"NOYON-MONTDIDIER"	"1918-06-09"	"1918-06-10"	
106	"World War I of 1914-1918"	"WORLD WAR I (WESTERN FRONT 1918)"	341	"WEST WOOD II"	"1918-06-11"	"1918-06-11"	
106	"World War I of 1914-1918"	"WORLD WAR I (WESTERN FRONT 1918)"	342	"NORTH WOOD I (HUNTING LODGE)"	"1918-06-12"	"1918-06-12"	
106	"World War I of 1914-1918"	"WORLD WAR I (WESTERN FRONT 1918)"	343	"BOURESCHES II"	"1918-06-13"	"1918-06-13"	
106	"World War I of 1914-1918"	"WORLD WAR I"	384	"THE PIAVE"	"1918-06-15"	"1918-06-16"	
106	"World War I of 1914-1918"	"WORLD WAR I (WESTERN FRONT 1918)"	344	"NORTH WOOD II"	"1918-06-21"	"1918-06-21"	
106	"World War I of 1914-1918"	"WORLD WAR I (WESTERN FRONT 1918)"	345	"NORTH WOOD III"	"1918-06-23"	"1918-06-23"	
106	"World War I of 1914-1918"	"WORLD WAR I (WESTERN FRONT 1918)"	346	"NORTH WOOD IV (FINAL ASSAULT)"	"1918-06-25"	"1918-06-25"	
106	"World War I of 1914-1918"	"WORLD WAR I (WESTERN FRONT 1918)"	348	"LA ROCHE WOOD EAST"	"1918-07-01"	"1918-07-01"	
106	"World War I of 1914-1918"	"WORLD WAR I (WESTERN FRONT 1918)"	349	"LA ROCHE WOOD WEST"	"1918-07-01"	"1918-07-01"	
106	"World War I of 1914-1918"	"WORLD WAR I (WESTERN FRONT 1918)"	347	"VAUX"	"1918-07-01"	"1918-07-01"	
106	"World War I of 1914-1918"	"WORLD WAR I (WESTERN FRONT 1918)"	351	"CHAMPAGNE-MARNE"	"1918-07-15"	"1918-07-16"	
106	"World War I of 1914-1918"	"WORLD WAR I (WESTERN FRONT 1918)"	353	"MISSY AUX BOIS RAVINE"	"1918-07-18"	"1918-07-18"	
106	"World War I of 1914-1918"	"WORLD WAR I (WESTERN FRONT 1918)"	355	"ST. AMAND FARM"	"1918-07-18"	"1918-07-18"	
106	"World War I of 1914-1918"	"WORLD WAR I (WESTERN FRONT 1918)"	354	"BREUIL"	"1918-07-18"	"1918-07-18"	
106	"World War I of 1914-1918"	"WORLD WAR I (WESTERN FRONT 1918)"	356	"BEAUREPAIRE FARM"	"1918-07-18"	"1918-07-18"	
106	"World War I of 1914-1918"	"WORLD WAR I (WESTERN FRONT 1918)"	357	"CRAVANCON FERME-CHAUDUN"	"1918-07-18"	"1918-07-18"	
106	"World War I of 1914-1918"	"WORLD WAR I (WESTERN FRONT 1918)"	352	"AISNE-MARNE I"	"1918-07-18"	"1918-07-19"	
106	"World War I of 1914-1918"	"WORLD WAR I (WESTERN FRONT 1918)"	358	"CHAUDUN"	"1918-07-18"	"1918-07-18"	
106	"World War I of 1914-1918"	"WORLD WAR I (WESTERN FRONT 1918)"	359	"AISNE-MARNE II"	"1918-07-20"	"1918-07-21"	
106	"World War I of 1914-1918"	"WORLD WAR I (WESTERN FRONT 1918)"	360	"BERZY LE SEC"	"1918-07-21"	"1918-07-21"	
106	"World War I of 1914-1918"	"WORLD WAR I (WESTERN FRONT 1918)"	361	"BUZANCY RIDGE"	"1918-07-21"	"1918-07-22"	
106	"World War I of 1914-1918"	"WORLD WAR I (WESTERN FRONT 1918)"	362	"PICARDY 1918"	" I"	"1918-08-08"	"1918-08-09"
106	"World War I of 1914-1918"	"WORLD WAR I (WESTERN FRONT 1918)"	363	"PICARDY 1918"	" II"	"1918-08-21"	"1918-08-22"
106	"World War I of 1914-1918"	"WORLD WAR I (WESTERN FRONT 1918)"	365	"LAHAYVILLE-BOIS DE LAMARCHE"	"1918-09-12"	"1918-09-12"	
106	"World War I of 1914-1918"	"WORLD WAR I (WESTERN FRONT 1918)"	364	"ST. MIHIEL"	"1918-09-12"	"1918-09-13"	
106	"World War I of 1914-1918"	"WORLD WAR I"	385	"MEGIDDO"	"1918-09-19"	"1918-09-20"	
106	"World War I of 1914-1918"	"WORLD WAR I (WESTERN FRONT 1918)"	366	"MEUSE-ARGONNE I"	"1918-09-26"	"1918-09-27"	
106	"World War I of 1914-1918"	"WORLD WAR I (WESTERN FRONT 1918)"	367	"BLANC MONT I"	"1918-10-03"	"1918-10-04"	
106	"World War I of 1914-1918"	"WORLD WAR I (WESTERN FRONT 1918)"	368	"MEDEAH FARM"	"1918-10-03"	"1918-10-03"	
106	"World War I of 1914-1918"	"WORLD WAR I (WESTERN FRONT 1918)"	371	"SOMMEPY WOOD"	"1918-10-03"	"1918-10-03"	
106	"World War I of 1914-1918"	"WORLD WAR I (WESTERN FRONT 1918)"	370	"BLANC MONT RIDGE"	"1918-10-03"	"1918-10-03"	
106	"World War I of 1914-1918"	"WORLD WAR I (WESTERN FRONT 1918)"	369	"ESSEN HOOK"	"1918-10-03"	"1918-10-04"	
106	"World War I of 1914-1918"	"WORLD WAR I (WESTERN FRONT 1918)"	373	"MEUSE-ARGONNE II"	"1918-10-04"	"1918-10-05"	
106	"World War I of 1914-1918"	"WORLD WAR I (WESTERN FRONT 1918)"	374	"EXERMONT-MONTREFAGNE"	"1918-10-04"	"1918-10-04"	
106	"World War I of 1914-1918"	"WORLD WAR I (WESTERN FRONT 1918)"	375	"MAYACHE RAVINE"	"1918-10-04"	"1918-10-04"	
106	"World War I of 1914-1918"	"WORLD WAR I (WESTERN FRONT 1918)"	377	"FERME DES GRANGES-FLEVILLE"	"1918-10-04"	"1918-10-04"	
106	"World War I of 1914-1918"	"WORLD WAR I (WESTERN FRONT 1918)"	376	"LA NEUVILLE LE COMTE FERME"	"1918-10-04"	"1918-10-05"	
106	"World War I of 1914-1918"	"WORLD WAR I (WESTERN FRONT 1918)"	379	"BOIS DE BOYON-MONTREFAGNE"	"1918-10-05"	"1918-10-06"	
106	"World War I of 1914-1918"	"WORLD WAR I (WESTERN FRONT 1918)"	378	"HILL 212"	"1918-10-05"	"1918-10-05"	
106	"World War I of 1914-1918"	"WORLD WAR I (WESTERN FRONT 1918)"	372	"BLANC MONT II"	"1918-10-08"	"1918-10-09"	
106	"World War I of 1914-1918"	"WORLD WAR I (WESTERN FRONT 1918)"	380	"HILL 272"	"1918-10-09"	"1918-10-09"	
106	"World War I of 1914-1918"	"WORLD WAR I (WESTERN FRONT 1918)"	381	"MEUSE-ARGONNE III"	"1918-11-01"	"1918-11-02"	
106	"World War I of 1914-1918"	"WORLD WAR I (WESTERN FRONT 1918)"	383	"HILL 252-PONT MAUGIS"	"1918-11-07"	"1918-11-07"	
106	"World War I of 1914-1918"	"WORLD WAR I (WESTERN FRONT 1918)"	382	"REMILLY-AILLICOURT"	"1918-11-07"	"1918-11-07"	
117	"Lithuanian-Polish War of 1920"	"RUSSO-POLISH WAR (1920)"	253	"WARSAW"	"1920-08-14"	"1920-08-15"	
117	"Lithuanian-Polish War of 1920"	"RUSSO-POLISH WAR (1920)"	254	"THE NIEMAN"	"1920-09-23"	"1920-09-24"	
718	"Spanish Civil War of 1936-1939"	"THE SPANISH CIVIL WAR"	255	"GUADALAJARA-BRIHUEGA"	"1937-03-11"	"1937-03-12"	
133	"Changkufeng War of 1938"	"THE MANCHURIAN INCIDENT (1938-1939)"	256	"CHANGKUFENG-SHACHAOFENG"	"1938-07-31"	"1938-07-31"	
133	"Changkufeng War of 1938"	"THE MANCHURIAN INCIDENT (1938-1939)"	257	"HILL 52-SHACHAOFENG"	"1938-08-02"	"1938-08-03"	
133	"Changkufeng War of 1938"	"THE MANCHURIAN INCIDENT (1938-1939)"	258	"CHANGKUFENG-HILL 52"	"1938-08-06"	"1938-08-07"	
136	"Nomonhan War of 1939"	"THE MANCHURIAN INCIDENT (1938-1939)"	259	"NOMONHAN-OPENING ENGAGEMENT"	"1939-05-28"	"1939-05-29"	
136	"Nomonhan War of 1939"	"THE MANCHURIAN INCIDENT (1938-1939)"	260	"NOMONHAN-SOVIET COUNTEROFFENSIVE"	"1939-08-20"	"1939-08-21"	
142	"Russo-Finnish War of 1939-1940"	"RUSSO-FINISH WAR (1939-1940)"	261	"SUOMUSSALMI"	"1939-12-11"	"1939-12-12"	
139	"World War II of 1939-1945"	"WORLD WAR II"	657	"ARDENNES"	"1940-05-10"	"1940-05-11"	
139	"World War II of 1939-1945"	"WORLD WAR II"	486	"SEDAN-MEUSE RIVER"	"1940-05-13"	"1940-05-14"	
139	"World War II of 1939-1945"	"WORLD WAR II"	658	"CAMBRAI"	"1940-05-13"	"1940-05-14"	
139	"World War II of 1939-1945"	"WORLD WAR II"	659	"ARRAS"	"1940-05-21"	"1940-05-22"	
139	"World War II of 1939-1945"	"WORLD WAR II"	660	"BOOS"	"1940-06-01"	"1940-06-02"	
139	"World War II of 1939-1945"	"WORLD WAR II (EASTERN FRONT)"	488	"ROVNO"	"1941-06-22"	"1941-06-23"	
139	"World War II of 1939-1945"	"WORLD WAR II (EASTERN FRONT)"	489	"DEFENSE OF MOSCOW"	"1941-09-30"	"1941-10-01"	
139	"World War II of 1939-1945"	"WORLD WAR II (EASTERN FRONT)"	490	"MOSCOW COUNTEROFFENSIVE"	"1941-12-05"	"1941-12-06"	
139	"World War II of 1939-1945"	"WORLD WAR II"	487	"JITRA"	"1941-12-12"	"1941-12-12"	
139	"World War II of 1939-1945"	"WORLD WAR II (EASTERN FRONT)"	491	"POGORELOYE GORODISHCHE"	"1942-08-04"	"1942-08-11"	
139	"World War II of 1939-1945"	"WORLD WAR II (NORTH AFRICA 1942-1943)"	386	"ALAM HALFA"	"1942-08-31"	"1942-09-02"	
139	"World War II of 1939-1945"	"WORLD WAR II (NORTH AFRICA 1942-1943)"	387	"EL ALAMEIN II"	"1942-10-23"	"1942-10-24"	
139	"World War II of 1939-1945"	"WORLD WAR II (NORTH AFRICA 1942-1943)"	388	"OPERATION LIGHTFOOT"	"1942-10-23"	"1942-10-24"	
139	"World War II of 1939-1945"	"WORLD WAR II (NORTH AFRICA 1942-1943)"	389	"ALAMEIN BRIDGEHEAD EXPANSION"	"1942-10-26"	"1942-10-27"	
139	"World War II of 1939-1945"	"WORLD WAR II (NORTH AFRICA 1942-1943)"	390	"OPERATION SUPERCHARGE"	"1942-11-02"	"1942-11-03"	
139	"World War II of 1939-1945"	"WORLD WAR II (NORTH AFRICA 1942-1943)"	391	"CHOUIGUI PASS"	"1942-11-26"	"1942-11-26"	
139	"World War II of 1939-1945"	"WORLD WAR II (EASTERN FRONT)"	492	"LENINGRAD (OPERATION SPARK)"	"1943-01-12"	"1943-01-13"	
139	"World War II of 1939-1945"	"WORLD WAR II"	602	"SIDI BOU ZID I"	"1943-02-14"	"1943-02-15"	
139	"World War II of 1939-1945"	"WORLD WAR II"	603	"SIDI BOU ZID II"	"1943-02-15"	"1943-02-16"	
139	"World War II of 1939-1945"	"WORLD WAR II"	604	"KASSERINE PASS"	"1943-02-19"	"1943-02-20"	
139	"World War II of 1939-1945"	"WORLD WAR II (NORTH AFRICA 1942-1943)"	392	"EL GUETTAR"	"1943-03-23"	"1943-03-23"	
139	"World War II of 1939-1945"	"WORLD WAR II (NORTH AFRICA 1942-1943)"	393	"SEDJANNE-BIZERTE"	"1943-04-23"	"1943-04-24"	
139	"World War II of 1939-1945"	"WORLD WAR II (EASTERN FRONT)"	493	"OBOYAN-KURSK (PHASE I)"	"1943-07-04"	"1943-07-05"	
139	"World War II of 1939-1945"	"WORLD WAR II (EASTERN FRONT)"	494	"OPERATION CITADEL (SOUTHERN SECTOR)"	"1943-07-05"	"1943-07-06"	
139	"World War II of 1939-1945"	"WORLD WAR II (EASTERN FRONT)"	495	"OBOYAN-KURSK (PHASE II)"	"1943-07-07"	"1943-07-08"	
139	"World War II of 1939-1945"	"WORLD WAR II (EASTERN FRONT)"	496	"OBOYAN-KURSK (PHASE III)"	"1943-07-11"	"1943-07-12"	
139	"World War II of 1939-1945"	"WORLD WAR II (EASTERN FRONT)"	497	"PROKHOROVKA"	"1943-07-12"	"1943-07-13"	
139	"World War II of 1939-1945"	"WORLD WAR II (EASTERN FRONT)"	499	"BELGOROD"	"1943-08-03"	"1943-08-04"	
139	"World War II of 1939-1945"	"WORLD WAR II (EASTERN FRONT)"	498	"KURSK COUNTEROFFENSIVE (SOUTHERN SECTOR)"	"1943-08-03"	"1943-08-04"	
139	"World War II of 1939-1945"	"WORLD WAR II (ITALY 1943-1944)"	395	"PORT OF SALERNO"	"1943-09-09"	"1943-09-10"	
139	"World War II of 1939-1945"	"WORLD WAR II (ITALY 1943-1944)"	394	"AMPHITHEATER"	"1943-09-09"	"1943-09-10"	
139	"World War II of 1939-1945"	"WORLD WAR II (ITALY 1943-1944)"	396	"SELE-CALORE CORRIDOR"	"1943-09-11"	"1943-09-11"	
139	"World War II of 1939-1945"	"WORLD WAR II (ITALY 1943-1944)"	397	"BATTIPAGLIA I"	"1943-09-12"	"1943-09-13"	
139	"World War II of 1939-1945"	"WORLD WAR II (ITALY 1943-1944)"	398	"VIETRI"	"1943-09-12"	"1943-09-13"	
139	"World War II of 1939-1945"	"WORLD WAR II (ITALY 1943-1944)"	399	"TOBACCO FACTORY"	"1943-09-13"	"1943-09-14"	
139	"World War II of 1939-1945"	"WORLD WAR II (ITALY 1943-1944)"	401	"EBOLI"	"1943-09-17"	"1943-09-18"	
139	"World War II of 1939-1945"	"WORLD WAR II (ITALY 1943-1944)"	400	"BATTIPAGLIA II"	"1943-09-17"	"1943-09-18"	
139	"World War II of 1939-1945"	"WORLD WAR II (ITALY 1943-1944)"	402	"VIETRI II"	"1943-09-17"	"1943-09-18"	
139	"World War II of 1939-1945"	"WORLD WAR II (EASTERN FRONT)"	500	"MELITOPOL"	"1943-09-26"	"1943-09-27"	
139	"World War II of 1939-1945"	"WORLD WAR II (ITALY 1943-1944)"	403	"GRAZZANISE"	"1943-10-12"	"1943-10-13"	
139	"World War II of 1939-1945"	"WORLD WAR II (ITALY 1943-1944)"	407	"MONTE ACERO"	"1943-10-13"	"1943-10-14"	
139	"World War II of 1939-1945"	"WORLD WAR II (ITALY 1943-1944)"	408	"TRIFLISCO"	"1943-10-13"	"1943-10-14"	
139	"World War II of 1939-1945"	"WORLD WAR II (ITALY 1943-1944)"	406	"CASTEL VOLTURNO"	"1943-10-13"	"1943-10-14"	
139	"World War II of 1939-1945"	"WORLD WAR II (ITALY 1943-1944)"	404	"CAIAZZO"	"1943-10-13"	"1943-10-14"	
139	"World War II of 1939-1945"	"WORLD WAR II (ITALY 1943-1944)"	405	"CAPUA"	"1943-10-13"	"1943-10-14"	
139	"World War II of 1939-1945"	"WORLD WAR II (ITALY 1943-1944)"	409	"DRAGONI"	"1943-10-15"	"1943-10-16"	
139	"World War II of 1939-1945"	"WORLD WAR II (ITALY 1943-1944)"	411	"MONTE GRANDE (VOLTURNO)"	"1943-10-16"	"1943-10-17"	
139	"World War II of 1939-1945"	"WORLD WAR II (ITALY 1943-1944)"	410	"CANAL I"	"1943-10-17"	"1943-10-18"	
139	"World War II of 1939-1945"	"WORLD WAR II (ITALY 1943-1944)"	412	"CANAL II"	"1943-10-18"	"1943-10-19"	
139	"World War II of 1939-1945"	"WORLD WAR II (ITALY 1943-1944)"	413	"FRANCOLISE"	"1943-10-20"	"1943-10-21"	
139	"World War II of 1939-1945"	"WORLD WAR II (ITALY 1943-1944)"	414	"SANTA MARIA OLIVETO"	"1943-11-04"	"1943-11-05"	
139	"World War II of 1939-1945"	"WORLD WAR II (ITALY 1943-1944)"	415	"MONTE CAMINO I"	"1943-11-05"	"1943-11-06"	
139	"World War II of 1939-1945"	"WORLD WAR II (ITALY 1943-1944)"	416	"MONTE LUNGO"	"1943-11-06"	"1943-11-07"	
139	"World War II of 1939-1945"	"WORLD WAR II (ITALY 1943-1944)"	417	"POZZILLI"	"1943-11-06"	"1943-11-07"	
139	"World War II of 1939-1945"	"WORLD WAR II (ITALY 1943-1944)"	418	"MONTE CAMINO II"	"1943-11-08"	"1943-11-09"	
139	"World War II of 1939-1945"	"WORLD WAR II (ITALY 1943-1944)"	419	"MONTE ROTONDO"	"1943-11-08"	"1943-11-09"	
139	"World War II of 1939-1945"	"WORLD WAR II (PACIFIC,  1943-1945)"	517	"TARAWA-BETIO"	"1943-11-20"	"1943-11-23"	
139	"World War II of 1939-1945"	"WORLD WAR II (ITALY 1943-1944)"	420	"CALABRITTO"	"1943-12-01"	"1943-12-02"	
139	"World War II of 1939-1945"	"WORLD WAR II (ITALY 1943-1944)"	421	"MONTE CAMINO III"	"1943-12-02"	"1943-12-02"	
139	"World War II of 1939-1945"	"WORLD WAR II (ITALY 1943-1944)"	422	"MONTE MAGGIORE"	"1943-12-02"	"1943-12-02"	
139	"World War II of 1939-1945"	"WORLD WAR II"	605	"RAPIDO NORTH I"	"1944-01-20"	"1944-01-21"	
139	"World War II of 1939-1945"	"WORLD WAR II"	607	"RAPIDO SOUTH I"	"1944-01-20"	"1944-01-21"	
139	"World War II of 1939-1945"	"WORLD WAR II"	608	"RAPIDO SOUTH II"	"1944-01-21"	"1944-01-22"	
139	"World War II of 1939-1945"	"WORLD WAR II"	606	"RAPIDO NORTH II"	"1944-01-21"	"1944-01-22"	
139	"World War II of 1939-1945"	"WORLD WAR II (EASTERN FRONT)"	501	"KORSUN-SCHEVCHENKOVSKIY"	"1944-01-24"	"1944-01-25"	
139	"World War II of 1939-1945"	"WORLD WAR II (ITALY 1943-1944)"	423	"APRILIA I"	"1944-01-25"	"1944-01-26"	
139	"World War II of 1939-1945"	"WORLD WAR II (ITALY 1943-1944)"	424	"THE FACTORY"	"1944-01-27"	"1944-01-28"	
139	"World War II of 1939-1945"	"WORLD WAR II (ITALY 1943-1944)"	425	"CAMPOLEONE"	"1944-01-29"	"1944-01-31"	
139	"World War II of 1939-1945"	"WORLD WAR II (EASTERN FRONT)"	502	"NIKOPOL BRIDGEHEAD"	"1944-01-31"	"1944-02-01"	
139	"World War II of 1939-1945"	"WORLD WAR II (ITALY 1943-1944)"	426	"CAMPOLEONE COUNTERATTACK"	"1944-02-03"	"1944-02-04"	
139	"World War II of 1939-1945"	"WORLD WAR II (ITALY 1943-1944)"	428	"MOLETTA RIVER DEFENSE"	"1944-02-07"	"1944-02-08"	
139	"World War II of 1939-1945"	"WORLD WAR II (ITALY 1943-1944)"	427	"CARROCETO"	"1944-02-07"	"1944-02-07"	
139	"World War II of 1939-1945"	"WORLD WAR II (ITALY 1943-1944)"	429	"APRILIA II"	"1944-02-09"	"1944-02-09"	
139	"World War II of 1939-1945"	"WORLD WAR II (ITALY 1943-1944)"	430	"FACTORY COUNTERATTACK"	"1944-02-11"	"1944-02-12"	
139	"World War II of 1939-1945"	"WORLD WAR II (ITALY 1943-1944)"	431	"BOWLING ALLEY"	"1944-02-16"	"1944-02-19"	
139	"World War II of 1939-1945"	"WORLD WAR II (ITALY 1943-1944)"	610	"BOWLING ALLEY II"	"1944-02-16"	"1944-02-17"	
139	"World War II of 1939-1945"	"WORLD WAR II (ITALY 1943-1944)"	609	"BOWLING ALLEY I"	"1944-02-16"	"1944-02-17"	
139	"World War II of 1939-1945"	"WORLD WAR II (ITALY 1943-1944)"	611	"BOWLING ALLEY III"	"1944-02-16"	"1944-02-17"	
139	"World War II of 1939-1945"	"WORLD WAR II (ITALY 1943-1944)"	432	"MOLETTA RIVER II"	"1944-02-16"	"1944-02-17"	
139	"World War II of 1939-1945"	"WORLD WAR II (ITALY 1943-1944)"	433	"FIOCCIA"	"1944-02-21"	"1944-02-22"	
139	"World War II of 1939-1945"	"WORLD WAR II"	637	"TARGUL FRUMOS"	"1944-05-01"	"1944-05-02"	
139	"World War II of 1939-1945"	"WORLD WAR II"	644	"TARTO-TIBER"	"1944-05-03"	"1944-05-04"	
139	"World War II of 1939-1945"	"WORLD WAR II (EASTERN FRONT)"	503	"SEVASTOPOL"	"1944-05-05"	"1944-05-06"	
139	"World War II of 1939-1945"	"WORLD WAR II (ITALY 1944)"	434	"SANTA MARIA INFANTE"	"1944-05-11"	"1944-05-13"	
139	"World War II of 1939-1945"	"WORLD WAR II (ITALY 1944)"	435	"SAN MARTINO"	"1944-05-12"	"1944-05-13"	
139	"World War II of 1939-1945"	"WORLD WAR II (ITALY 1944)"	437	"SPIGNO"	"1944-05-14"	"1944-05-15"	
139	"World War II of 1939-1945"	"WORLD WAR II (ITALY 1944)"	436	"CASTELLONORATO"	"1944-05-14"	"1944-05-15"	
139	"World War II of 1939-1945"	"WORLD WAR II (ITALY 1944)"	438	"FORMIA"	"1944-05-16"	"1944-05-17"	
139	"World War II of 1939-1945"	"WORLD WAR II (ITALY 1944)"	439	"MONTE GRANDE (ROME)"	"1944-05-17"	"1944-05-17"	
139	"World War II of 1939-1945"	"WORLD WAR II (ITALY 1944)"	440	"ITRI-FONDI"	"1944-05-20"	"1944-05-21"	
139	"World War II of 1939-1945"	"WORLD WAR II (ITALY 1944)"	441	"TERRACINA"	"1944-05-22"	"1944-05-23"	
139	"World War II of 1939-1945"	"WORLD WAR II (ITALY 1944)"	443	"ANZIO-ALBANO ROAD"	"1944-05-23"	"1944-05-24"	
139	"World War II of 1939-1945"	"WORLD WAR II (ITALY 1944)"	444	"ANZIO BREAKOUT"	"1944-05-23"	"1944-05-25"	
139	"World War II of 1939-1945"	"WORLD WAR II (ITALY 1944)"	442	"MOLETTA OFFENSIVE"	"1944-05-23"	"1944-05-23"	
139	"World War II of 1939-1945"	"WORLD WAR II (ITALY 1944)"	445	"CISTERNA"	"1944-05-23"	"1944-05-25"	
139	"World War II of 1939-1945"	"WORLD WAR II (ITALY 1944)"	446	"SEZZE"	"1944-05-25"	"1944-05-26"	
139	"World War II of 1939-1945"	"WORLD WAR II (ITALY 1944)"	448	"CAMPOLEONE"	"1944-05-26"	"1944-05-27"	
139	"World War II of 1939-1945"	"WORLD WAR II (ITALY 1944)"	447	"VELLETRI"	"1944-05-26"	"1944-05-26"	
139	"World War II of 1939-1945"	"WORLD WAR II (ITALY 1944)"	449	"VILLA CROCETTA"	"1944-05-27"	"1944-05-28"	
139	"World War II of 1939-1945"	"WORLD WAR II (ITALY 1944)"	450	"ARDEA"	"1944-05-28"	"1944-05-29"	
139	"World War II of 1939-1945"	"WORLD WAR II (ITALY 1944)"	452	"LANUVIO"	"1944-05-29"	"1944-05-30"	
139	"World War II of 1939-1945"	"WORLD WAR II (ITALY 1944)"	451	"FOSSO DI CAMPOLEONE"	"1944-05-29"	"1944-05-30"	
139	"World War II of 1939-1945"	"WORLD WAR II (ITALY 1944)"	455	"VALMONTONE"	"1944-06-01"	"1944-06-02"	
139	"World War II of 1939-1945"	"WORLD WAR II (ITALY 1944)"	454	"VIA ANZIATE"	"1944-06-01"	"1944-06-02"	
139	"World War II of 1939-1945"	"WORLD WAR II (ITALY 1944)"	453	"LARIANO"	"1944-06-01"	"1944-06-02"	
139	"World War II of 1939-1945"	"WORLD WAR II (ITALY 1944)"	456	"TARTO-TIBER"	"1944-06-03"	"1944-06-04"	
139	"World War II of 1939-1945"	"WORLD WAR II (EASTERN FRONT)"	504	"BEREZINA RIVER"	"1944-06-25"	"1944-06-26"	
139	"World War II of 1939-1945"	"WORLD WAR II (EUROPEAN THEATER)"	458	"ST. LO"	"1944-07-11"	"1944-07-12"	
139	"World War II of 1939-1945"	"WORLD WAR II (EASTERN FRONT)"	505	"LVOV-SANDOMIERZ"	"1944-07-13"	"1944-07-14"	
139	"World War II of 1939-1945"	"WORLD WAR II (EASTERN FRONT)"	506	"BRODY (PHASE I)"	"1944-07-14"	"1944-07-14"	
139	"World War II of 1939-1945"	"WORLD WAR II (EASTERN FRONT)"	507	"BRODY (PHASE II)"	"1944-07-15"	"1944-07-15"	
139	"World War II of 1939-1945"	"WORLD WAR II (EUROPEAN THEATER)"	459	"OPERATION GOODWOOD"	"1944-07-18"	"1944-07-20"	
139	"World War II of 1939-1945"	"WORLD WAR II (EUROPEAN THEATER)"	460	"OPERATION COBRA"	"1944-07-24"	"1944-07-25"	
139	"World War II of 1939-1945"	"WORLD WAR II (EASTERN FRONT)"	508	"VISTULA RIVER, CROSSING, PHASE I"	"1944-07-29"	"1944-07-30"	
139	"World War II of 1939-1945"	"WORLD WAR II (EASTERN FRONT)"	509	"VISTULA RIVER, PULAWY, PHASE II"	"1944-08-02"	"1944-08-03"	
139	"World War II of 1939-1945"	"WORLD WAR II (EUROPEAN THEATER)"	613	"MORTAIN II"	"1944-08-07"	"1944-08-08"	
139	"World War II of 1939-1945"	"WORLD WAR II (EUROPEAN THEATER)"	612	"MORTAIN I"	"1944-08-07"	"1944-08-08"	
139	"World War II of 1939-1945"	"WORLD WAR II (EUROPEAN THEATER)"	461	"MORTAIN"	"1944-08-07"	"1944-08-08"	
139	"World War II of 1939-1945"	"WORLD WAR II (EUROPEAN THEATER)"	462	"CHARTRES"	"1944-08-16"	"1944-08-17"	
139	"World War II of 1939-1945"	"WORLD WAR II (EASTERN FRONT)"	510	"YASSY-KISHINEV OPERATION"	"1944-08-20"	"1944-08-21"	
139	"World War II of 1939-1945"	"WORLD WAR II (EUROPEAN THEATER)"	463	"MELUN"	"1944-08-23"	"1944-08-24"	
139	"World War II of 1939-1945"	"WORLD WAR II (EUROPEAN THEATER)"	464	"SEINE RIVER"	"1944-08-23"	"1944-08-24"	
139	"World War II of 1939-1945"	"WORLD WAR II (EUROPEAN THEATER)"	465	"MOSELLE-METZ"	"1944-09-06"	"1944-09-07"	
139	"World War II of 1939-1945"	"WORLD WAR II (EUROPEAN THEATER)"	466	"METZ"	"1944-09-13"	"1944-09-14"	
139	"World War II of 1939-1945"	"WORLD WAR II (ITALY 1944)"	457	"IL GIOGIO PASS"	"1944-09-13"	"1944-09-14"	
139	"World War II of 1939-1945"	"WORLD WAR II (EUROPEAN THEATER)"	467	"ARRACOURT"	"1944-09-19"	"1944-09-22"	
139	"World War II of 1939-1945"	"WORLD WAR II (EUROPEAN THEATER)"	468	"WESTWALL"	"1944-10-02"	"1944-10-07"	
139	"World War II of 1939-1945"	"WORLD WAR II"	615	"SCHMIDT II"	"1944-11-02"	"1944-11-03"	
139	"World War II of 1939-1945"	"WORLD WAR II"	616	"SCHMIDT III"	"1944-11-02"	"1944-11-03"	
139	"World War II of 1939-1945"	"WORLD WAR II"	614	"SCHMIDT I"	"1944-11-02"	"1944-11-03"	
139	"World War II of 1939-1945"	"WORLD WAR II (EUROPEAN THEATER)"	469	"SCHMIDT"	"1944-11-02"	"1944-11-03"	
139	"World War II of 1939-1945"	"WORLD WAR II (EUROPEAN THEATER)"	470	"SEILLE-NIED"	"1944-11-08"	"1944-11-09"	
139	"World War II of 1939-1945"	"WORLD WAR II (EUROPEAN THEATER)"	471	"FORET DE CHATEAU-SALINS"	"1944-11-10"	"1944-11-11"	
139	"World War II of 1939-1945"	"WORLD WAR II (EUROPEAN THEATER)"	472	"MORHANGE"	"1944-11-13"	"1944-11-14"	
139	"World War II of 1939-1945"	"WORLD WAR II (EUROPEAN THEATER)"	473	"MORHANGE-FAULQUEMONT"	"1944-11-13"	"1944-11-14"	
139	"World War II of 1939-1945"	"WORLD WAR II (EUROPEAN THEATER)"	474	"BOURGALTROFF"	"1944-11-14"	"1944-11-15"	
139	"World War II of 1939-1945"	"WORLD WAR II (EUROPEAN THEATER)"	475	"SARRE-ST. AVOLD"	"1944-11-20"	"1944-11-21"	
139	"World War II of 1939-1945"	"WORLD WAR II (EUROPEAN THEATER)"	476	"BAERENDORF I"	"1944-11-24"	"1944-11-25"	
139	"World War II of 1939-1945"	"WORLD WAR II (EUROPEAN THEATER)"	477	"BAERENDORF II"	"1944-11-26"	"1944-11-26"	
139	"World War II of 1939-1945"	"WORLD WAR II (EUROPEAN THEATER)"	478	"BURBACH-DURSTEL"	"1944-11-27"	"1944-11-28"	
139	"World War II of 1939-1945"	"WORLD WAR II (EUROPEAN THEATER)"	479	"DURSTEL-FAERBERSVILLER"	"1944-11-28"	"1944-11-29"	
139	"World War II of 1939-1945"	"WORLD WAR II (EUROPEAN THEATER)"	480	"SARRE-UNION"	"1944-12-01"	"1944-12-02"	
139	"World War II of 1939-1945"	"WORLD WAR II (EUROPEAN THEATER)"	481	"SARRE-SINGLING"	"1944-12-06"	"1944-12-07"	
139	"World War II of 1939-1945"	"WORLD WAR II (EUROPEAN THEATER)"	482	"SINGLING-BINING"	"1944-12-06"	"1944-12-06"	
139	"World War II of 1939-1945"	"WORLD WAR II"	617	"WAHLERSCHEID"	"1944-12-13"	"1944-12-14"	
139	"World War II of 1939-1945"	"WORLD WAR II (EUROPEAN THEATER)"	483	"SAUER RIVER"	"1944-12-16"	"1944-12-17"	
139	"World War II of 1939-1945"	"WORLD WAR II (EUROPEAN THEATER)"	621	"SCHNEE EIFEL SOUTH"	"1944-12-16"	"1944-12-17"	
139	"World War II of 1939-1945"	"WORLD WAR II (EUROPEAN THEATER)"	623	"SCHNEE EIFEL NORTH II"	"1944-12-16"	"1944-12-17"	
139	"World War II of 1939-1945"	"WORLD WAR II (EUROPEAN THEATER)"	622	"SCHNEE EIFEL NORTH I"	"1944-12-16"	"1944-12-17"	
139	"World War II of 1939-1945"	"WORLD WAR II (EUROPEAN THEATER)"	625	"OUR RIVER NORTH"	"1944-12-16"	"1944-12-17"	
139	"World War II of 1939-1945"	"WORLD WAR II (EUROPEAN THEATER)"	624	"OUR RIVER CENTER"	"1944-12-16"	"1944-12-17"	
139	"World War II of 1939-1945"	"WORLD WAR II (EUROPEAN THEATER)"	620	"SCHNEE EIFEL CENTER"	"1944-12-16"	"1944-12-17"	
139	"World War II of 1939-1945"	"WORLD WAR II (EUROPEAN THEATER)"	619	"KRINKELT-ROCHERATH II"	"1944-12-17"	"1944-12-18"	
139	"World War II of 1939-1945"	"WORLD WAR II (EUROPEAN THEATER)"	484	"ST. VITH"	"1944-12-17"	"1944-12-18"	
139	"World War II of 1939-1945"	"WORLD WAR II (EUROPEAN THEATER)"	618	"KRINKELT-ROCHERATH I"	"1944-12-17"	"1944-12-18"	
139	"World War II of 1939-1945"	"WORLD WAR II (EUROPEAN THEATER)"	485	"BASTOGNE"	"1944-12-18"	"1944-12-19"	
139	"World War II of 1939-1945"	"WORLD WAR II (EASTERN FRONT)"	511	"VISTULA-ODER"	"1945-01-12"	"1945-01-13"	
139	"World War II of 1939-1945"	"WORLD WAR II (EASTERN FRONT)"	512	"EAST PRUSSIA"	"1945-01-13"	"1945-01-14"	
139	"World War II of 1939-1945"	"WORLD WAR II (EASTERN FRONT)"	513	"CIECHANOW (PHASE I)"	"1945-01-14"	"1945-01-15"	
139	"World War II of 1939-1945"	"WORLD WAR II (EASTERN FRONT)"	514	"CIECHANOW (PHASE II)"	"1945-01-15"	"1945-01-16"	
139	"World War II of 1939-1945"	"WORLD WAR II (PACIFIC, 1943-1945)"	519	"IWO JIMA - SURIBACHI"	"1945-02-20"	"1945-02-21"	
139	"World War II of 1939-1945"	"WORLD WAR II (PACIFIC, 1943-1945)"	518	"IWO JIMA - INTO THE MAIN DEFENSES"	"1945-02-20"	"1945-02-21"	
139	"World War II of 1939-1945"	"WORLD WAR II (PACIFIC, 1943-1945)"	520	"IWO JIMA - FINAL PHASE"	"1945-03-11"	"1945-03-12"	
139	"World War II of 1939-1945"	"WORLD WAR II (OKINAWA)"	521	"ADVANCE FROM THE BEACHHEAD"	"1945-04-02"	"1945-04-03"	
139	"World War II of 1939-1945"	"WORLD WAR II (OKINAWA)"	538	"ADVANCE FROM THE BEACH"	"1945-04-02"	"1945-04-03"	
139	"World War II of 1939-1945"	"WORLD WAR II (OKINAWA)"	539	"ADVANCE TO SHURI LINE OUTPOSTS"	"1945-04-05"	"1945-04-06"	
139	"World War II of 1939-1945"	"WORLD WAR II (OKINAWA)"	522	"ADVANCE THROUGH THE OUTPOSTS"	"1945-04-05"	"1945-04-06"	
139	"World War II of 1939-1945"	"WORLD WAR II (OKINAWA)"	523	"TOMB HILL-OUKI"	"1945-04-09"	"1945-04-10"	
139	"World War II of 1939-1945"	"WORLD WAR II (OKINAWA)"	540	"KAKAZU AND TOMBSTONE RIDGES"	"1945-04-09"	"1945-04-10"	
139	"World War II of 1939-1945"	"WORLD WAR II (EASTERN FRONT)"	515	"SEELOW HEIGHTS"	"1945-04-16"	"1945-04-17"	
139	"World War II of 1939-1945"	"WORLD WAR II (OKINAWA)"	541	"NISHIBARU RIDGE-TANABARU ESCARPMENT"	"1945-04-19"	"1945-04-20"	
139	"World War II of 1939-1945"	"WORLD WAR II (OKINAWA)"	524	"SKYLINE RIDGE-ROCKY CRAGS"	"1945-04-19"	"1945-04-20"	
139	"World War II of 1939-1945"	"WORLD WAR II (OKINAWA)"	525	"KOCHI RIDGE-ONAGA I"	"1945-04-25"	"1945-04-26"	
139	"World War II of 1939-1945"	"WORLD WAR II (OKINAWA)"	542	"MAEDA ESCARPMENT"	"1945-04-26"	"1945-04-27"	
139	"World War II of 1939-1945"	"WORLD WAR II (OKINAWA)"	526	"KOCHI RIDGE-ONAGA II"	"1945-04-28"	"1945-04-29"	
139	"World War II of 1939-1945"	"WORLD WAR II (OKINAWA)"	527	"KOCHI RIDGE-ONAGA III"	"1945-04-30"	"1945-05-01"	
139	"World War II of 1939-1945"	"WORLD WAR II (OKINAWA)"	528	"JAPANESE COUNTERATTACK"	"1945-05-04"	"1945-05-05"	
139	"World War II of 1939-1945"	"WORLD WAR II (OKINAWA)"	529	"KOCHI RIDGE IV"	"1945-05-06"	"1945-05-07"	
139	"World War II of 1939-1945"	"WORLD WAR II (OKINAWA)"	543	"ATTACK ON SHURI LINE'S EASTERN FLANK I"	"1945-05-11"	"1945-05-12"	
139	"World War II of 1939-1945"	"WORLD WAR II (OKINAWA)"	544	"ATTACK ON SHURI LINE'S EASTERN FLANK II"	"1945-05-14"	"1945-05-15"	
139	"World War II of 1939-1945"	"WORLD WAR II (OKINAWA)"	545	"ATTACK ON SHURI LINE'S EASTERN FLANK III"	"1945-05-20"	"1945-05-21"	
139	"World War II of 1939-1945"	"WORLD WAR II (OKINAWA)"	530	"SHURI ENVELOPMENT (PHASE I)"	"1945-05-22"	"1945-05-23"	
139	"World War II of 1939-1945"	"WORLD WAR II (OKINAWA)"	531	"JAPANESE COUNTERATTACKS"	"1945-05-24"	"1945-05-25"	
139	"World War II of 1939-1945"	"WORLD WAR II (OKINAWA)"	532	"SHURI ENVELOPMENT (PHASE II)"	"1945-05-26"	"1945-05-27"	
139	"World War II of 1939-1945"	"WORLD WAR II (OKINAWA)"	533	"SHURI ENVELOPMENT (PHASE III)"	"1945-05-29"	"1945-05-30"	
139	"World War II of 1939-1945"	"WORLD WAR II (OKINAWA)"	546	"ADVANCE TO YUZA-DAKE/YAEJU-DAKE ESCARPMENT"	"1945-06-06"	"1945-06-07"	
139	"World War II of 1939-1945"	"WORLD WAR II (OKINAWA)"	534	"HILL 95-I"	"1945-06-06"	"1945-06-07"	
139	"World War II of 1939-1945"	"WORLD WAR II (OKINAWA)"	535	"HILL 95-II"	"1945-06-09"	"1945-06-10"	
139	"World War II of 1939-1945"	"WORLD WAR II (OKINAWA)"	547	"ATTACK ON YUZA-DAKE/YAEJU-DAKE ESCARPMENT"	"1945-06-10"	"1945-06-11"	
139	"World War II of 1939-1945"	"WORLD WAR II (OKINAWA)"	548	"CAPTURE OF YUZA-DAKE/YAEJU-DAKE ESCARPMENT"	"1945-06-12"	"1945-06-13"	
139	"World War II of 1939-1945"	"WORLD WAR II (OKINAWA)"	536	"YAEJU-DAKE"	"1945-06-12"	"1945-06-13"	
139	"World War II of 1939-1945"	"WORLD WAR II (OKINAWA)"	537	"HILLS 153 AND 115"	"1945-06-15"	"1945-06-16"	
139	"World War II of 1939-1945"	"WORLD WAR II (EASTERN FRONT)"	516	"MUTANKIANG"	"1945-08-09"	"1945-08-10"	
148	"Arab-Israeli War of 1948-1949"	"ARAB-ISRAELI"	655	"JERUSALEM (JEBUSSI)"	"1948-04-21"	"1948-04-22"	"falls outside of date-range"
148	"Arab-Israeli War of 1948-1949"	"ARAB-ISRAELI"	646	"ACRE"	"1948-05-13"	"1948-05-14"	"falls outside of date-range"
148	"Arab-Israeli War of 1948-1949"	"ARAB-ISRAELI"	638	"MISHMAR HAYARDEN 1"	"1948-06-06"	"1948-06-07"	
148	"Arab-Israeli War of 1948-1949"	"ARAB-ISRAELI"	639	"MISHMAR HAYARDEN 2"	"1948-07-09"	"1948-07-10"	
148	"Arab-Israeli War of 1948-1949"	"ARAB-ISRAELI"	656	"JERUSALEM CORRIDOR"	"1948-07-09"	"1948-07-10"	
148	"Arab-Israeli War of 1948-1949"	"ARAB-ISRAELI"	647	"DEATH TO INVADER"	"1948-07-14"	"1948-07-15"	
148	"Arab-Israeli War of 1948-1949"	"ARAB-ISRAELI"	640	"HIRAM"	"1948-10-28"	"1948-10-29"	
148	"Arab-Israeli War of 1948-1949"	"ARAB-ISRAELI"	648	"EL AUJA (AYIN)"	"1948-12-25"	"1948-12-26"	"outside date-range"
148	"Arab-Israeli War of 1948-1949"	"ARAB-ISRAELI"	649	"AGEILA-RAFAH (AYIN)"	"1948-12-28"	"1948-12-29"	"outside date-range"
151	"Korean War of 1950-1953"	"KOREAN WAR"	626	"PUSAN PERIMETER"	"1950-09-16"	"1950-09-17"	
151	"Korean War of 1950-1953"	"KOREAN WAR"	627	"PUSAN BREAKOUT"	"1950-09-18"	"1950-09-19"	
151	"Korean War of 1950-1953"	"KOREAN WAR"	628	"NAM RIVER"	"1950-09-22"	"1950-09-23"	
151	"Korean War of 1950-1953"	"KOREAN WAR"	629	"KUNSON"	"1950-09-25"	"1950-09-26"	
151	"Korean War of 1950-1953"	"KOREAN WAR"	630	"BUTTE LINE"	"1951-02-07"	"1951-02-08"	
151	"Korean War of 1950-1953"	"KOREAN WAR"	631	"HAN RIVER"	"1951-03-07"	"1951-03-08"	
151	"Korean War of 1950-1953"	"KOREAN WAR"	632	"CHAN RIVER"	"1951-04-03"	"1951-04-04"	
151	"Korean War of 1950-1953"	"KOREAN WAR"	633	"PIERCE LINE"	"1951-04-20"	"1951-04-21"	
151	"Korean War of 1950-1953"	"KOREAN WAR"	634	"KANSAS LINE"	"1951-04-23"	"1951-04-24"	
151	"Korean War of 1950-1953"	"KOREAN WAR"	635	"IRON TRIANGLE"	"1951-06-01"	"1951-06-02"	
151	"Korean War of 1950-1953"	"KOREAN WAR"	636	"BAYONETTE LINE"	"1951-06-03"	"1951-06-04"	
155	"Sinai War of 1956"	"ARAB-ISRAELI"	650	"ABU AGELIA-UM KATEF"	"1956-10-30"	"1956-10-31"	
155	"Sinai War of 1956"	"ARAB-ISRAELI"	652	"RAFAH-EL ARISH"	"1956-11-01"	"1956-11-02"	
155	"Sinai War of 1956"	"ARAB-ISRAELI"	651	"BIR RUD SALIM"	"1956-11-01"	"1956-11-02"	
155	"Sinai War of 1956"	"ARAB-ISRAELI"	653	"GAZA-KHAN YUNIS"	"1956-11-02"	"1956-11-03"	
169	"Six Day War of 1967"	"ARAB-ISRAELI WAR"	550	"JERUSALEM"	"1967-06-05"	"1967-06-07"	
169	"Six Day War of 1967"	"ARAB-ISRAELI WAR"	556	"ABU AGEILA-UM KATEF"	"1967-06-05"	"1967-06-05"	
169	"Six Day War of 1967"	"ARAB-ISRAELI WAR"	557	"EL ARISH"	"1967-06-05"	"1967-06-05"	
169	"Six Day War of 1967"	"ARAB-ISRAELI WAR"	555	"BIR LAHFAN"	"1967-06-05"	"1967-06-05"	
169	"Six Day War of 1967"	"ARAB-ISRAELI WAR"	554	"RAFAH"	"1967-06-05"	"1967-06-05"	
169	"Six Day War of 1967"	"ARAB-ISRAELI WAR"	559	"GAZA STRIP"	"1967-06-05"	"1967-06-07"	
169	"Six Day War of 1967"	"ARAB-ISRAELI WAR"	549	"JENIN"	"1967-06-05"	"1967-06-06"	
169	"Six Day War of 1967"	"ARAB-ISRAELI WAR"	558	"JEBEL LIBNI"	"1967-06-06"	"1967-06-06"	
169	"Six Day War of 1967"	"ARAB-ISRAELI WAR"	552	"TILFIT-ZABABIDA"	"1967-06-06"	"1967-06-07"	
169	"Six Day War of 1967"	"ARAB-ISRAELI WAR"	551	"KABATIYA"	"1967-06-06"	"1967-06-07"	
169	"Six Day War of 1967"	"ARAB-ISRAELI WAR"	560	"BIR HASSNA-BIR THAMADA"	"1967-06-07"	"1967-06-07"	
169	"Six Day War of 1967"	"ARAB-ISRAELI WAR"	562	"BIR HAMMA-BIR GIFGAFA"	"1967-06-07"	"1967-06-07"	
169	"Six Day War of 1967"	"ARAB-ISRAELI WAR"	561	"MITLA PASS"	"1967-06-07"	"1967-06-07"	
169	"Six Day War of 1967"	"ARAB-ISRAELI WAR"	553	"NABLUS"	"1967-06-07"	"1967-06-07"	
169	"Six Day War of 1967"	"ARAB-ISRAELI WAR"	563	"NAKHL"	"1967-06-08"	"1967-06-08"	
169	"Six Day War of 1967"	"ARAB-ISRAELI WAR"	564	"BIR GIFGAFA"	"1967-06-08"	"1967-06-08"	
169	"Six Day War of 1967"	"ARAB-ISRAELI WAR"	566	"RAWIYEH"	"1967-06-09"	"1967-06-09"	
169	"Six Day War of 1967"	"ARAB-ISRAELI WAR"	565	"TEL FAHAR-BANIAS"	"1967-06-09"	"1967-06-09"	
169	"Six Day War of 1967"	"ARAB-ISRAELI WAR"	567	"ZAOURA-KALA"	"1967-06-09"	"1967-06-09"	
169	"Six Day War of 1967"	"ARAB-ISRAELI WAR"	643	"KUNEITRA"	"1967-06-10"	"1967-06-11"	
169	"Six Day War of 1967"	"ARAB-ISRAELI WAR"	641	"BANIAS-MASAADA"	"1967-06-10"	"1967-06-11"	
169	"Six Day War of 1967"	"ARAB-ISRAELI WAR"	642	"BOUTMIYA"	"1967-06-10"	"1967-06-11"	
		"ARAB-ISRAELI WAR"	568	"KERAMA"	"1968-03-21"	"1968-03-21"	
21	"Vietnam War Phase 1 of 1960-1965"	"VIET NAM"	654	"QUANG TRI"	"1972-03-30"	"1972-03-31"	
181	"Yom Kippur War of 1973"	"ARAB-ISRAELI WAR"	587	"RAFID"	"1973-10-06"	"1973-10-06"	
181	"Yom Kippur War of 1973"	"ARAB-ISRAELI WAR"	586	"AHMADIYEH"	"1973-10-06"	"1973-10-07"	
181	"Yom Kippur War of 1973"	"ARAB-ISRAELI WAR"	569	"SUEZ CANAL ASSAULT"	" NORTH"	"1973-10-06"	"1973-10-06"
181	"Yom Kippur War of 1973"	"ARAB-ISRAELI WAR"	585	"KUNEITRA"	"1973-10-06"	"1973-10-07"	
181	"Yom Kippur War of 1973"	"ARAB-ISRAELI WAR"	570	"SUEZ CANAL ASSAULT"	" SOUTH"	"1973-10-06"	"1973-10-06"
181	"Yom Kippur War of 1973"	"ARAB-ISRAELI WAR"	571	"SECOND ARMY BUILDUP"	"1973-10-07"	"1973-10-07"	
181	"Yom Kippur War of 1973"	"ARAB-ISRAELI WAR"	572	"THIRD ARMY BUILDUP"	"1973-10-07"	"1973-10-07"	
181	"Yom Kippur War of 1973"	"ARAB-ISRAELI WAR"	589	"NAFEKH"	"1973-10-07"	"1973-10-08"	
181	"Yom Kippur War of 1973"	"ARAB-ISRAELI WAR"	588	"YEHUDA-EL AL"	"1973-10-07"	"1973-10-08"	
181	"Yom Kippur War of 1973"	"ARAB-ISRAELI WAR"	592	"MOUNT HERMONIT"	"1973-10-08"	"1973-10-09"	
181	"Yom Kippur War of 1973"	"ARAB-ISRAELI WAR"	590	"TEL FARRIS"	"1973-10-08"	"1973-10-09"	
181	"Yom Kippur War of 1973"	"ARAB-ISRAELI WAR"	591	"HUSHNIYAH"	"1973-10-08"	"1973-10-10"	
181	"Yom Kippur War of 1973"	"ARAB-ISRAELI WAR"	573	"KANTARA-FIRDAN"	"1973-10-08"	"1973-10-08"	
181	"Yom Kippur War of 1973"	"ARAB-ISRAELI WAR"	593	"MOUNT HERMON I"	"1973-10-08"	"1973-10-09"	
181	"Yom Kippur War of 1973"	"ARAB-ISRAELI WAR"	595	"TEL SHAAR"	"1973-10-11"	"1973-10-12"	
181	"Yom Kippur War of 1973"	"ARAB-ISRAELI WAR"	594	"TEL SHAMS"	"1973-10-11"	"1973-10-13"	
181	"Yom Kippur War of 1973"	"ARAB-ISRAELI WAR"	596	"TEL EL HARA"	"1973-10-13"	"1973-10-13"	
181	"Yom Kippur War of 1973"	"ARAB-ISRAELI WAR"	575	"EGYPTIAN OFFENSIVE"	" SOUTH"	"1973-10-14"	"1973-10-14"
181	"Yom Kippur War of 1973"	"ARAB-ISRAELI WAR"	574	"EGYPTIAN OFFENSIVE"	" NORTH"	"1973-10-14"	"1973-10-14"
181	"Yom Kippur War of 1973"	"ARAB-ISRAELI WAR"	597	"KFAR SHAMS-TEL ANTAR"	"1973-10-15"	"1973-10-15"	
181	"Yom Kippur War of 1973"	"ARAB-ISRAELI WAR"	576	"DEVERSOIR (CHINESE FARM I)"	"1973-10-15"	"1973-10-15"	
181	"Yom Kippur War of 1973"	"ARAB-ISRAELI WAR"	577	"DEVERSOIR (CHINESE FARM II)"	"1973-10-16"	"1973-10-17"	
181	"Yom Kippur War of 1973"	"ARAB-ISRAELI WAR"	598	"NABA"	"1973-10-16"	"1973-10-16"	
181	"Yom Kippur War of 1973"	"ARAB-ISRAELI WAR"	578	"DEVERSOIR WEST"	"1973-10-18"	"1973-10-18"	
181	"Yom Kippur War of 1973"	"ARAB-ISRAELI WAR"	579	"ISMAILIA"	"1973-10-19"	"1973-10-22"	
181	"Yom Kippur War of 1973"	"ARAB-ISRAELI WAR"	599	"ARAB COUNTEROFFENSIVE"	"1973-10-19"	"1973-10-19"	
181	"Yom Kippur War of 1973"	"ARAB-ISRAELI WAR"	580	"JEBEL GENEIFA"	"1973-10-19"	"1973-10-21"	
181	"Yom Kippur War of 1973"	"ARAB-ISRAELI WAR"	600	"MOUNT HERMON II"	"1973-10-21"	"1973-10-21"	
181	"Yom Kippur War of 1973"	"ARAB-ISRAELI WAR"	581	"SHALLUFA I"	"1973-10-22"	"1973-10-22"	
181	"Yom Kippur War of 1973"	"ARAB-ISRAELI WAR"	601	"MOUNT HERMON III"	"1973-10-22"	"1973-10-23"	
181	"Yom Kippur War of 1973"	"ARAB-ISRAELI WAR"	582	"SHALLUFA II"	"1973-10-23"	"1973-10-24"	
181	"Yom Kippur War of 1973"	"ARAB-ISRAELI WAR"	584	"ADABIYA"	"1973-10-23"	"1973-10-24"	
181	"Yom Kippur War of 1973"	"ARAB-ISRAELI WAR"	583	"SUEZ"	"1973-10-23"	"1973-10-24"	
205	"War over Lebanon of 1982"	"ISRAEL-LEBANON, 1982"	645	"BEKKA VALLEY"	"1982-06-08"	"1982-06-09"	
